id,gender,stage,year,campus,faculty,program,gpa,total_friends,inside_friends
1,1,ba,1,nn,economics,economics,8.9,167,53
2,2,ba,1,nn,economics,economics,8.8,148,53
3,2,ba,1,nn,economics,economics,8.9,184,111
4,2,ba,1,nn,economics,economics,8.6,123,26
5,1,ba,1,nn,economics,economics,8.6,208,119
6,2,ba,1,nn,economics,economics,8.4,128,25
7,2,ba,1,nn,economics,economics,8.6,347,66
8,1,ba,1,nn,economics,economics,8.6,17,0
9,1,ba,1,nn,economics,economics,8.6,278,102
10,1,ba,1,nn,economics,economics,8.2,149,62
11,1,ba,1,nn,economics,economics,8.2,101,22
12,1,ba,1,nn,economics,economics,8.4,131,36
13,1,ba,1,nn,economics,economics,8.5,474,62
14,1,ba,1,nn,economics,economics,8.2,278,80
15,1,ba,1,nn,economics,economics,8.2,298,58
16,1,ba,1,nn,economics,economics,8.1,187,41
17,2,ba,1,nn,economics,economics,7.9,95,54
18,1,ba,1,nn,economics,economics,8,25,11
19,1,ba,1,nn,economics,economics,8.4,815,129
20,1,ba,1,nn,economics,economics,8.2,204,40
21,0,ba,1,nn,economics,economics,8.5,0,0
22,1,ba,1,nn,economics,economics,8,154,20
23,1,ba,1,nn,economics,economics,8.1,142,50
24,1,ba,1,nn,economics,economics,8.1,94,43
25,2,ba,1,nn,economics,economics,7.9,107,50
26,1,ba,1,nn,economics,economics,7.9,207,35
27,2,ba,1,nn,economics,economics,8.2,356,46
28,1,ba,1,nn,economics,economics,8.1,180,52
29,1,ba,1,nn,economics,economics,8.1,518,83
30,1,ba,1,nn,economics,economics,8.1,274,48
31,1,ba,1,nn,economics,economics,8,346,46
32,1,ba,1,nn,economics,economics,8,87,28
33,1,ba,1,nn,economics,economics,8,346,59
34,1,ba,1,nn,economics,economics,8,221,59
35,1,ba,1,nn,economics,economics,8.1,207,41
36,2,ba,1,nn,economics,economics,8,218,46
37,1,ba,1,nn,economics,economics,7.9,160,41
38,2,ba,1,nn,economics,economics,7.8,228,59
39,1,ba,1,nn,economics,economics,7.8,189,64
40,1,ba,1,nn,economics,economics,7.8,726,125
41,2,ba,1,nn,economics,economics,8,49,21
42,1,ba,1,nn,economics,economics,7.9,245,83
43,1,ba,1,nn,economics,economics,7.6,76,26
44,1,ba,1,nn,economics,economics,7.9,297,105
45,1,ba,1,nn,economics,economics,7.9,135,30
46,1,ba,1,nn,economics,economics,7.8,185,59
47,1,ba,1,nn,economics,economics,7.6,78,32
48,1,ba,1,nn,economics,economics,7.6,212,63
49,1,ba,1,nn,economics,economics,7.5,265,27
50,1,ba,1,nn,economics,economics,7.5,703,62
51,2,ba,1,nn,economics,economics,8,102,44
52,1,ba,1,nn,economics,economics,7.6,147,33
53,1,ba,1,nn,economics,economics,7.6,143,25
54,1,ba,1,nn,economics,economics,8.1,120,59
55,1,ba,1,nn,economics,economics,7.9,302,66
56,1,ba,1,nn,economics,economics,7.6,174,26
57,1,ba,1,nn,economics,economics,7.8,211,17
58,1,ba,1,nn,economics,economics,7.6,386,58
59,1,ba,1,nn,economics,economics,7.5,103,28
60,1,ba,1,nn,economics,economics,7.5,78,33
61,1,ba,1,nn,economics,economics,7.5,146,48
62,1,ba,1,nn,economics,economics,7.4,230,57
63,0,ba,1,nn,economics,economics,7.8,0,0
64,1,ba,1,nn,economics,economics,7.5,0,0
65,0,ba,1,nn,economics,economics,7.2,0,0
66,1,ba,1,nn,economics,economics,7.8,227,63
67,1,ba,1,nn,economics,economics,7.1,159,33
68,1,ba,1,nn,economics,economics,7,915,41
69,1,ba,1,nn,economics,economics,7.6,69,23
70,1,ba,1,nn,economics,economics,7.4,94,30
71,2,ba,1,nn,economics,economics,7.5,191,24
72,2,ba,1,nn,economics,economics,7.4,187,65
73,1,ba,1,nn,economics,economics,7.2,129,27
74,1,ba,1,nn,economics,economics,7.1,124,27
75,1,ba,1,nn,economics,economics,7,73,25
76,0,ba,1,nn,economics,economics,7.1,0,0
77,1,ba,1,nn,economics,economics,7.5,78,29
78,1,ba,1,nn,economics,economics,7.2,627,72
79,1,ba,1,nn,economics,economics,7.5,182,28
80,2,ba,1,nn,economics,economics,7.4,246,77
81,2,ba,1,nn,economics,economics,7.2,223,31
82,1,ba,1,nn,economics,economics,7.2,140,53
83,1,ba,1,nn,economics,economics,6.8,140,48
84,2,ba,1,nn,economics,economics,7.2,118,29
85,2,ba,1,nn,economics,economics,7.4,72,34
86,1,ba,1,nn,economics,economics,7.1,317,56
87,1,ba,1,nn,economics,economics,6.9,13,7
88,1,ba,1,nn,economics,economics,6.9,153,71
89,1,ba,1,nn,economics,economics,7,219,57
90,1,ba,1,nn,economics,economics,6.9,53,24
91,2,ba,1,nn,economics,economics,6.8,156,24
92,2,ba,1,nn,economics,economics,6.9,109,14
93,2,ba,1,nn,economics,economics,6.5,185,96
94,1,ba,1,nn,economics,economics,6.5,61,50
95,2,ba,1,nn,economics,economics,5.6,94,21
96,1,ba,1,nn,economics,economics,6.5,67,13
97,1,ba,1,nn,math_and_cs,inf,8.8,180,38
98,2,ba,1,nn,math_and_cs,inf,8.5,45,14
99,1,ba,1,nn,math_and_cs,inf,8.5,199,41
100,0,ba,1,nn,math_and_cs,inf,8.5,0,0
101,0,ba,1,nn,math_and_cs,inf,8.3,0,0
102,1,ba,1,nn,math_and_cs,inf,8.4,348,51
103,0,ba,1,nn,math_and_cs,inf,8.2,0,0
104,2,ba,1,nn,math_and_cs,inf,8.1,167,93
105,2,ba,1,nn,math_and_cs,inf,8,342,96
106,2,ba,1,nn,math_and_cs,inf,8.1,135,47
107,1,ba,1,nn,math_and_cs,inf,8,505,31
108,0,ba,1,nn,math_and_cs,inf,8.1,0,0
109,0,ba,1,nn,math_and_cs,inf,8.1,0,0
110,2,ba,1,nn,math_and_cs,inf,8,19,7
111,2,ba,1,nn,math_and_cs,inf,8.1,55,24
112,1,ba,1,nn,math_and_cs,inf,8,369,51
113,1,ba,1,nn,math_and_cs,inf,7.9,120,39
114,1,ba,1,nn,math_and_cs,inf,7.8,267,42
115,1,ba,1,nn,math_and_cs,inf,7.9,236,28
116,1,ba,1,nn,math_and_cs,inf,7.9,286,53
117,1,ba,1,nn,math_and_cs,inf,7.8,956,17
118,2,ba,1,nn,math_and_cs,inf,7.8,61,26
119,1,ba,1,nn,math_and_cs,inf,7.9,110,28
120,2,ba,1,nn,math_and_cs,inf,7.6,65,18
121,2,ba,1,nn,math_and_cs,inf,7.8,66,31
122,2,ba,1,nn,math_and_cs,inf,7.8,148,78
123,2,ba,1,nn,math_and_cs,inf,7.6,134,51
124,1,ba,1,nn,math_and_cs,inf,7.6,147,20
125,2,ba,1,nn,math_and_cs,inf,7.6,90,16
126,2,ba,1,nn,math_and_cs,inf,7.6,134,0
127,2,ba,1,nn,math_and_cs,inf,7.2,185,70
128,1,ba,1,nn,math_and_cs,inf,7.5,0,0
129,1,ba,1,nn,math_and_cs,inf,7.5,214,81
130,2,ba,1,nn,math_and_cs,inf,7.2,540,43
131,2,ba,1,nn,math_and_cs,inf,7.6,88,35
132,1,ba,1,nn,math_and_cs,inf,7.2,0,0
133,2,ba,1,nn,math_and_cs,inf,7.5,195,41
134,2,ba,1,nn,math_and_cs,inf,7.4,402,82
135,0,ba,1,nn,math_and_cs,inf,7.4,0,0
136,1,ba,1,nn,math_and_cs,inf,7.1,863,73
137,1,ba,1,nn,math_and_cs,inf,7.2,541,5
138,2,ba,1,nn,math_and_cs,inf,7.1,84,27
139,1,ba,1,nn,math_and_cs,inf,7.4,76,34
140,2,ba,1,nn,math_and_cs,inf,7.1,72,43
141,0,ba,1,nn,math_and_cs,inf,7.1,0,0
142,2,ba,1,nn,math_and_cs,inf,7.2,41,8
143,1,ba,1,nn,math_and_cs,inf,7.2,247,71
144,2,ba,1,nn,math_and_cs,inf,7.2,155,24
145,2,ba,1,nn,math_and_cs,inf,6.9,224,113
146,2,ba,1,nn,math_and_cs,inf,7.1,181,18
147,1,ba,1,nn,math_and_cs,inf,7,107,38
148,2,ba,1,nn,math_and_cs,inf,7,82,22
149,2,ba,1,nn,math_and_cs,inf,7.2,273,38
150,2,ba,1,nn,math_and_cs,inf,7.1,121,56
151,1,ba,1,nn,math_and_cs,inf,7,98,18
152,1,ba,1,nn,math_and_cs,inf,7,790,44
153,1,ba,1,nn,math_and_cs,inf,7.1,168,55
154,1,ba,1,nn,math_and_cs,inf,7,142,35
155,2,ba,1,nn,math_and_cs,inf,6.9,104,27
156,2,ba,1,nn,math_and_cs,inf,6.9,52,25
157,1,ba,1,nn,math_and_cs,inf,6.8,267,55
158,1,ba,1,nn,math_and_cs,inf,6.9,362,49
159,2,ba,1,nn,math_and_cs,inf,6.9,54,30
160,2,ba,1,nn,math_and_cs,inf,6.9,78,25
161,1,ba,1,nn,math_and_cs,inf,6.6,235,33
162,1,ba,1,nn,math_and_cs,inf,7,213,31
163,1,ba,1,nn,math_and_cs,inf,6.9,252,56
164,1,ba,1,nn,math_and_cs,inf,6.9,283,1
165,1,ba,1,nn,math_and_cs,inf,6.6,137,46
166,1,ba,1,nn,math_and_cs,inf,6.9,27,5
167,2,ba,1,nn,math_and_cs,inf,6.9,64,28
168,2,ba,1,nn,math_and_cs,inf,6.5,131,80
169,2,ba,1,nn,math_and_cs,inf,6.9,134,49
170,1,ba,1,nn,math_and_cs,inf,6.8,369,37
171,2,ba,1,nn,math_and_cs,inf,6.6,85,14
172,2,ba,1,nn,math_and_cs,inf,6.9,77,15
173,2,ba,1,nn,math_and_cs,inf,6.8,74,24
174,1,ba,1,nn,math_and_cs,inf,6.6,106,28
175,2,ba,1,nn,math_and_cs,inf,6.5,169,44
176,1,ba,1,nn,math_and_cs,inf,6.6,185,61
177,2,ba,1,nn,math_and_cs,inf,6.6,49,24
178,2,ba,1,nn,math_and_cs,inf,6.2,85,33
179,2,ba,1,nn,math_and_cs,inf,6.5,180,31
180,2,ba,1,nn,math_and_cs,inf,6.4,50,13
181,1,ba,1,nn,math_and_cs,inf,6.6,115,31
182,1,ba,1,nn,math_and_cs,inf,6.5,159,49
183,2,ba,1,nn,math_and_cs,inf,6.5,49,37
184,2,ba,1,nn,math_and_cs,inf,6.2,120,70
185,1,ba,1,nn,math_and_cs,inf,6.5,240,37
186,1,ba,1,nn,math_and_cs,inf,6.5,80,18
187,1,ba,1,nn,math_and_cs,inf,6.5,298,91
188,2,ba,1,nn,math_and_cs,inf,5.9,184,34
189,2,ba,1,nn,math_and_cs,inf,6.5,77,37
190,0,ba,1,nn,math_and_cs,inf,6.5,0,0
191,2,ba,1,nn,math_and_cs,inf,6.2,142,37
192,2,ba,1,nn,math_and_cs,inf,6.5,34,5
193,2,ba,1,nn,math_and_cs,inf,6.4,140,27
194,2,ba,1,nn,math_and_cs,inf,6.5,111,33
195,2,ba,1,nn,math_and_cs,inf,6.4,502,76
196,1,ba,1,nn,math_and_cs,inf,6.1,80,43
197,1,ba,1,nn,math_and_cs,inf,6.2,75,26
198,1,ba,1,nn,math_and_cs,inf,6,71,42
199,2,ba,1,nn,math_and_cs,inf,6.2,64,29
200,1,ba,1,nn,math_and_cs,inf,6.1,354,86
201,2,ba,1,nn,math_and_cs,inf,5.9,46,17
202,2,ba,1,nn,math_and_cs,inf,6.1,310,26
203,2,ba,1,nn,math_and_cs,inf,5.9,54,15
204,2,ba,1,nn,math_and_cs,inf,6.1,175,57
205,2,ba,1,nn,math_and_cs,inf,5.8,111,59
206,2,ba,1,nn,math_and_cs,inf,5.8,266,37
207,2,ba,1,nn,math_and_cs,inf,5.9,38,7
208,1,ba,1,nn,math_and_cs,inf,5.5,85,47
209,2,ba,1,nn,math_and_cs,inf,6,158,48
210,2,ba,1,nn,math_and_cs,inf,5.8,73,13
211,2,ba,1,nn,math_and_cs,inf,6,61,16
212,1,ba,1,nn,math_and_cs,inf,5.2,95,27
213,2,ba,1,nn,math_and_cs,inf,5.5,104,23
214,2,ba,1,nn,math_and_cs,inf,5.2,436,57
215,2,ba,1,nn,math_and_cs,inf,5.6,126,27
216,2,ba,1,nn,math_and_cs,inf,5,173,64
217,0,ba,1,nn,law,law,8.9,0,0
218,1,ba,1,nn,law,law,8.3,141,50
219,1,ba,1,nn,law,law,7.9,38,4
220,1,ba,1,nn,law,law,7.9,197,52
221,1,ba,1,nn,law,law,8.3,158,61
222,1,ba,1,nn,law,law,7.7,120,44
223,1,ba,1,nn,law,law,7.9,201,30
224,1,ba,1,nn,law,law,7.9,231,57
225,1,ba,1,nn,law,law,7.7,152,43
226,1,ba,1,nn,law,law,8,141,53
227,1,ba,1,nn,law,law,8,104,40
228,1,ba,1,nn,law,law,7.9,216,40
229,1,ba,1,nn,law,law,8,92,41
230,1,ba,1,nn,law,law,7.9,130,51
231,1,ba,1,nn,law,law,7.7,346,52
232,2,ba,1,nn,law,law,7.4,126,28
233,1,ba,1,nn,law,law,7.4,244,43
234,2,ba,1,nn,law,law,7.7,154,52
235,1,ba,1,nn,law,law,7.7,294,50
236,1,ba,1,nn,law,law,7.7,325,69
237,2,ba,1,nn,law,law,7.4,169,33
238,1,ba,1,nn,law,law,7.6,154,30
239,1,ba,1,nn,law,law,7.6,186,39
240,2,ba,1,nn,law,law,7.4,232,58
241,2,ba,1,nn,law,law,7.4,275,65
242,1,ba,1,nn,law,law,7.4,211,31
243,2,ba,1,nn,law,law,7.4,252,27
244,0,ba,1,nn,law,law,7.4,0,0
245,1,ba,1,nn,law,law,7.6,215,75
246,1,ba,1,nn,law,law,7.6,187,53
247,0,ba,1,nn,law,law,6.7,0,0
248,2,ba,1,nn,law,law,7.3,67,24
249,1,ba,1,nn,law,law,7,142,47
250,0,ba,1,nn,law,law,7.1,0,0
251,0,ba,1,nn,law,law,7.1,0,0
252,2,ba,1,nn,law,law,7.3,35,11
253,1,ba,1,nn,law,law,7.3,122,35
254,2,ba,1,nn,law,law,6.9,203,54
255,1,ba,1,nn,law,law,6.9,182,99
256,1,ba,1,nn,law,law,7.1,638,91
257,1,ba,1,nn,law,law,7,97,42
258,1,ba,1,nn,law,law,7,98,22
259,1,ba,1,nn,law,law,6.7,555,17
260,2,ba,1,nn,law,law,7,259,81
261,1,ba,1,nn,law,law,6.9,73,29
262,2,ba,1,nn,law,law,6.4,136,68
263,1,ba,1,nn,law,law,7,146,31
264,0,ba,1,nn,law,law,6.9,0,0
265,1,ba,1,nn,law,law,6.4,314,48
266,2,ba,1,nn,law,law,6.6,37,29
267,1,ba,1,nn,law,law,6.9,96,27
268,2,ba,1,nn,law,law,6.4,50,38
269,0,ba,1,nn,law,law,6.6,0,0
270,1,ba,1,nn,law,law,6.5,69,24
271,1,ba,1,nn,law,law,6.4,230,47
272,1,ba,1,nn,law,law,6.4,416,88
273,2,ba,1,nn,law,law,6.3,443,81
274,2,ba,1,nn,law,law,5.7,88,50
275,2,ba,1,nn,law,law,6.1,224,38
276,2,ba,1,nn,law,law,6,0,0
277,1,ba,1,nn,law,law,5.6,83,43
278,1,ba,1,nn,law,law,5.9,1094,27
279,2,ba,1,nn,law,law,6,0,0
280,2,ba,1,nn,law,law,5.6,205,73
281,1,ba,1,nn,humanities,ling,9.6,211,50
282,1,ba,1,nn,humanities,ling,9.2,50,17
283,1,ba,1,nn,humanities,ling,9,401,49
284,2,ba,1,nn,humanities,ling,9,36,16
285,1,ba,1,nn,humanities,ling,8.8,190,62
286,1,ba,1,nn,humanities,ling,8.8,154,23
287,2,ba,1,nn,humanities,ling,8.8,106,36
288,1,ba,1,nn,humanities,ling,7.6,478,34
289,2,ba,1,nn,humanities,ling,8.6,246,99
290,1,ba,1,nn,humanities,ling,8.6,84,30
291,1,ba,1,nn,humanities,ling,8,120,41
292,2,ba,1,nn,humanities,ling,7,144,12
293,0,ba,1,nn,humanities,ling,8.4,0,0
294,1,ba,1,nn,humanities,ling,8.2,123,28
295,1,ba,1,nn,humanities,ling,8.2,111,24
296,1,ba,1,nn,humanities,ling,7.8,285,32
297,1,ba,1,nn,humanities,ling,7.6,172,45
298,1,ba,1,nn,humanities,ling,7.8,168,30
299,2,ba,1,nn,humanities,ling,7.4,114,33
300,1,ba,1,nn,humanities,ling,7.6,208,30
301,1,ba,1,nn,humanities,ling,7.4,29,24
302,1,ba,1,nn,humanities,ling,7.2,150,32
303,1,ba,1,nn,humanities,ling,6.8,141,58
304,1,ba,1,nn,humanities,ling,7.4,76,17
305,1,ba,1,nn,humanities,ling,7,370,32
306,1,ba,1,nn,humanities,ling,6.6,100,20
307,0,ba,1,nn,humanities,ling,6.4,0,0
308,1,ba,1,nn,humanities,ling,6.2,29,18
309,2,ba,1,nn,humanities,ling,6.4,267,31
310,1,ba,1,nn,humanities,ling,5.8,90,40
311,1,ba,1,nn,humanities,ling,6,716,38
312,1,ba,1,nn,humanities,ling,6.6,99,19
313,1,ba,1,nn,humanities,ling,5.8,311,35
314,2,ba,1,nn,humanities,ling,5.8,318,32
315,1,ba,1,nn,humanities,ling,6.8,41,10
316,1,ba,1,nn,management,management,9.3,165,93
317,2,ba,1,nn,management,management,8.8,150,33
318,1,ba,1,nn,management,management,8.7,217,41
319,1,ba,1,nn,management,management,8.7,75,37
320,1,ba,1,nn,management,management,8.7,173,33
321,1,ba,1,nn,management,management,8.7,407,97
322,1,ba,1,nn,management,management,8.7,160,46
323,1,ba,1,nn,management,management,8.7,308,70
324,1,ba,1,nn,management,management,8.5,281,21
325,1,ba,1,nn,management,management,8.5,39,32
326,1,ba,1,nn,management,management,8.5,204,78
327,1,ba,1,nn,management,management,8.5,152,26
328,2,ba,1,nn,management,management,8.3,226,71
329,1,ba,1,nn,management,management,8.5,131,46
330,2,ba,1,nn,management,management,8.3,337,67
331,1,ba,1,nn,management,management,8.3,92,53
332,1,ba,1,nn,management,management,8.3,293,95
333,1,ba,1,nn,management,management,8.3,141,37
334,1,ba,1,nn,management,management,8.3,326,87
335,1,ba,1,nn,management,management,8.3,198,26
336,1,ba,1,nn,management,management,8.3,266,30
337,2,ba,1,nn,management,management,8.3,75,31
338,1,ba,1,nn,management,management,8.3,241,35
339,1,ba,1,nn,management,management,8.2,87,26
340,2,ba,1,nn,management,management,8.2,227,113
341,1,ba,1,nn,management,management,8.2,197,43
342,1,ba,1,nn,management,management,8.2,104,13
343,2,ba,1,nn,management,management,8,118,35
344,1,ba,1,nn,management,management,8.2,289,54
345,1,ba,1,nn,management,management,8.2,397,79
346,1,ba,1,nn,management,management,8,228,82
347,1,ba,1,nn,management,management,8,284,45
348,1,ba,1,nn,management,management,8,428,64
349,1,ba,1,nn,management,management,8,336,53
350,1,ba,1,nn,management,management,8,202,42
351,1,ba,1,nn,management,management,8,190,55
352,1,ba,1,nn,management,management,8,302,60
353,1,ba,1,nn,management,management,8,176,38
354,2,ba,1,nn,management,management,8,54,23
355,1,ba,1,nn,management,management,8,95,40
356,1,ba,1,nn,management,management,8,147,32
357,1,ba,1,nn,management,management,8,81,34
358,1,ba,1,nn,management,management,7.8,276,30
359,1,ba,1,nn,management,management,7.8,122,41
360,1,ba,1,nn,management,management,7.8,336,55
361,1,ba,1,nn,management,management,7.8,195,64
362,2,ba,1,nn,management,management,7.8,474,65
363,2,ba,1,nn,management,management,7.8,244,53
364,0,ba,1,nn,management,management,7.7,0,0
365,1,ba,1,nn,management,management,7.7,147,62
366,2,ba,1,nn,management,management,7.7,95,43
367,1,ba,1,nn,management,management,7.8,250,64
368,1,ba,1,nn,management,management,7.7,61,28
369,0,ba,1,nn,management,management,7.7,0,0
370,2,ba,1,nn,management,management,7.5,31,19
371,2,ba,1,nn,management,management,7.7,38,27
372,1,ba,1,nn,management,management,7.7,294,69
373,1,ba,1,nn,management,management,7.5,88,34
374,1,ba,1,nn,management,management,7.5,42,24
375,1,ba,1,nn,management,management,7.5,108,23
376,1,ba,1,nn,management,management,7.5,92,52
377,1,ba,1,nn,management,management,7.5,155,77
378,2,ba,1,nn,management,management,7.3,84,32
379,2,ba,1,nn,management,management,7.3,110,30
380,1,ba,1,nn,management,management,7.3,129,37
381,1,ba,1,nn,management,management,7.3,74,26
382,2,ba,1,nn,management,management,7.3,134,54
383,2,ba,1,nn,management,management,7.2,132,24
384,0,ba,1,nn,management,management,7.2,0,0
385,0,ba,1,nn,management,management,7.3,0,0
386,1,ba,1,nn,management,management,7.2,188,59
387,2,ba,1,nn,management,management,6.8,196,85
388,2,ba,1,nn,management,management,7.2,977,93
389,1,ba,1,nn,management,management,7.2,81,27
390,2,ba,1,nn,management,management,7.2,165,50
391,2,ba,1,nn,management,management,7,201,30
392,2,ba,1,nn,management,management,7,357,209
393,2,ba,1,nn,management,management,7,84,22
394,0,ba,1,nn,management,management,6.8,0,0
395,2,ba,1,nn,management,management,6.8,72,28
396,2,ba,1,nn,management,management,6.8,107,32
397,0,ba,1,nn,management,management,6.8,0,0
398,1,ba,1,nn,management,management,6.8,158,50
399,2,ba,1,nn,management,management,6.8,173,67
400,1,ba,1,nn,management,management,6.8,131,35
401,2,ba,1,nn,management,management,6.8,206,12
402,2,ba,1,nn,management,management,6.7,42,15
403,1,ba,1,nn,management,management,6.7,309,50
404,1,ba,1,nn,management,management,6.2,265,66
405,0,ba,1,nn,management,management,6.5,0,0
406,2,ba,1,nn,management,management,6.5,212,68
407,0,ba,1,nn,management,management,6.2,0,0
408,2,ba,1,nn,management,management,5.8,93,47
409,2,ba,1,nn,management,management,5.2,372,27
410,1,ba,1,nn,humanities,philology,9.4,160,37
411,1,ba,1,nn,humanities,philology,9.2,106,41
412,1,ba,1,nn,humanities,philology,8.4,202,46
413,1,ba,1,nn,humanities,philology,9.2,69,27
414,2,ba,1,nn,humanities,philology,9,166,39
415,1,ba,1,nn,humanities,philology,9,636,50
416,1,ba,1,nn,humanities,philology,9,123,32
417,1,ba,1,nn,humanities,philology,8.8,134,36
418,1,ba,1,nn,humanities,philology,8.6,174,24
419,1,ba,1,nn,humanities,philology,8.6,145,31
420,1,ba,1,nn,humanities,philology,8.6,214,36
421,1,ba,1,nn,humanities,philology,8.6,0,0
422,1,ba,1,nn,humanities,philology,8.6,189,53
423,1,ba,1,nn,humanities,philology,8.4,165,40
424,1,ba,1,nn,humanities,philology,8.6,27,15
425,2,ba,1,nn,humanities,philology,8.6,99,27
426,1,ba,1,nn,humanities,philology,8.6,650,50
427,1,ba,1,nn,humanities,philology,8.4,118,44
428,1,ba,1,nn,humanities,philology,8.4,209,52
429,1,ba,1,nn,humanities,philology,8.4,205,50
430,1,ba,1,nn,humanities,philology,8.4,201,31
431,1,ba,1,nn,humanities,philology,8.4,64,15
432,1,ba,1,nn,humanities,philology,8.2,157,41
433,1,ba,1,nn,humanities,philology,8,175,27
434,1,ba,1,nn,humanities,philology,8,205,23
435,1,ba,1,nn,humanities,philology,7.8,143,20
436,0,ba,1,nn,humanities,philology,7.8,0,0
437,1,ba,1,nn,humanities,philology,7.6,278,51
438,0,ba,1,nn,humanities,philology,7.6,0,0
439,1,ba,1,nn,humanities,philology,7.4,917,32
440,1,ba,1,nn,humanities,philology,7.2,164,10
441,0,ba,1,nn,humanities,philology,6.4,0,0
442,1,ba,2,nn,economics,economics,9.3,475,71
443,1,ba,2,nn,economics,economics,9,325,97
444,1,ba,2,nn,economics,economics,9,131,30
445,1,ba,2,nn,economics,economics,8.5,211,39
446,1,ba,2,nn,economics,economics,8,236,40
447,1,ba,2,nn,economics,economics,8,777,115
448,1,ba,2,nn,economics,economics,7.5,251,73
449,1,ba,2,nn,economics,economics,9.3,177,52
450,2,ba,2,nn,economics,economics,9,62,33
451,1,ba,2,nn,economics,economics,8.7,429,94
452,1,ba,2,nn,economics,economics,8.7,280,45
453,1,ba,2,nn,economics,economics,8.5,100,13
454,1,ba,2,nn,economics,economics,8.5,51,43
455,1,ba,2,nn,economics,economics,8.3,289,62
456,1,ba,2,nn,economics,economics,8,228,119
457,1,ba,2,nn,economics,economics,8,243,65
458,1,ba,2,nn,economics,economics,8,306,69
459,1,ba,2,nn,economics,economics,8,173,55
460,1,ba,2,nn,economics,economics,8,256,54
461,1,ba,2,nn,economics,economics,8.7,96,53
462,2,ba,2,nn,economics,economics,8.3,49,28
463,1,ba,2,nn,economics,economics,8.3,170,70
464,2,ba,2,nn,economics,economics,8.3,428,146
465,1,ba,2,nn,economics,economics,8.3,170,52
466,1,ba,2,nn,economics,economics,8.3,133,41
467,1,ba,2,nn,economics,economics,8,273,45
468,1,ba,2,nn,economics,economics,8,460,93
469,1,ba,2,nn,economics,economics,8.5,101,48
470,1,ba,2,nn,economics,economics,8.5,81,35
471,1,ba,2,nn,economics,economics,8.5,169,74
472,0,ba,2,nn,economics,economics,8.3,0,0
473,1,ba,2,nn,economics,economics,8,199,66
474,1,ba,2,nn,economics,economics,8,168,38
475,1,ba,2,nn,economics,economics,8,475,89
476,2,ba,2,nn,economics,economics,8,228,80
477,1,ba,2,nn,economics,economics,7.7,120,36
478,1,ba,2,nn,economics,economics,7.7,248,37
479,1,ba,2,nn,economics,economics,7.7,379,59
480,2,ba,2,nn,economics,economics,7.7,93,37
481,1,ba,2,nn,economics,economics,7.7,238,54
482,1,ba,2,nn,economics,economics,7.5,151,41
483,1,ba,2,nn,economics,economics,7.5,88,33
484,1,ba,2,nn,economics,economics,7.5,124,43
485,1,ba,2,nn,economics,economics,7,154,43
486,2,ba,2,nn,economics,economics,7,215,95
487,1,ba,2,nn,economics,economics,7,133,36
488,1,ba,2,nn,economics,economics,7,235,82
489,1,ba,2,nn,economics,economics,8,111,33
490,1,ba,2,nn,economics,economics,7.7,181,49
491,1,ba,2,nn,economics,economics,7.7,300,55
492,1,ba,2,nn,economics,economics,7.7,0,0
493,1,ba,2,nn,economics,economics,7.3,230,108
494,1,ba,2,nn,economics,economics,7.3,440,197
495,1,ba,2,nn,economics,economics,7.3,332,77
496,1,ba,2,nn,economics,economics,7.3,121,26
497,1,ba,2,nn,economics,economics,7.3,893,183
498,1,ba,2,nn,economics,economics,7,93,56
499,2,ba,2,nn,economics,economics,7,101,67
500,2,ba,2,nn,economics,economics,7,55,23
501,1,ba,2,nn,economics,economics,7.7,135,66
502,1,ba,2,nn,economics,economics,7.5,127,30
503,1,ba,2,nn,economics,economics,7.3,208,64
504,1,ba,2,nn,economics,economics,7.3,143,55
505,1,ba,2,nn,economics,economics,7,839,45
506,2,ba,2,nn,economics,economics,7,83,37
507,1,ba,2,nn,economics,economics,6.7,121,66
508,2,ba,2,nn,economics,economics,6.5,125,60
509,1,ba,2,nn,economics,economics,6.3,328,58
510,1,ba,2,nn,economics,economics,7,253,91
511,1,ba,2,nn,economics,economics,6.3,245,133
512,0,ba,2,nn,economics,economics,6,0,0
513,1,ba,2,nn,economics,economics,6,445,143
514,1,ba,2,nn,economics,economics,6.7,153,57
515,1,ba,2,nn,economics,economics,6.5,117,38
516,1,ba,2,nn,economics,economics,6.3,258,123
517,1,ba,2,nn,economics,economics,6.3,119,30
518,1,ba,2,nn,economics,economics,6,425,71
519,1,ba,2,nn,economics,economics,6,587,219
520,1,ba,2,nn,economics,economics,6,116,24
521,0,ba,2,nn,economics,economics,5.7,0,0
522,2,ba,2,nn,economics,economics,5.3,172,67
523,2,ba,2,nn,economics,economics,5.3,168,75
524,1,ba,2,nn,economics,economics,6,698,96
525,2,ba,2,nn,economics,economics,5.7,179,60
526,1,ba,2,nn,economics,economics,5.7,257,106
527,2,ba,2,nn,economics,economics,5.7,181,52
528,2,ba,2,nn,economics,economics,5.3,1371,147
529,2,ba,2,nn,economics,economics,5.7,124,58
530,1,ba,2,nn,economics,economics,5.5,129,80
531,1,ba,2,nn,economics,economics,5.3,185,41
532,1,ba,2,nn,economics,economics,5,170,58
533,0,ba,2,nn,economics,economics,4.7,0,0
534,1,ba,2,nn,economics,economics,4.3,76,38
535,2,ba,2,nn,economics,economics,4,348,160
536,1,ba,2,nn,math_and_cs,inf,9.3,274,40
537,1,ba,2,nn,math_and_cs,inf,9.2,183,62
538,1,ba,2,nn,math_and_cs,inf,9,235,44
539,2,ba,2,nn,math_and_cs,inf,9,93,47
540,2,ba,2,nn,math_and_cs,inf,8.7,111,27
541,1,ba,2,nn,math_and_cs,inf,8.5,186,57
542,2,ba,2,nn,math_and_cs,inf,8.3,28,25
543,1,ba,2,nn,math_and_cs,inf,7.7,374,49
544,1,ba,2,nn,math_and_cs,inf,7.7,585,65
545,2,ba,2,nn,math_and_cs,inf,7.8,80,40
546,1,ba,2,nn,math_and_cs,inf,7.6,20,18
547,2,ba,2,nn,math_and_cs,inf,7.6,27,18
548,1,ba,2,nn,math_and_cs,inf,7.6,103,26
549,2,ba,2,nn,math_and_cs,inf,7.3,82,43
550,1,ba,2,nn,math_and_cs,inf,7.5,103,39
551,1,ba,2,nn,math_and_cs,inf,7.5,157,35
552,1,ba,2,nn,math_and_cs,inf,7.7,55,20
553,2,ba,2,nn,math_and_cs,inf,7.3,90,32
554,1,ba,2,nn,math_and_cs,inf,7.5,323,48
555,1,ba,2,nn,math_and_cs,inf,7.1,372,49
556,1,ba,2,nn,math_and_cs,inf,7.2,509,250
557,1,ba,2,nn,math_and_cs,inf,6.8,15,10
558,1,ba,2,nn,math_and_cs,inf,7,215,51
559,2,ba,2,nn,math_and_cs,inf,6.9,159,43
560,2,ba,2,nn,math_and_cs,inf,7,212,89
561,2,ba,2,nn,math_and_cs,inf,7,154,36
562,2,ba,2,nn,math_and_cs,inf,7.3,111,30
563,1,ba,2,nn,math_and_cs,inf,6.8,92,24
564,2,ba,2,nn,math_and_cs,inf,7,58,23
565,1,ba,2,nn,math_and_cs,inf,6.8,292,59
566,2,ba,2,nn,math_and_cs,inf,6.9,158,32
567,2,ba,2,nn,math_and_cs,inf,6.9,114,24
568,2,ba,2,nn,math_and_cs,inf,7,111,29
569,2,ba,2,nn,math_and_cs,inf,6.8,82,25
570,1,ba,2,nn,math_and_cs,inf,6.5,303,65
571,2,ba,2,nn,math_and_cs,inf,6.5,0,0
572,2,ba,2,nn,math_and_cs,inf,6.4,290,155
573,2,ba,2,nn,math_and_cs,inf,6.7,64,20
574,1,ba,2,nn,math_and_cs,inf,6.3,210,34
575,1,ba,2,nn,math_and_cs,inf,6.3,159,54
576,0,ba,2,nn,math_and_cs,inf,6.1,0,0
577,2,ba,2,nn,math_and_cs,inf,6.2,319,61
578,1,ba,2,nn,math_and_cs,inf,5.9,77,27
579,2,ba,2,nn,math_and_cs,inf,6.2,253,57
580,1,ba,2,nn,math_and_cs,inf,6.3,122,39
581,2,ba,2,nn,math_and_cs,inf,6.4,59,19
582,1,ba,2,nn,math_and_cs,inf,6.2,104,34
583,1,ba,2,nn,math_and_cs,inf,6.2,133,19
584,2,ba,2,nn,math_and_cs,inf,5.9,113,75
585,2,ba,2,nn,math_and_cs,inf,5.9,53,14
586,1,ba,2,nn,math_and_cs,inf,5.8,198,67
587,2,ba,2,nn,math_and_cs,inf,6.1,96,22
588,1,ba,2,nn,math_and_cs,inf,5.9,29,16
589,2,ba,2,nn,math_and_cs,inf,6,98,18
590,1,ba,2,nn,math_and_cs,inf,6,264,35
591,2,ba,2,nn,math_and_cs,inf,6.1,139,36
592,1,ba,2,nn,math_and_cs,inf,6,347,47
593,1,ba,2,nn,math_and_cs,inf,5.7,154,36
594,1,ba,2,nn,math_and_cs,inf,5.7,206,50
595,1,ba,2,nn,math_and_cs,inf,5.7,154,47
596,2,ba,2,nn,math_and_cs,inf,5.4,63,31
597,1,ba,2,nn,math_and_cs,inf,5.8,149,34
598,2,ba,2,nn,math_and_cs,inf,5.1,860,135
599,2,ba,2,nn,math_and_cs,inf,5.9,123,32
600,2,ba,2,nn,math_and_cs,inf,5.2,180,74
601,2,ba,2,nn,math_and_cs,inf,5,53,24
602,2,ba,2,nn,math_and_cs,inf,5.2,71,32
603,1,ba,2,nn,math_and_cs,inf,4.9,125,16
604,2,ba,2,nn,math_and_cs,inf,5.2,378,103
605,1,ba,2,nn,math_and_cs,inf,5.4,346,37
606,2,ba,2,nn,math_and_cs,inf,5,362,7
607,2,ba,2,nn,math_and_cs,inf,4.7,27,20
608,1,ba,2,nn,math_and_cs,inf,4.8,126,40
609,2,ba,2,nn,math_and_cs,inf,4.7,73,46
610,2,ba,2,nn,math_and_cs,inf,4.4,146,16
611,1,ba,2,nn,math_and_cs,inf,4.4,527,70
612,2,ba,2,nn,math_and_cs,inf,4.4,38,16
613,1,ba,2,nn,math_and_cs,inf,3.3,56,7
614,2,ba,2,nn,law,law,8.8,504,100
615,1,ba,2,nn,law,law,8,676,78
616,2,ba,2,nn,law,law,8.2,73,38
617,1,ba,2,nn,law,law,8.2,194,73
618,1,ba,2,nn,law,law,8.2,244,149
619,2,ba,2,nn,law,law,7.8,100,35
620,1,ba,2,nn,law,law,8,459,58
621,1,ba,2,nn,law,law,7.5,667,91
622,1,ba,2,nn,law,law,7.7,262,76
623,1,ba,2,nn,law,law,7.7,229,91
624,1,ba,2,nn,law,law,7.8,329,96
625,1,ba,2,nn,law,law,7.3,324,204
626,1,ba,2,nn,law,law,7.8,287,103
627,2,ba,2,nn,law,law,7.8,182,41
628,1,ba,2,nn,law,law,7.8,113,41
629,1,ba,2,nn,law,law,7.7,312,94
630,1,ba,2,nn,law,law,7.8,342,116
631,1,ba,2,nn,law,law,7.8,261,66
632,1,ba,2,nn,law,law,7.5,189,55
633,1,ba,2,nn,law,law,7.5,780,104
634,1,ba,2,nn,law,law,7.5,613,12
635,1,ba,2,nn,law,law,7.7,167,43
636,1,ba,2,nn,law,law,7.3,128,24
637,1,ba,2,nn,law,law,7.7,228,68
638,1,ba,2,nn,law,law,7.5,163,77
639,1,ba,2,nn,law,law,7.3,120,47
640,1,ba,2,nn,law,law,7.2,538,278
641,2,ba,2,nn,law,law,7.3,93,54
642,1,ba,2,nn,law,law,7.3,176,41
643,1,ba,2,nn,law,law,7,142,49
644,2,ba,2,nn,law,law,7.2,368,108
645,1,ba,2,nn,law,law,7.5,136,74
646,2,ba,2,nn,law,law,7.2,137,60
647,1,ba,2,nn,law,law,7.2,169,58
648,1,ba,2,nn,law,law,7.2,106,39
649,1,ba,2,nn,law,law,7,350,71
650,1,ba,2,nn,law,law,6.8,155,60
651,2,ba,2,nn,law,law,7.3,119,54
652,0,ba,2,nn,law,law,7,0,0
653,1,ba,2,nn,law,law,6.8,102,51
654,2,ba,2,nn,law,law,6.8,62,35
655,2,ba,2,nn,law,law,6.8,314,180
656,1,ba,2,nn,law,law,6.7,242,78
657,1,ba,2,nn,law,law,6.7,187,56
658,1,ba,2,nn,law,law,6.8,230,72
659,1,ba,2,nn,law,law,6.5,170,64
660,1,ba,2,nn,law,law,6.5,284,69
661,2,ba,2,nn,law,law,6.7,126,62
662,2,ba,2,nn,law,law,6.2,278,65
663,1,ba,2,nn,law,law,6.3,77,39
664,2,ba,2,nn,law,law,6.5,363,85
665,1,ba,2,nn,law,law,6.2,207,103
666,1,ba,2,nn,law,law,6.2,326,77
667,2,ba,2,nn,law,law,6.2,331,121
668,1,ba,2,nn,law,law,5.7,0,0
669,1,ba,2,nn,law,law,6.2,1190,93
670,2,ba,2,nn,law,law,5.8,459,87
671,2,ba,2,nn,law,law,6,111,28
672,1,ba,2,nn,law,law,5.8,260,7
673,1,ba,2,nn,law,law,5.5,253,67
674,1,ba,2,nn,law,law,5.3,129,55
675,2,ba,2,nn,law,law,5.3,121,14
676,1,ba,2,nn,law,law,5.3,31,10
677,1,ba,2,nn,humanities,ling,9.3,58,28
678,1,ba,2,nn,humanities,ling,9.1,246,80
679,1,ba,2,nn,humanities,ling,9,226,46
680,1,ba,2,nn,humanities,ling,9.1,10,2
681,1,ba,2,nn,humanities,ling,9,151,45
682,1,ba,2,nn,humanities,ling,9.1,368,88
683,1,ba,2,nn,humanities,ling,9,254,73
684,1,ba,2,nn,humanities,ling,8.6,125,62
685,1,ba,2,nn,humanities,ling,8.4,391,99
686,1,ba,2,nn,humanities,ling,8.6,237,104
687,1,ba,2,nn,humanities,ling,8.4,226,44
688,1,ba,2,nn,humanities,ling,8.7,389,106
689,1,ba,2,nn,humanities,ling,8.3,177,72
690,1,ba,2,nn,humanities,ling,8.3,172,80
691,1,ba,2,nn,humanities,ling,8.4,102,31
692,2,ba,2,nn,humanities,ling,8.1,235,131
693,1,ba,2,nn,humanities,ling,8.1,95,39
694,1,ba,2,nn,humanities,ling,7.9,106,32
695,1,ba,2,nn,humanities,ling,8,438,52
696,1,ba,2,nn,humanities,ling,7.6,229,38
697,1,ba,2,nn,humanities,ling,7.6,144,39
698,1,ba,2,nn,humanities,ling,7.6,301,35
699,0,ba,2,nn,humanities,ling,7.3,0,0
700,1,ba,2,nn,humanities,ling,7.7,49,26
701,1,ba,2,nn,humanities,ling,7,270,42
702,2,ba,2,nn,humanities,ling,6.4,213,57
703,2,ba,2,nn,humanities,ling,6.6,11,6
704,1,ba,2,nn,management,management,9,447,74
705,1,ba,2,nn,management,management,9,55,28
706,1,ba,2,nn,management,management,8.8,134,55
707,1,ba,2,nn,management,management,9,188,66
708,1,ba,2,nn,management,management,8.8,395,103
709,1,ba,2,nn,management,management,8.8,393,119
710,1,ba,2,nn,management,management,8.8,193,70
711,1,ba,2,nn,management,management,8.6,247,76
712,1,ba,2,nn,management,management,8.6,458,223
713,1,ba,2,nn,management,management,8.6,180,70
714,1,ba,2,nn,management,management,8.4,460,15
715,1,ba,2,nn,management,management,8.6,141,32
716,1,ba,2,nn,management,management,8.4,77,37
717,2,ba,2,nn,management,management,8.2,489,113
718,2,ba,2,nn,management,management,8.4,241,95
719,1,ba,2,nn,management,management,8,349,55
720,1,ba,2,nn,management,management,8,240,43
721,1,ba,2,nn,management,management,8,240,91
722,1,ba,2,nn,management,management,8,150,23
723,1,ba,2,nn,management,management,7.8,153,58
724,1,ba,2,nn,management,management,8.2,176,37
725,1,ba,2,nn,management,management,8.2,0,0
726,1,ba,2,nn,management,management,7.8,234,38
727,1,ba,2,nn,management,management,7.8,102,30
728,1,ba,2,nn,management,management,8,275,68
729,2,ba,2,nn,management,management,7.8,278,55
730,1,ba,2,nn,management,management,7.8,80,26
731,2,ba,2,nn,management,management,7.6,235,41
732,1,ba,2,nn,management,management,8,292,32
733,1,ba,2,nn,management,management,7.8,0,0
734,1,ba,2,nn,management,management,7.8,287,103
735,1,ba,2,nn,management,management,8,155,61
736,1,ba,2,nn,management,management,7.6,387,83
737,1,ba,2,nn,management,management,8,574,107
738,1,ba,2,nn,management,management,7.6,177,39
739,0,ba,2,nn,management,management,7.6,0,0
740,1,ba,2,nn,management,management,7.8,66,26
741,1,ba,2,nn,management,management,7.8,846,158
742,1,ba,2,nn,management,management,7.6,55,22
743,1,ba,2,nn,management,management,7.6,67,30
744,1,ba,2,nn,management,management,7.4,167,52
745,1,ba,2,nn,management,management,7.6,339,83
746,2,ba,2,nn,management,management,7.6,188,52
747,1,ba,2,nn,management,management,7.4,348,40
748,1,ba,2,nn,management,management,7.6,229,58
749,1,ba,2,nn,management,management,7.6,525,119
750,1,ba,2,nn,management,management,7.2,0,0
751,1,ba,2,nn,management,management,7,458,48
752,0,ba,2,nn,management,management,7.8,0,0
753,2,ba,2,nn,management,management,7.6,597,143
754,0,ba,2,nn,management,management,7,0,0
755,1,ba,2,nn,management,management,7.4,84,31
756,0,ba,2,nn,management,management,7,0,0
757,1,ba,2,nn,management,management,7,70,25
758,1,ba,2,nn,management,management,8.5,298,53
759,1,ba,2,nn,management,management,6.8,80,32
760,2,ba,2,nn,management,management,6.6,162,29
761,1,ba,2,nn,management,management,7,283,67
762,1,ba,2,nn,management,management,6.8,138,74
763,2,ba,2,nn,management,management,7,44,30
764,2,ba,2,nn,management,management,6.8,145,82
765,1,ba,2,nn,management,management,6.2,144,21
766,1,ba,2,nn,management,management,6.6,156,41
767,1,ba,2,nn,management,management,6.8,187,32
768,1,ba,2,nn,management,management,6.6,241,41
769,1,ba,2,nn,management,management,7,159,65
770,0,ba,2,nn,management,management,6.8,0,0
771,1,ba,2,nn,management,management,6.6,115,31
772,2,ba,2,nn,management,management,6.6,49,32
773,1,ba,2,nn,management,management,6.6,160,45
774,1,ba,2,nn,management,management,6.4,202,67
775,1,ba,2,nn,management,management,6.8,156,51
776,2,ba,2,nn,management,management,6,117,27
777,2,ba,2,nn,management,management,5.6,206,96
778,1,ba,2,nn,management,management,6.2,97,36
779,2,ba,2,nn,management,management,5.6,88,27
780,2,ba,2,nn,management,management,6.3,108,37
781,1,ba,2,nn,management,management,5.4,845,58
782,1,ba,2,nn,management,management,6.2,158,68
783,1,ba,2,nn,management,management,6,1,0
784,2,ba,2,nn,management,management,5.2,360,77
785,1,ba,2,nn,management,management,5.6,232,58
786,2,ba,2,nn,management,management,5.4,40,30
787,2,ba,2,nn,management,management,6.2,253,139
788,1,ba,2,nn,management,management,5.4,207,72
789,2,ba,2,nn,management,management,5,432,140
790,2,ba,2,nn,management,management,5,2171,127
791,2,ba,2,nn,management,management,4.6,103,23
792,2,ba,2,nn,management,management,4.3,311,60
793,1,ba,2,nn,management,management,4.2,64,17
794,1,ba,2,nn,management,management,8,137,73
795,1,ba,2,nn,management,management,6,77,21
796,2,ba,2,nn,management,management,0,53,1
797,1,ba,2,nn,humanities,philology,9.5,53,24
798,1,ba,2,nn,humanities,philology,9.2,1192,120
799,1,ba,2,nn,humanities,philology,9,94,23
800,1,ba,2,nn,humanities,philology,9,58,23
801,1,ba,2,nn,humanities,philology,8.5,288,106
802,1,ba,2,nn,humanities,philology,7.8,102,25
803,1,ba,2,nn,humanities,philology,8.2,75,26
804,1,ba,2,nn,humanities,philology,7.7,147,20
805,1,ba,2,nn,humanities,philology,8,542,77
806,1,ba,2,nn,humanities,philology,8,166,63
807,1,ba,2,nn,humanities,philology,7.8,480,49
808,1,ba,2,nn,humanities,philology,8,166,59
809,1,ba,2,nn,humanities,philology,7.8,0,0
810,1,ba,2,nn,humanities,philology,7,52,17
811,2,ba,2,nn,humanities,philology,6.2,194,64
812,1,ba,3,nn,economics,economics,9.5,142,56
813,1,ba,3,nn,economics,economics,9.2,726,255
814,2,ba,3,nn,economics,economics,9.2,146,98
815,1,ba,3,nn,economics,economics,9.5,205,57
816,1,ba,3,nn,economics,economics,9.5,308,56
817,1,ba,3,nn,economics,economics,9.5,55,27
818,2,ba,3,nn,economics,economics,9.5,97,39
819,1,ba,3,nn,economics,economics,9,288,59
820,1,ba,3,nn,economics,economics,9,69,39
821,1,ba,3,nn,economics,economics,9,163,30
822,1,ba,3,nn,economics,economics,9,182,58
823,1,ba,3,nn,economics,economics,8.8,284,150
824,2,ba,3,nn,economics,economics,9,62,21
825,1,ba,3,nn,economics,economics,9,239,43
826,1,ba,3,nn,economics,economics,9,128,27
827,1,ba,3,nn,economics,economics,9,204,25
828,1,ba,3,nn,economics,economics,8.8,111,37
829,1,ba,3,nn,economics,economics,8.8,70,20
830,2,ba,3,nn,economics,economics,8.8,161,44
831,1,ba,3,nn,economics,economics,8.5,245,141
832,1,ba,3,nn,economics,economics,8.5,246,85
833,1,ba,3,nn,economics,economics,8.5,79,32
834,1,ba,3,nn,economics,economics,8.5,134,29
835,1,ba,3,nn,economics,economics,8.2,305,90
836,2,ba,3,nn,economics,economics,8.2,56,33
837,1,ba,3,nn,economics,economics,8.5,689,313
838,1,ba,3,nn,economics,economics,8.2,443,79
839,1,ba,3,nn,economics,economics,8.2,220,73
840,2,ba,3,nn,economics,economics,8.2,233,73
841,2,ba,3,nn,economics,economics,8.2,230,85
842,1,ba,3,nn,economics,economics,8.2,264,89
843,1,ba,3,nn,economics,economics,8.2,202,39
844,2,ba,3,nn,economics,economics,8,897,314
845,1,ba,3,nn,economics,economics,8,408,60
846,1,ba,3,nn,economics,economics,8,111,39
847,1,ba,3,nn,economics,economics,8,545,72
848,1,ba,3,nn,economics,economics,8,517,160
849,1,ba,3,nn,economics,economics,8,147,29
850,2,ba,3,nn,economics,economics,8,194,103
851,1,ba,3,nn,economics,economics,8,186,71
852,1,ba,3,nn,economics,economics,8,186,60
853,1,ba,3,nn,economics,economics,8,152,36
854,1,ba,3,nn,economics,economics,8,204,51
855,1,ba,3,nn,economics,economics,8,49,24
856,1,ba,3,nn,economics,economics,8,174,58
857,1,ba,3,nn,economics,economics,8,131,54
858,1,ba,3,nn,economics,economics,8,605,75
859,1,ba,3,nn,economics,economics,8,165,45
860,1,ba,3,nn,economics,economics,8,162,39
861,1,ba,3,nn,economics,economics,8,123,49
862,2,ba,3,nn,economics,economics,7.8,337,84
863,1,ba,3,nn,economics,economics,7.8,144,26
864,1,ba,3,nn,economics,economics,7.8,400,207
865,1,ba,3,nn,economics,economics,8,122,33
866,1,ba,3,nn,economics,economics,8,161,27
867,1,ba,3,nn,economics,economics,7.8,100,45
868,2,ba,3,nn,economics,economics,8,48,29
869,2,ba,3,nn,economics,economics,7.8,94,43
870,1,ba,3,nn,economics,economics,7.5,97,46
871,1,ba,3,nn,economics,economics,7.5,557,53
872,1,ba,3,nn,economics,economics,7.5,100,41
873,1,ba,3,nn,economics,economics,7.5,125,30
874,2,ba,3,nn,economics,economics,7.5,64,17
875,2,ba,3,nn,economics,economics,7.5,311,96
876,1,ba,3,nn,economics,economics,7.5,613,207
877,1,ba,3,nn,economics,economics,7.5,109,36
878,2,ba,3,nn,economics,economics,7.2,118,67
879,1,ba,3,nn,economics,economics,7,343,74
880,1,ba,3,nn,economics,economics,7,176,41
881,2,ba,3,nn,economics,economics,7,261,143
882,1,ba,3,nn,economics,economics,7,373,99
883,1,ba,3,nn,economics,economics,7,253,78
884,1,ba,3,nn,economics,economics,7,184,41
885,1,ba,3,nn,economics,economics,7,453,105
886,1,ba,3,nn,economics,economics,7,202,63
887,2,ba,3,nn,economics,economics,7,264,133
888,1,ba,3,nn,economics,economics,7,325,60
889,1,ba,3,nn,economics,economics,7,623,183
890,1,ba,3,nn,economics,economics,6.8,289,88
891,1,ba,3,nn,economics,economics,6.8,278,53
892,2,ba,3,nn,economics,economics,6.5,112,68
893,2,ba,3,nn,economics,economics,6.5,136,31
894,1,ba,3,nn,economics,economics,6.5,55,25
895,1,ba,3,nn,economics,economics,6.5,123,33
896,2,ba,3,nn,economics,economics,6.2,183,52
897,2,ba,3,nn,economics,economics,6.2,178,70
898,1,ba,3,nn,economics,economics,6,0,0
899,2,ba,3,nn,economics,economics,6,207,58
900,1,ba,3,nn,economics,economics,6,202,30
901,2,ba,3,nn,economics,economics,6,159,69
902,1,ba,3,nn,economics,economics,6,177,46
903,1,ba,3,nn,economics,economics,6,363,73
904,1,ba,3,nn,economics,economics,5.8,200,46
905,1,ba,3,nn,economics,economics,6.5,678,287
906,2,ba,3,nn,economics,economics,6,124,51
907,2,ba,3,nn,economics,economics,6,142,63
908,1,ba,3,nn,economics,economics,5.8,243,55
909,1,ba,3,nn,economics,economics,5.8,482,95
910,2,ba,3,nn,economics,economics,5.5,1145,24
911,2,ba,3,nn,economics,economics,5.5,289,142
912,1,ba,3,nn,economics,economics,5.2,57,23
913,1,ba,3,nn,economics,economics,5.2,135,55
914,2,ba,3,nn,economics,economics,5.5,139,30
915,2,ba,3,nn,economics,economics,5.2,153,49
916,2,ba,3,nn,economics,economics,5,103,15
917,2,ba,3,nn,economics,economics,4.8,91,48
918,2,ba,3,nn,economics,economics,4.5,104,50
919,2,ba,3,nn,economics,economics,4.2,99,51
920,0,ba,3,nn,economics,economics,4,0,0
921,1,ba,3,nn,economics,economics,7,98,51
922,1,ba,3,nn,economics,economics,0,148,60
923,1,ba,3,nn,math_and_cs,inf,9.2,79,43
924,1,ba,3,nn,math_and_cs,inf,9,570,178
925,2,ba,3,nn,math_and_cs,inf,9,80,26
926,1,ba,3,nn,math_and_cs,inf,8.8,120,24
927,1,ba,3,nn,math_and_cs,inf,8.4,75,12
928,1,ba,3,nn,math_and_cs,inf,8.3,109,15
929,2,ba,3,nn,math_and_cs,inf,8.4,59,18
930,1,ba,3,nn,math_and_cs,inf,8.5,299,49
931,2,ba,3,nn,math_and_cs,inf,8.6,462,197
932,2,ba,3,nn,math_and_cs,inf,8.4,321,62
933,2,ba,3,nn,math_and_cs,inf,7.9,82,15
934,2,ba,3,nn,math_and_cs,inf,8.2,224,109
935,2,ba,3,nn,math_and_cs,inf,8,194,52
936,1,ba,3,nn,math_and_cs,inf,8,302,54
937,1,ba,3,nn,math_and_cs,inf,8,159,55
938,1,ba,3,nn,math_and_cs,inf,7.8,479,177
939,1,ba,3,nn,math_and_cs,inf,8,184,51
940,1,ba,3,nn,math_and_cs,inf,7.8,149,48
941,1,ba,3,nn,math_and_cs,inf,7.8,82,31
942,1,ba,3,nn,math_and_cs,inf,7.8,215,54
943,1,ba,3,nn,math_and_cs,inf,7.8,604,54
944,2,ba,3,nn,math_and_cs,inf,7.5,148,52
945,2,ba,3,nn,math_and_cs,inf,7.4,137,45
946,1,ba,3,nn,math_and_cs,inf,7.5,799,194
947,2,ba,3,nn,math_and_cs,inf,7.4,322,38
948,2,ba,3,nn,math_and_cs,inf,7.3,54,17
949,1,ba,3,nn,math_and_cs,inf,7.5,388,85
950,1,ba,3,nn,math_and_cs,inf,7.5,295,49
951,0,ba,3,nn,math_and_cs,inf,7.5,0,0
952,1,ba,3,nn,math_and_cs,inf,7.5,335,101
953,1,ba,3,nn,math_and_cs,inf,7.2,398,58
954,2,ba,3,nn,math_and_cs,inf,7.6,511,56
955,1,ba,3,nn,math_and_cs,inf,7.3,201,94
956,1,ba,3,nn,math_and_cs,inf,7.3,137,21
957,1,ba,3,nn,math_and_cs,inf,7,216,30
958,1,ba,3,nn,math_and_cs,inf,7.2,104,36
959,0,ba,3,nn,math_and_cs,inf,7.1,0,0
960,1,ba,3,nn,math_and_cs,inf,7,256,74
961,2,ba,3,nn,math_and_cs,inf,6.8,129,24
962,1,ba,3,nn,math_and_cs,inf,7.2,213,42
963,2,ba,3,nn,math_and_cs,inf,7,149,61
964,1,ba,3,nn,math_and_cs,inf,7.2,154,62
965,2,ba,3,nn,math_and_cs,inf,7.1,226,99
966,2,ba,3,nn,math_and_cs,inf,7,15,10
967,2,ba,3,nn,math_and_cs,inf,6.8,113,35
968,2,ba,3,nn,math_and_cs,inf,6.8,284,56
969,1,ba,3,nn,math_and_cs,inf,6.8,206,46
970,1,ba,3,nn,math_and_cs,inf,6.8,178,42
971,1,ba,3,nn,math_and_cs,inf,6.8,495,200
972,1,ba,3,nn,math_and_cs,inf,6.8,293,79
973,2,ba,3,nn,math_and_cs,inf,6.8,128,42
974,1,ba,3,nn,math_and_cs,inf,7,317,21
975,2,ba,3,nn,math_and_cs,inf,6.6,128,48
976,1,ba,3,nn,math_and_cs,inf,7,206,41
977,1,ba,3,nn,math_and_cs,inf,6.8,120,54
978,2,ba,3,nn,math_and_cs,inf,6.6,42,9
979,1,ba,3,nn,math_and_cs,inf,6.2,372,75
980,2,ba,3,nn,math_and_cs,inf,6.6,520,123
981,0,ba,3,nn,math_and_cs,inf,6.4,0,0
982,2,ba,3,nn,math_and_cs,inf,6.2,324,87
983,2,ba,3,nn,math_and_cs,inf,6.2,244,54
984,2,ba,3,nn,math_and_cs,inf,6.4,79,21
985,1,ba,3,nn,math_and_cs,inf,5.5,61,16
986,2,ba,3,nn,math_and_cs,inf,5.8,350,80
987,2,ba,3,nn,math_and_cs,inf,5.8,206,34
988,2,ba,3,nn,math_and_cs,inf,6,45,6
989,1,ba,3,nn,math_and_cs,inf,5.2,376,62
990,2,ba,3,nn,math_and_cs,inf,5.2,410,136
991,1,ba,3,nn,math_and_cs,inf,4.8,80,35
992,2,ba,3,nn,math_and_cs,inf,5,485,67
993,2,ba,3,nn,math_and_cs,inf,4.8,183,41
994,2,ba,3,nn,law,law,9,149,55
995,2,ba,3,nn,law,law,8.3,795,451
996,2,ba,3,nn,law,law,8.3,95,40
997,2,ba,3,nn,law,law,8.3,192,54
998,1,ba,3,nn,law,law,8.3,268,56
999,2,ba,3,nn,law,law,8.3,171,52
1000,1,ba,3,nn,law,law,8.3,207,57
1001,1,ba,3,nn,law,law,8.3,318,148
1002,1,ba,3,nn,law,law,8.3,178,80
1003,2,ba,3,nn,law,law,8,233,64
1004,2,ba,3,nn,law,law,8,245,71
1005,2,ba,3,nn,law,law,8,180,80
1006,2,ba,3,nn,law,law,8,195,74
1007,0,ba,3,nn,law,law,7.7,0,0
1008,2,ba,3,nn,law,law,7.7,101,43
1009,1,ba,3,nn,law,law,8,80,29
1010,1,ba,3,nn,law,law,8,543,234
1011,1,ba,3,nn,law,law,7.7,524,114
1012,1,ba,3,nn,law,law,7.7,240,71
1013,1,ba,3,nn,law,law,7.7,62,29
1014,2,ba,3,nn,law,law,7.7,290,69
1015,2,ba,3,nn,law,law,7.7,772,251
1016,1,ba,3,nn,law,law,7.7,79,29
1017,1,ba,3,nn,law,law,7.7,1112,146
1018,0,ba,3,nn,law,law,7.7,0,0
1019,1,ba,3,nn,law,law,7.7,435,138
1020,2,ba,3,nn,law,law,7.7,123,70
1021,1,ba,3,nn,law,law,7.3,492,80
1022,2,ba,3,nn,law,law,7.3,302,95
1023,1,ba,3,nn,law,law,7.3,243,67
1024,1,ba,3,nn,law,law,7.3,405,61
1025,1,ba,3,nn,law,law,7.3,671,214
1026,2,ba,3,nn,law,law,7.3,693,239
1027,1,ba,3,nn,law,law,7.3,277,43
1028,1,ba,3,nn,law,law,7.3,242,60
1029,0,ba,3,nn,law,law,7,0,0
1030,1,ba,3,nn,law,law,7,273,77
1031,1,ba,3,nn,law,law,6.7,251,43
1032,1,ba,3,nn,law,law,6.7,48,16
1033,1,ba,3,nn,law,law,6.7,0,0
1034,1,ba,3,nn,law,law,6.7,193,58
1035,1,ba,3,nn,law,law,6.7,92,26
1036,0,ba,3,nn,law,law,6.7,0,0
1037,1,ba,3,nn,law,law,6.7,147,34
1038,1,ba,3,nn,law,law,6.7,0,0
1039,2,ba,3,nn,law,law,6.3,110,27
1040,1,ba,3,nn,law,law,6.3,253,36
1041,1,ba,3,nn,law,law,6,304,57
1042,1,ba,3,nn,law,law,6.3,103,27
1043,1,ba,3,nn,law,law,6,211,50
1044,2,ba,3,nn,law,law,6,161,37
1045,1,ba,3,nn,law,law,5.7,1396,114
1046,1,ba,3,nn,law,law,5.3,0,0
1047,2,ba,3,nn,law,law,5.3,120,49
1048,1,ba,3,nn,law,law,5.3,162,44
1049,2,ba,3,nn,law,law,5,346,118
1050,1,ba,3,nn,law,law,5,138,31
1051,2,ba,3,nn,law,law,5,67,11
1052,1,ba,3,nn,humanities,ling,9.7,117,21
1053,1,ba,3,nn,humanities,ling,9.7,104,31
1054,1,ba,3,nn,humanities,ling,9.3,86,32
1055,1,ba,3,nn,humanities,ling,9.5,139,24
1056,1,ba,3,nn,humanities,ling,9.5,72,23
1057,1,ba,3,nn,humanities,ling,8.8,164,55
1058,1,ba,3,nn,humanities,ling,8.5,64,17
1059,1,ba,3,nn,humanities,ling,8,372,70
1060,1,ba,3,nn,humanities,ling,8.3,207,44
1061,1,ba,3,nn,humanities,ling,7.4,197,52
1062,1,ba,3,nn,humanities,ling,8.2,0,0
1063,1,ba,3,nn,humanities,ling,7.7,383,70
1064,1,ba,3,nn,humanities,ling,7.2,80,18
1065,1,ba,3,nn,humanities,ling,6.8,50,16
1066,1,ba,3,nn,humanities,ling,6.2,557,155
1067,2,ba,3,nn,humanities,ling,5.7,105,53
1068,0,ba,3,nn,humanities,ling,7,0,0
1069,1,ba,3,nn,humanities,ling,5,394,45
1070,2,ba,3,nn,humanities,ling,10,327,98
1071,1,ba,3,nn,humanities,ling,9.7,520,65
1072,1,ba,3,nn,management,management,8.8,261,113
1073,1,ba,3,nn,management,management,8.8,348,107
1074,1,ba,3,nn,management,management,8.8,338,97
1075,1,ba,3,nn,management,management,8.7,774,302
1076,1,ba,3,nn,management,management,8.7,224,103
1077,1,ba,3,nn,management,management,8.5,973,73
1078,1,ba,3,nn,management,management,8.5,105,43
1079,1,ba,3,nn,management,management,8.5,195,53
1080,1,ba,3,nn,management,management,8.5,169,44
1081,1,ba,3,nn,management,management,8.3,117,56
1082,1,ba,3,nn,management,management,8.3,373,101
1083,1,ba,3,nn,management,management,8.2,247,110
1084,1,ba,3,nn,management,management,8.3,304,89
1085,1,ba,3,nn,management,management,8.3,451,140
1086,2,ba,3,nn,management,management,8.2,533,323
1087,0,ba,3,nn,management,management,8.2,0,0
1088,1,ba,3,nn,management,management,8.2,1084,150
1089,1,ba,3,nn,management,management,8.2,1410,177
1090,1,ba,3,nn,management,management,8,115,57
1091,1,ba,3,nn,management,management,8,139,62
1092,1,ba,3,nn,management,management,8,660,143
1093,1,ba,3,nn,management,management,7.8,144,77
1094,1,ba,3,nn,management,management,7.8,192,93
1095,1,ba,3,nn,management,management,7.7,239,52
1096,1,ba,3,nn,management,management,7.7,141,59
1097,1,ba,3,nn,management,management,7.7,204,69
1098,1,ba,3,nn,management,management,7.7,164,106
1099,1,ba,3,nn,management,management,7.8,659,254
1100,1,ba,3,nn,management,management,7.7,220,62
1101,2,ba,3,nn,management,management,7.7,175,73
1102,1,ba,3,nn,management,management,7.7,169,39
1103,1,ba,3,nn,management,management,7.7,152,30
1104,1,ba,3,nn,management,management,7.5,171,50
1105,2,ba,3,nn,management,management,7.7,238,66
1106,1,ba,3,nn,management,management,7.7,480,129
1107,1,ba,3,nn,management,management,7.5,320,83
1108,2,ba,3,nn,management,management,7.7,169,78
1109,1,ba,3,nn,management,management,7.7,327,57
1110,1,ba,3,nn,management,management,7.5,195,55
1111,2,ba,3,nn,management,management,7.5,91,55
1112,2,ba,3,nn,management,management,7.3,120,44
1113,2,ba,3,nn,management,management,7.5,198,88
1114,1,ba,3,nn,management,management,7.3,1,0
1115,1,ba,3,nn,management,management,7.3,252,109
1116,1,ba,3,nn,management,management,7.3,579,260
1117,1,ba,3,nn,management,management,7.3,142,50
1118,1,ba,3,nn,management,management,7.3,250,44
1119,1,ba,3,nn,management,management,7.3,330,62
1120,2,ba,3,nn,management,management,7.2,1668,309
1121,1,ba,3,nn,management,management,7.3,78,23
1122,1,ba,3,nn,management,management,7.2,250,66
1123,0,ba,3,nn,management,management,7,0,0
1124,1,ba,3,nn,management,management,7.2,130,49
1125,1,ba,3,nn,management,management,7.2,497,69
1126,1,ba,3,nn,management,management,7,314,115
1127,0,ba,3,nn,management,management,7.2,0,0
1128,1,ba,3,nn,management,management,7,221,68
1129,1,ba,3,nn,management,management,7,326,69
1130,1,ba,3,nn,management,management,7,464,94
1131,2,ba,3,nn,management,management,6.8,1281,140
1132,2,ba,3,nn,management,management,7,557,224
1133,1,ba,3,nn,management,management,7,236,68
1134,1,ba,3,nn,management,management,6.8,193,26
1135,0,ba,3,nn,management,management,6.8,0,0
1136,1,ba,3,nn,management,management,6.7,264,109
1137,1,ba,3,nn,management,management,6.8,756,95
1138,1,ba,3,nn,management,management,6.8,185,63
1139,0,ba,3,nn,management,management,6.8,0,0
1140,1,ba,3,nn,management,management,6.7,614,136
1141,1,ba,3,nn,management,management,6.8,158,64
1142,2,ba,3,nn,management,management,6.7,621,342
1143,1,ba,3,nn,management,management,6.8,206,64
1144,2,ba,3,nn,management,management,6.7,47,24
1145,2,ba,3,nn,management,management,6.7,52,32
1146,1,ba,3,nn,management,management,6.3,170,53
1147,1,ba,3,nn,management,management,6.3,490,93
1148,2,ba,3,nn,management,management,6.2,167,63
1149,1,ba,3,nn,management,management,6.3,402,147
1150,1,ba,3,nn,management,management,6.3,659,71
1151,1,ba,3,nn,management,management,6.2,474,81
1152,2,ba,3,nn,management,management,6.2,481,115
1153,1,ba,3,nn,management,management,6.2,148,47
1154,1,ba,3,nn,management,management,6.2,535,50
1155,0,ba,3,nn,management,management,6.2,0,0
1156,0,ba,3,nn,management,management,6,0,0
1157,0,ba,3,nn,management,management,6,0,0
1158,1,ba,3,nn,management,management,6,800,110
1159,1,ba,3,nn,management,management,6,251,59
1160,1,ba,3,nn,management,management,6,607,190
1161,2,ba,3,nn,management,management,5.5,739,135
1162,1,ba,3,nn,management,management,5.8,251,43
1163,2,ba,3,nn,management,management,5.7,193,53
1164,1,ba,3,nn,management,management,5.7,125,1
1165,1,ba,3,nn,management,management,5.5,360,51
1166,1,ba,3,nn,management,management,5.3,274,43
1167,1,ba,3,nn,management,management,5.7,551,102
1168,0,ba,3,nn,management,management,5.8,0,0
1169,2,ba,3,nn,management,management,5.5,367,134
1170,2,ba,3,nn,management,management,5.2,203,56
1171,1,ba,3,nn,management,management,5.2,238,56
1172,1,ba,3,nn,management,management,5,64,16
1173,2,ba,3,nn,management,management,5,225,57
1174,1,ba,3,nn,management,management,4.8,428,66
1175,2,ba,3,nn,management,management,5,265,77
1176,1,ba,3,nn,management,management,4.8,193,43
1177,1,ba,3,nn,management,management,4.7,211,39
1178,1,ba,3,nn,management,management,4.7,173,37
1179,1,ba,3,nn,management,management,5,187,51
1180,2,ba,3,nn,management,management,4.7,102,44
1181,2,ba,3,nn,management,management,4.5,283,52
1182,2,ba,3,nn,management,management,4.2,170,62
1183,1,ba,3,nn,management,management,0,282,120
1184,1,ba,3,nn,humanities,philology,9.5,280,57
1185,1,ba,3,nn,humanities,philology,9,219,23
1186,1,ba,3,nn,humanities,philology,8.8,162,24
1187,1,ba,3,nn,humanities,philology,8.8,430,55
1188,1,ba,3,nn,humanities,philology,8.5,412,76
1189,1,ba,3,nn,humanities,philology,8.2,45,17
1190,1,ba,3,nn,humanities,philology,8,199,46
1191,1,ba,3,nn,humanities,philology,8.2,394,51
1192,2,ba,3,nn,humanities,philology,8.2,1513,76
1193,1,ba,3,nn,humanities,philology,8,412,84
1194,1,ba,3,nn,humanities,philology,7,273,90
1195,1,ba,3,nn,humanities,philology,7.8,702,170
1196,1,ba,3,nn,humanities,philology,7.5,136,9
1197,1,ba,3,nn,humanities,philology,7.2,115,10
1198,1,ba,3,nn,humanities,philology,7.2,244,43
1199,0,ba,3,nn,humanities,philology,6.5,0,0
1200,0,ba,3,nn,humanities,philology,6.5,0,0
1201,1,ba,4,nn,economics,economics,9.8,188,45
1202,2,ba,4,nn,economics,economics,9.8,50,30
1203,1,ba,4,nn,economics,economics,9.8,539,209
1204,0,ba,4,nn,economics,economics,9.4,0,0
1205,1,ba,4,nn,economics,economics,9.2,281,87
1206,1,ba,4,nn,economics,economics,9.2,232,83
1207,1,ba,4,nn,economics,economics,9.2,70,32
1208,1,ba,4,nn,economics,economics,9,251,106
1209,1,ba,4,nn,economics,economics,9,282,47
1210,0,ba,4,nn,economics,economics,9,0,0
1211,1,ba,4,nn,economics,economics,8.8,349,80
1212,1,ba,4,nn,economics,economics,8.8,235,45
1213,1,ba,4,nn,economics,economics,8.8,111,28
1214,1,ba,4,nn,economics,economics,8.8,104,30
1215,1,ba,4,nn,economics,economics,8.8,133,54
1216,2,ba,4,nn,economics,economics,8.8,135,67
1217,1,ba,4,nn,economics,economics,8.8,350,47
1218,1,ba,4,nn,economics,economics,8.8,202,72
1219,1,ba,4,nn,economics,economics,8.6,332,65
1220,1,ba,4,nn,economics,economics,8.6,401,107
1221,1,ba,4,nn,economics,economics,8.4,127,62
1222,1,ba,4,nn,economics,economics,8.4,257,83
1223,1,ba,4,nn,economics,economics,8.4,392,92
1224,1,ba,4,nn,economics,economics,8.2,301,51
1225,1,ba,4,nn,economics,economics,8.2,250,62
1226,2,ba,4,nn,economics,economics,8.2,189,46
1227,2,ba,4,nn,economics,economics,8,117,61
1228,1,ba,4,nn,economics,economics,8,893,261
1229,1,ba,4,nn,economics,economics,8,265,67
1230,1,ba,4,nn,economics,economics,8,678,143
1231,0,ba,4,nn,economics,economics,7.8,0,0
1232,1,ba,4,nn,economics,economics,7.8,0,0
1233,1,ba,4,nn,economics,economics,7.8,784,103
1234,1,ba,4,nn,economics,economics,7.8,159,77
1235,1,ba,4,nn,economics,economics,7.8,213,78
1236,2,ba,4,nn,economics,economics,7.8,146,54
1237,1,ba,4,nn,economics,economics,7.6,39,18
1238,1,ba,4,nn,economics,economics,7.6,172,34
1239,1,ba,4,nn,economics,economics,7.6,174,33
1240,1,ba,4,nn,economics,economics,7.6,308,29
1241,1,ba,4,nn,economics,economics,7.5,145,46
1242,1,ba,4,nn,economics,economics,7.5,248,36
1243,2,ba,4,nn,economics,economics,7.5,139,50
1244,1,ba,4,nn,economics,economics,7.4,471,76
1245,0,ba,4,nn,economics,economics,7.4,0,0
1246,2,ba,4,nn,economics,economics,7.4,348,67
1247,1,ba,4,nn,economics,economics,7.2,258,57
1248,1,ba,4,nn,economics,economics,7.2,121,52
1249,1,ba,4,nn,economics,economics,7.2,102,19
1250,1,ba,4,nn,economics,economics,7.2,278,40
1251,1,ba,4,nn,economics,economics,7.2,98,36
1252,1,ba,4,nn,economics,economics,7,281,62
1253,2,ba,4,nn,economics,economics,7,267,46
1254,2,ba,4,nn,economics,economics,7,125,49
1255,2,ba,4,nn,economics,economics,7,217,85
1256,1,ba,4,nn,economics,economics,7,227,11
1257,1,ba,4,nn,economics,economics,7,193,55
1258,1,ba,4,nn,economics,economics,6.8,184,43
1259,1,ba,4,nn,economics,economics,6.8,357,53
1260,2,ba,4,nn,economics,economics,6.8,293,65
1261,1,ba,4,nn,economics,economics,6.6,306,39
1262,2,ba,4,nn,economics,economics,6.6,614,247
1263,1,ba,4,nn,economics,economics,6.6,166,51
1264,2,ba,4,nn,economics,economics,6.6,100,57
1265,1,ba,4,nn,economics,economics,6.6,175,23
1266,1,ba,4,nn,economics,economics,6.6,203,53
1267,0,ba,4,nn,economics,economics,6.4,0,0
1268,1,ba,4,nn,economics,economics,6.2,199,40
1269,0,ba,4,nn,economics,economics,6.4,0,0
1270,1,ba,4,nn,economics,economics,6.4,217,89
1271,2,ba,4,nn,economics,economics,6.2,303,127
1272,1,ba,4,nn,economics,economics,6,354,45
1273,1,ba,4,nn,economics,economics,6,182,52
1274,1,ba,4,nn,economics,economics,6,326,56
1275,1,ba,4,nn,economics,economics,6,300,41
1276,2,ba,4,nn,economics,economics,5.8,130,33
1277,2,ba,4,nn,economics,economics,5.6,4,3
1278,2,ba,4,nn,economics,economics,5.6,195,40
1279,2,ba,4,nn,economics,economics,5.6,200,2
1280,1,ba,4,nn,economics,economics,5.6,352,74
1281,2,ba,4,nn,economics,economics,5.4,299,72
1282,1,ba,4,nn,economics,economics,5.4,221,65
1283,2,ba,4,nn,economics,economics,5.4,179,45
1284,2,ba,4,nn,economics,economics,5.4,54,21
1285,1,ba,4,nn,economics,economics,5.4,307,65
1286,1,ba,4,nn,economics,economics,5,24,3
1287,2,ba,4,nn,economics,economics,5.2,385,47
1288,1,ba,4,nn,economics,economics,5,385,41
1289,2,ba,4,nn,economics,economics,4.8,169,1
1290,1,ba,4,nn,economics,economics,4.8,753,52
1291,1,ba,4,nn,economics,economics,4.8,188,42
1292,1,ba,4,nn,economics,economics,4.8,909,101
1293,1,ba,4,nn,economics,economics,4.8,307,39
1294,2,ba,4,nn,economics,economics,4.7,120,33
1295,0,ba,4,nn,economics,economics,4.6,0,0
1296,2,ba,4,nn,economics,economics,4.6,235,62
1297,1,ba,4,nn,economics,economics,4.5,209,44
1298,2,ba,4,nn,economics,economics,4.2,568,47
1299,1,ba,4,nn,economics,economics,4.2,157,25
1300,2,ba,4,nn,economics,economics,4,358,64
1301,1,ba,4,nn,economics,economics,4,529,86
1302,1,ba,4,nn,math_and_cs,inf,9,284,49
1303,2,ba,4,nn,math_and_cs,inf,9,327,145
1304,2,ba,4,nn,math_and_cs,inf,8.8,181,39
1305,1,ba,4,nn,math_and_cs,inf,8.8,744,86
1306,1,ba,4,nn,math_and_cs,inf,8.8,74,39
1307,1,ba,4,nn,math_and_cs,inf,8.7,237,47
1308,1,ba,4,nn,math_and_cs,inf,8.5,328,89
1309,1,ba,4,nn,math_and_cs,inf,8.5,180,54
1310,1,ba,4,nn,math_and_cs,inf,9,360,1
1311,1,ba,4,nn,math_and_cs,inf,8.8,147,36
1312,1,ba,4,nn,math_and_cs,inf,8.8,282,41
1313,2,ba,4,nn,math_and_cs,inf,8.8,86,17
1314,1,ba,4,nn,math_and_cs,inf,8.2,253,54
1315,2,ba,4,nn,math_and_cs,inf,8.2,173,67
1316,2,ba,4,nn,math_and_cs,inf,8.2,3,1
1317,1,ba,4,nn,math_and_cs,inf,8.2,348,73
1318,2,ba,4,nn,math_and_cs,inf,8,67,35
1319,1,ba,4,nn,math_and_cs,inf,8.8,217,24
1320,2,ba,4,nn,math_and_cs,inf,8.8,97,24
1321,2,ba,4,nn,math_and_cs,inf,8.8,230,86
1322,1,ba,4,nn,math_and_cs,inf,8.6,314,23
1323,2,ba,4,nn,math_and_cs,inf,8,270,50
1324,0,ba,4,nn,math_and_cs,inf,8,0,0
1325,1,ba,4,nn,math_and_cs,inf,8,292,19
1326,1,ba,4,nn,math_and_cs,inf,8,91,29
1327,2,ba,4,nn,math_and_cs,inf,8,389,105
1328,1,ba,4,nn,math_and_cs,inf,8,239,112
1329,1,ba,4,nn,math_and_cs,inf,7.8,400,31
1330,2,ba,4,nn,math_and_cs,inf,8.4,95,31
1331,1,ba,4,nn,math_and_cs,inf,7.8,107,35
1332,1,ba,4,nn,math_and_cs,inf,8.4,94,26
1333,2,ba,4,nn,math_and_cs,inf,7.8,316,48
1334,1,ba,4,nn,math_and_cs,inf,7.8,319,49
1335,1,ba,4,nn,math_and_cs,inf,7.8,196,59
1336,1,ba,4,nn,math_and_cs,inf,7.5,79,37
1337,1,ba,4,nn,math_and_cs,inf,7.5,179,50
1338,0,ba,4,nn,math_and_cs,inf,7.7,0,0
1339,1,ba,4,nn,math_and_cs,inf,7.5,234,55
1340,1,ba,4,nn,math_and_cs,inf,7.8,273,70
1341,2,ba,4,nn,math_and_cs,inf,7.5,38,30
1342,2,ba,4,nn,math_and_cs,inf,7.2,164,77
1343,2,ba,4,nn,math_and_cs,inf,7.2,70,22
1344,1,ba,4,nn,math_and_cs,inf,7.2,290,57
1345,2,ba,4,nn,math_and_cs,inf,7.5,697,30
1346,2,ba,4,nn,math_and_cs,inf,7,0,0
1347,1,ba,4,nn,math_and_cs,inf,7,225,99
1348,2,ba,4,nn,math_and_cs,inf,7,432,49
1349,1,ba,4,nn,math_and_cs,inf,7.3,133,31
1350,2,ba,4,nn,math_and_cs,inf,7.3,601,71
1351,0,ba,4,nn,math_and_cs,inf,7,0,0
1352,1,ba,4,nn,math_and_cs,inf,6.8,415,81
1353,2,ba,4,nn,math_and_cs,inf,7.5,37,14
1354,1,ba,4,nn,math_and_cs,inf,6.8,264,51
1355,0,ba,4,nn,math_and_cs,inf,7.4,0,0
1356,2,ba,4,nn,math_and_cs,inf,6.8,453,163
1357,1,ba,4,nn,math_and_cs,inf,6.8,264,54
1358,2,ba,4,nn,math_and_cs,inf,6.8,414,52
1359,2,ba,4,nn,math_and_cs,inf,7,60,18
1360,1,ba,4,nn,math_and_cs,inf,6.5,646,185
1361,1,ba,4,nn,math_and_cs,inf,6.5,79,44
1362,2,ba,4,nn,math_and_cs,inf,7,180,25
1363,2,ba,4,nn,math_and_cs,inf,7,124,29
1364,2,ba,4,nn,math_and_cs,inf,7.2,172,23
1365,2,ba,4,nn,math_and_cs,inf,7.2,39,15
1366,2,ba,4,nn,math_and_cs,inf,7,52,18
1367,1,ba,4,nn,math_and_cs,inf,6.8,142,23
1368,2,ba,4,nn,math_and_cs,inf,7.4,121,23
1369,2,ba,4,nn,math_and_cs,inf,7.4,192,30
1370,2,ba,4,nn,math_and_cs,inf,7.4,188,69
1371,1,ba,4,nn,math_and_cs,inf,6.2,311,33
1372,2,ba,4,nn,math_and_cs,inf,6.2,455,184
1373,0,ba,4,nn,math_and_cs,inf,6.7,0,0
1374,2,ba,4,nn,math_and_cs,inf,6.7,81,29
1375,2,ba,4,nn,math_and_cs,inf,6,59,34
1376,0,ba,4,nn,math_and_cs,inf,6,0,0
1377,2,ba,4,nn,math_and_cs,inf,6,172,40
1378,2,ba,4,nn,math_and_cs,inf,6.5,81,19
1379,1,ba,4,nn,math_and_cs,inf,6.2,176,7
1380,2,ba,4,nn,math_and_cs,inf,6.2,25,10
1381,1,ba,4,nn,math_and_cs,inf,6,63,11
1382,1,ba,4,nn,math_and_cs,inf,5.7,122,23
1383,2,ba,4,nn,math_and_cs,inf,5.8,177,29
1384,1,ba,4,nn,math_and_cs,inf,5.7,107,23
1385,2,ba,4,nn,math_and_cs,inf,5.8,153,40
1386,2,ba,4,nn,math_and_cs,inf,5.3,108,30
1387,2,ba,4,nn,math_and_cs,inf,5.2,250,32
1388,0,ba,4,nn,math_and_cs,inf,4.8,0,0
1389,1,ba,4,nn,law,law,9.5,299,110
1390,1,ba,4,nn,law,law,9,196,39
1391,2,ba,4,nn,law,law,9,122,58
1392,2,ba,4,nn,law,law,9,150,61
1393,1,ba,4,nn,law,law,8.5,145,48
1394,1,ba,4,nn,law,law,8.5,178,64
1395,1,ba,4,nn,law,law,8.5,120,35
1396,1,ba,4,nn,law,law,8,735,126
1397,1,ba,4,nn,law,law,8,160,43
1398,1,ba,4,nn,law,law,8,0,0
1399,1,ba,4,nn,law,law,8,501,86
1400,1,ba,4,nn,law,law,7.5,277,53
1401,1,ba,4,nn,law,law,7.5,243,59
1402,1,ba,4,nn,law,law,7.5,325,32
1403,2,ba,4,nn,law,law,7.5,144,64
1404,2,ba,4,nn,law,law,7.5,373,100
1405,1,ba,4,nn,law,law,7.5,101,23
1406,1,ba,4,nn,law,law,7.5,204,73
1407,1,ba,4,nn,law,law,7.5,292,66
1408,2,ba,4,nn,law,law,7.5,99,45
1409,2,ba,4,nn,law,law,7.5,113,48
1410,1,ba,4,nn,law,law,7.3,124,3
1411,1,ba,4,nn,law,law,7,246,30
1412,2,ba,4,nn,law,law,7,8,0
1413,0,ba,4,nn,law,law,7,0,0
1414,1,ba,4,nn,law,law,7,273,68
1415,2,ba,4,nn,law,law,7,123,31
1416,2,ba,4,nn,law,law,7,111,44
1417,1,ba,4,nn,law,law,7,148,60
1418,1,ba,4,nn,law,law,7,150,33
1419,1,ba,4,nn,law,law,7,95,28
1420,0,ba,4,nn,law,law,7,0,0
1421,1,ba,4,nn,law,law,7,81,26
1422,2,ba,4,nn,law,law,6.5,107,50
1423,1,ba,4,nn,law,law,6.5,200,66
1424,1,ba,4,nn,law,law,6.5,1168,123
1425,1,ba,4,nn,law,law,6.5,77,10
1426,1,ba,4,nn,law,law,6.5,244,58
1427,1,ba,4,nn,law,law,6,212,45
1428,0,ba,4,nn,law,law,6,0,0
1429,1,ba,4,nn,law,law,6,76,43
1430,1,ba,4,nn,law,law,6,165,33
1431,2,ba,4,nn,law,law,6,151,36
1432,2,ba,4,nn,law,law,6,567,58
1433,1,ba,4,nn,law,law,6,519,66
1434,1,ba,4,nn,law,law,5.5,248,36
1435,2,ba,4,nn,law,law,5.5,94,19
1436,2,ba,4,nn,law,law,5.5,254,56
1437,1,ba,4,nn,law,law,5.5,254,97
1438,2,ba,4,nn,law,law,5.5,193,20
1439,1,ba,4,nn,law,law,5.5,42,17
1440,1,ba,4,nn,law,law,5.5,213,28
1441,2,ba,4,nn,law,law,6,1799,175
1442,0,ba,4,nn,law,law,4.5,0,0
1443,2,ba,4,nn,law,law,4.5,34,7
1444,2,ba,4,nn,law,law,4.5,186,20
1445,2,ba,4,nn,law,law,0,0,0
1446,1,ba,4,nn,humanities,ling,9.6,144,32
1447,0,ba,4,nn,humanities,ling,9,0,0
1448,1,ba,4,nn,humanities,ling,9.4,192,50
1449,1,ba,4,nn,humanities,ling,9.4,138,34
1450,1,ba,4,nn,humanities,ling,9.4,198,69
1451,0,ba,4,nn,humanities,ling,9.2,0,0
1452,2,ba,4,nn,humanities,ling,9.2,238,41
1453,1,ba,4,nn,humanities,ling,9.2,311,43
1454,2,ba,4,nn,humanities,ling,9.2,498,97
1455,1,ba,4,nn,humanities,ling,9,672,13
1456,1,ba,4,nn,humanities,ling,8.8,261,34
1457,1,ba,4,nn,humanities,ling,8.8,50,14
1458,1,ba,4,nn,humanities,ling,8.8,221,40
1459,2,ba,4,nn,humanities,ling,8.6,70,34
1460,1,ba,4,nn,humanities,ling,8.2,206,40
1461,1,ba,4,nn,humanities,ling,8.4,253,37
1462,1,ba,4,nn,humanities,ling,8.6,180,35
1463,1,ba,4,nn,humanities,ling,7.6,183,46
1464,1,ba,4,nn,humanities,ling,7.8,141,37
1465,1,ba,4,nn,humanities,ling,7.6,99,27
1466,1,ba,4,nn,humanities,ling,7.6,201,27
1467,1,ba,4,nn,humanities,ling,7.8,396,71
1468,1,ba,4,nn,humanities,ling,7.4,247,40
1469,1,ba,4,nn,humanities,ling,7.2,90,19
1470,1,ba,4,nn,humanities,ling,7.4,174,43
1471,1,ba,4,nn,humanities,ling,7,11,0
1472,2,ba,4,nn,humanities,ling,6.6,15,9
1473,1,ba,4,nn,humanities,ling,7,173,19
1474,2,ba,4,nn,humanities,ling,6.2,126,36
1475,2,ba,4,nn,humanities,ling,6.2,51,13
1476,1,ba,4,nn,humanities,ling,6,193,28
1477,2,ba,4,nn,management,management,10,164,95
1478,1,ba,4,nn,management,management,9.8,415,106
1479,1,ba,4,nn,management,management,9.8,171,46
1480,1,ba,4,nn,management,management,9.8,219,39
1481,2,ba,4,nn,management,management,9.4,235,94
1482,1,ba,4,nn,management,management,9.4,239,44
1483,1,ba,4,nn,management,management,9.2,43,25
1484,0,ba,4,nn,management,management,9.2,0,0
1485,2,ba,4,nn,management,management,9,66,26
1486,1,ba,4,nn,management,management,9,269,53
1487,1,ba,4,nn,management,management,9,153,48
1488,2,ba,4,nn,management,management,9,91,53
1489,1,ba,4,nn,management,management,9,281,85
1490,1,ba,4,nn,management,management,8.8,274,79
1491,1,ba,4,nn,management,management,8.8,115,25
1492,1,ba,4,nn,management,management,8.8,504,67
1493,1,ba,4,nn,management,management,8.8,150,55
1494,1,ba,4,nn,management,management,8.8,1414,150
1495,1,ba,4,nn,management,management,8.8,474,73
1496,1,ba,4,nn,management,management,8.8,249,59
1497,1,ba,4,nn,management,management,8.8,237,48
1498,1,ba,4,nn,management,management,8.6,331,51
1499,1,ba,4,nn,management,management,8.6,195,52
1500,2,ba,4,nn,management,management,8.6,299,97
1501,2,ba,4,nn,management,management,8.6,264,112
1502,1,ba,4,nn,management,management,8.6,188,40
1503,2,ba,4,nn,management,management,8.4,326,80
1504,1,ba,4,nn,management,management,8.4,107,42
1505,2,ba,4,nn,management,management,8.4,109,41
1506,1,ba,4,nn,management,management,8.4,294,72
1507,1,ba,4,nn,management,management,8.4,110,47
1508,1,ba,4,nn,management,management,8.4,111,32
1509,1,ba,4,nn,management,management,8.4,217,44
1510,1,ba,4,nn,management,management,8.4,156,35
1511,2,ba,4,nn,management,management,8.4,334,84
1512,1,ba,4,nn,management,management,8.4,608,77
1513,1,ba,4,nn,management,management,8.2,139,40
1514,1,ba,4,nn,management,management,8.2,300,77
1515,1,ba,4,nn,management,management,8,533,110
1516,1,ba,4,nn,management,management,8,133,39
1517,1,ba,4,nn,management,management,8,62,33
1518,1,ba,4,nn,management,management,8,307,99
1519,1,ba,4,nn,management,management,8,162,41
1520,2,ba,4,nn,management,management,8,89,0
1521,1,ba,4,nn,management,management,8,225,46
1522,1,ba,4,nn,management,management,8,148,58
1523,0,ba,4,nn,management,management,7.8,0,0
1524,1,ba,4,nn,management,management,7.8,572,129
1525,2,ba,4,nn,management,management,7.8,368,70
1526,1,ba,4,nn,management,management,7.8,194,71
1527,1,ba,4,nn,management,management,7.8,323,57
1528,1,ba,4,nn,management,management,7.8,117,31
1529,2,ba,4,nn,management,management,7.8,128,41
1530,1,ba,4,nn,management,management,7.8,304,91
1531,2,ba,4,nn,management,management,7.8,137,43
1532,2,ba,4,nn,management,management,7.8,226,87
1533,1,ba,4,nn,management,management,7.8,408,105
1534,2,ba,4,nn,management,management,7.6,234,52
1535,1,ba,4,nn,management,management,7.6,129,44
1536,1,ba,4,nn,management,management,7.6,314,0
1537,1,ba,4,nn,management,management,7.6,864,78
1538,1,ba,4,nn,management,management,7.6,238,71
1539,1,ba,4,nn,management,management,7.6,273,40
1540,1,ba,4,nn,management,management,7.6,450,66
1541,1,ba,4,nn,management,management,7.6,194,53
1542,1,ba,4,nn,management,management,7.4,61,31
1543,1,ba,4,nn,management,management,7.4,246,57
1544,1,ba,4,nn,management,management,7.4,185,56
1545,1,ba,4,nn,management,management,7.4,234,42
1546,1,ba,4,nn,management,management,7.4,459,1
1547,2,ba,4,nn,management,management,7.2,131,56
1548,1,ba,4,nn,management,management,7.2,1282,166
1549,2,ba,4,nn,management,management,7.2,71,25
1550,2,ba,4,nn,management,management,7.2,130,54
1551,2,ba,4,nn,management,management,7,40,19
1552,1,ba,4,nn,management,management,7,510,94
1553,1,ba,4,nn,management,management,7,522,161
1554,1,ba,4,nn,management,management,6.8,146,27
1555,1,ba,4,nn,management,management,6.6,332,130
1556,1,ba,4,nn,management,management,6.6,181,59
1557,2,ba,4,nn,management,management,6.4,418,64
1558,1,ba,4,nn,management,management,6.4,296,39
1559,2,ba,4,nn,management,management,6,98,34
1560,1,ba,4,nn,management,management,6,20,0
1561,1,ba,4,nn,management,management,5.8,364,110
1562,1,ba,4,nn,management,management,5.6,77,18
1563,1,ba,4,nn,management,management,5.6,68,22
1564,2,ba,4,nn,management,management,5.4,229,56
1565,2,ba,4,nn,management,management,5.4,477,73
1566,2,ba,4,nn,management,management,5.4,161,60
1567,2,ba,4,nn,management,management,5.2,268,66
1568,2,ba,4,nn,management,management,5,102,16
1569,2,ba,4,nn,management,management,5,167,2
1570,0,ba,4,nn,management,management,4.8,0,0
1571,1,ba,4,nn,management,management,4.4,180,33
1572,2,ba,1,perm,econman,bi,9,107,29
1573,2,ba,1,perm,econman,bi,9,194,34
1574,1,ba,1,perm,econman,bi,9,105,36
1575,1,ba,1,perm,econman,bi,8.7,131,39
1576,2,ba,1,perm,econman,bi,8.7,272,13
1577,0,ba,1,perm,econman,bi,8.7,0,0
1578,2,ba,1,perm,econman,bi,8.3,261,36
1579,1,ba,1,perm,econman,bi,8.7,110,31
1580,2,ba,1,perm,econman,bi,8.3,155,33
1581,2,ba,1,perm,econman,bi,8.3,185,38
1582,2,ba,1,perm,econman,bi,8.3,240,41
1583,1,ba,1,perm,econman,bi,8.3,101,27
1584,2,ba,1,perm,econman,bi,8.3,236,37
1585,2,ba,1,perm,econman,bi,8,617,49
1586,2,ba,1,perm,econman,bi,8,91,19
1587,2,ba,1,perm,econman,bi,7.7,69,10
1588,1,ba,1,perm,econman,bi,7,236,42
1589,1,ba,1,perm,econman,bi,8,335,45
1590,2,ba,1,perm,econman,bi,8,180,20
1591,1,ba,1,perm,econman,bi,7.3,30,18
1592,1,ba,1,perm,econman,bi,7.7,144,32
1593,1,ba,1,perm,econman,bi,7,547,29
1594,1,ba,1,perm,econman,bi,7.3,148,33
1595,0,ba,1,perm,econman,bi,7.3,0,0
1596,1,ba,1,perm,econman,bi,7.3,59,19
1597,1,ba,1,perm,econman,bi,7,241,44
1598,1,ba,1,perm,econman,bi,7,287,28
1599,2,ba,1,perm,econman,bi,6.3,242,35
1600,1,ba,1,perm,econman,bi,7.3,124,27
1601,1,ba,1,perm,econman,bi,7.3,2,1
1602,1,ba,1,perm,econman,bi,6.7,261,1
1603,2,ba,1,perm,econman,bi,6.3,140,29
1604,2,ba,1,perm,econman,bi,6.3,241,42
1605,2,ba,1,perm,econman,bi,5.7,305,50
1606,2,ba,1,perm,econman,bi,5.7,141,34
1607,1,ba,1,perm,econman,bi,6.3,56,23
1608,2,ba,1,perm,econman,bi,6.3,470,38
1609,2,ba,1,perm,econman,bi,6.7,30,20
1610,2,ba,1,perm,econman,bi,6.5,71,22
1611,1,ba,1,perm,econman,bi,6.3,124,21
1612,1,ba,1,perm,sochum,hist,9.4,90,10
1613,1,ba,1,perm,sochum,hist,7.6,416,38
1614,1,ba,1,perm,sochum,hist,7.6,79,9
1615,1,ba,1,perm,sochum,hist,7,183,25
1616,1,ba,1,perm,sochum,hist,7.4,47,11
1617,1,ba,1,perm,sochum,hist,6.8,685,38
1618,2,ba,1,perm,sochum,hist,6.6,29,3
1619,2,ba,1,perm,sochum,hist,6,92,12
1620,0,ba,1,perm,sochum,hist,6,0,0
1621,1,ba,1,perm,sochum,hist,6.2,177,20
1622,1,ba,1,perm,sochum,hist,6.2,119,14
1623,1,ba,1,perm,sochum,hist,5.6,191,14
1624,2,ba,1,perm,sochum,hist,5.4,86,13
1625,1,ba,1,perm,sochum,law,9.2,146,40
1626,1,ba,1,perm,sochum,law,8.8,444,42
1627,1,ba,1,perm,sochum,law,8.5,169,30
1628,1,ba,1,perm,sochum,law,8.5,282,34
1629,1,ba,1,perm,sochum,law,8.8,336,43
1630,1,ba,1,perm,sochum,law,8.2,226,30
1631,1,ba,1,perm,sochum,law,8.2,133,33
1632,2,ba,1,perm,sochum,law,7.5,300,46
1633,1,ba,1,perm,sochum,law,7.5,252,32
1634,1,ba,1,perm,sochum,law,8.5,227,31
1635,1,ba,1,perm,sochum,law,8,268,47
1636,1,ba,1,perm,sochum,law,7.8,210,42
1637,1,ba,1,perm,sochum,law,8.2,131,25
1638,2,ba,1,perm,sochum,law,7.8,291,49
1639,1,ba,1,perm,sochum,law,7.5,433,40
1640,2,ba,1,perm,sochum,law,7.2,680,73
1641,0,ba,1,perm,sochum,law,7.2,0,0
1642,1,ba,1,perm,sochum,law,7,275,40
1643,1,ba,1,perm,sochum,law,7.2,188,42
1644,1,ba,1,perm,sochum,law,8,743,27
1645,1,ba,1,perm,sochum,law,7.5,1009,36
1646,2,ba,1,perm,sochum,law,7,591,47
1647,2,ba,1,perm,sochum,law,7.8,88,39
1648,1,ba,1,perm,sochum,law,7.5,145,33
1649,2,ba,1,perm,sochum,law,7.5,117,18
1650,1,ba,1,perm,sochum,law,7.2,114,38
1651,2,ba,1,perm,sochum,law,7,447,45
1652,1,ba,1,perm,sochum,law,7.5,133,27
1653,1,ba,1,perm,sochum,law,7.8,166,22
1654,2,ba,1,perm,sochum,law,7,219,32
1655,1,ba,1,perm,sochum,law,6.5,217,43
1656,1,ba,1,perm,sochum,law,7.2,127,37
1657,1,ba,1,perm,sochum,law,6.8,49,22
1658,1,ba,1,perm,sochum,law,6.8,166,40
1659,1,ba,1,perm,sochum,law,6.2,66,29
1660,2,ba,1,perm,sochum,law,6.2,185,52
1661,1,ba,1,perm,sochum,law,6.2,921,40
1662,2,ba,1,perm,sochum,law,6,381,46
1663,1,ba,1,perm,sochum,law,5.5,133,4
1664,1,ba,1,perm,sochum,law,4.8,488,36
1665,1,ba,2,perm,econman,bi,9,251,42
1666,1,ba,2,perm,econman,bi,8.8,108,23
1667,1,ba,2,perm,econman,bi,8.8,234,36
1668,1,ba,2,perm,econman,bi,8.7,235,34
1669,1,ba,2,perm,econman,bi,8.3,332,23
1670,1,ba,2,perm,econman,bi,8.5,124,25
1671,1,ba,2,perm,econman,bi,8.5,179,26
1672,2,ba,2,perm,econman,bi,8.2,125,28
1673,2,ba,2,perm,econman,bi,8,652,47
1674,2,ba,2,perm,econman,bi,8,108,32
1675,2,ba,2,perm,econman,bi,7.3,104,21
1676,2,ba,2,perm,econman,bi,7.5,491,56
1677,1,ba,2,perm,econman,bi,7.2,496,87
1678,1,ba,2,perm,econman,bi,7.5,495,45
1679,1,ba,2,perm,econman,bi,6.8,77,13
1680,2,ba,2,perm,econman,bi,6.8,195,25
1681,2,ba,2,perm,econman,bi,7.3,190,34
1682,2,ba,2,perm,econman,bi,7.2,131,26
1683,1,ba,2,perm,econman,bi,7.2,166,26
1684,1,ba,2,perm,econman,bi,6.8,155,26
1685,2,ba,2,perm,econman,bi,7,166,41
1686,2,ba,2,perm,econman,bi,6.3,72,23
1687,1,ba,2,perm,econman,bi,6.7,65,19
1688,1,ba,2,perm,econman,bi,6.7,220,18
1689,2,ba,2,perm,econman,bi,6.2,275,40
1690,2,ba,2,perm,econman,bi,6.3,287,36
1691,1,ba,2,perm,econman,bi,6.2,227,30
1692,1,ba,2,perm,econman,bi,6.3,579,63
1693,1,ba,2,perm,econman,bi,5.7,65,21
1694,2,ba,2,perm,econman,bi,6,193,37
1695,2,ba,2,perm,econman,bi,5.5,846,40
1696,2,ba,2,perm,econman,bi,5.7,140,3
1697,2,ba,2,perm,econman,bi,5.3,387,30
1698,1,ba,2,perm,econman,bi,5.7,429,2
1699,1,ba,2,perm,econman,bi,5,573,54
1700,2,ba,2,perm,econman,bi,4.8,1265,34
1701,1,ba,2,perm,econman,bi,4.3,104,27
1702,1,ba,2,perm,sochum,hist,8,144,18
1703,2,ba,2,perm,sochum,hist,8,136,13
1704,1,ba,2,perm,sochum,hist,8,361,19
1705,1,ba,2,perm,sochum,hist,7.5,45,14
1706,1,ba,2,perm,sochum,hist,7.5,144,12
1707,1,ba,2,perm,sochum,hist,7,302,13
1708,2,ba,2,perm,sochum,hist,6.5,27,6
1709,0,ba,2,perm,sochum,hist,6.5,0,0
1710,1,ba,2,perm,sochum,hist,6.5,283,20
1711,2,ba,2,perm,sochum,hist,6,165,23
1712,1,ba,2,perm,sochum,hist,6,202,15
1713,2,ba,2,perm,sochum,hist,6,449,48
1714,1,ba,2,perm,sochum,hist,6,165,38
1715,2,ba,2,perm,sochum,hist,6,62,8
1716,1,ba,2,perm,sochum,hist,5.5,336,35
1717,2,ba,2,perm,sochum,hist,4,617,62
1718,1,ba,2,perm,sochum,law,8.7,162,31
1719,1,ba,2,perm,sochum,law,8.7,225,36
1720,1,ba,2,perm,sochum,law,8.7,110,33
1721,1,ba,2,perm,sochum,law,8.7,188,36
1722,1,ba,2,perm,sochum,law,8,74,29
1723,2,ba,2,perm,sochum,law,8,111,27
1724,0,ba,2,perm,sochum,law,8,0,0
1725,0,ba,2,perm,sochum,law,7.7,0,0
1726,1,ba,2,perm,sochum,law,7.7,200,33
1727,2,ba,2,perm,sochum,law,8.3,281,78
1728,1,ba,2,perm,sochum,law,8.3,62,22
1729,1,ba,2,perm,sochum,law,8,262,39
1730,1,ba,2,perm,sochum,law,7.3,429,34
1731,1,ba,2,perm,sochum,law,7.3,228,32
1732,1,ba,2,perm,sochum,law,7.8,204,33
1733,1,ba,2,perm,sochum,law,7.3,174,23
1734,1,ba,2,perm,sochum,law,7.3,249,41
1735,1,ba,2,perm,sochum,law,7,259,40
1736,1,ba,2,perm,sochum,law,7.3,53,19
1737,1,ba,2,perm,sochum,law,6.7,360,29
1738,1,ba,2,perm,sochum,law,6.7,262,40
1739,1,ba,2,perm,sochum,law,6.7,291,35
1740,1,ba,2,perm,sochum,law,5.7,315,35
1741,2,ba,2,perm,sochum,law,5.7,253,49
1742,1,ba,2,perm,sochum,law,5.3,280,22
1743,2,ba,2,perm,sochum,law,5,211,31
1744,2,ba,2,perm,sochum,law,5.3,145,36
1745,2,ba,2,perm,sochum,law,5,298,56
1746,2,ba,2,perm,sochum,law,3.2,1274,53
1747,1,ba,3,perm,econman,bi,9.8,212,48
1748,1,ba,3,perm,econman,bi,9.5,356,68
1749,1,ba,3,perm,econman,bi,9.5,182,47
1750,2,ba,3,perm,econman,bi,9.2,168,38
1751,2,ba,3,perm,econman,bi,9,94,38
1752,2,ba,3,perm,econman,bi,9,116,28
1753,1,ba,3,perm,econman,bi,8.8,405,59
1754,2,ba,3,perm,econman,bi,8.8,232,42
1755,1,ba,3,perm,econman,bi,8.5,493,45
1756,2,ba,3,perm,econman,bi,8.5,142,43
1757,1,ba,3,perm,econman,bi,8.2,408,24
1758,2,ba,3,perm,econman,bi,8.5,102,33
1759,1,ba,3,perm,econman,bi,8.2,210,35
1760,0,ba,3,perm,econman,bi,8.2,0,0
1761,2,ba,3,perm,econman,bi,8.2,222,38
1762,1,ba,3,perm,econman,bi,8,193,41
1763,2,ba,3,perm,econman,bi,8,92,32
1764,1,ba,3,perm,econman,bi,8,446,75
1765,1,ba,3,perm,econman,bi,7.8,79,18
1766,1,ba,3,perm,econman,bi,7.5,29,12
1767,1,ba,3,perm,econman,bi,7.5,389,44
1768,1,ba,3,perm,econman,bi,7.5,512,36
1769,1,ba,3,perm,econman,bi,7.2,751,50
1770,2,ba,3,perm,econman,bi,7.5,619,59
1771,2,ba,3,perm,econman,bi,7,317,41
1772,2,ba,3,perm,econman,bi,7,343,55
1773,2,ba,3,perm,econman,bi,7,282,44
1774,0,ba,3,perm,econman,bi,7,0,0
1775,2,ba,3,perm,econman,bi,7,66,39
1776,2,ba,3,perm,econman,bi,6.5,218,49
1777,2,ba,3,perm,econman,bi,6.5,138,54
1778,1,ba,3,perm,econman,bi,6.8,139,28
1779,1,ba,3,perm,econman,bi,6.5,324,37
1780,2,ba,3,perm,econman,bi,6.5,304,39
1781,1,ba,3,perm,econman,bi,6.2,423,22
1782,1,ba,3,perm,econman,bi,6,225,27
1783,1,ba,3,perm,econman,bi,5.8,89,21
1784,2,ba,3,perm,econman,bi,6,633,49
1785,1,ba,3,perm,econman,bi,5.8,132,45
1786,0,ba,3,perm,econman,bi,5.5,0,0
1787,2,ba,3,perm,econman,bi,5.5,252,48
1788,1,ba,3,perm,econman,bi,5.5,432,43
1789,1,ba,3,perm,econman,bi,5.5,241,53
1790,0,ba,3,perm,econman,bi,5.5,0,0
1791,2,ba,3,perm,econman,bi,5.5,237,43
1792,1,ba,3,perm,econman,bi,5.5,0,0
1793,2,ba,3,perm,econman,bi,5,119,23
1794,1,ba,3,perm,econman,bi,5,100,23
1795,1,ba,3,perm,econman,bi,4.5,89,25
1796,2,ba,3,perm,econman,bi,4.5,142,20
1797,1,ba,3,perm,sochum,hist,8.2,509,36
1798,1,ba,3,perm,sochum,hist,7.8,196,25
1799,1,ba,3,perm,sochum,hist,7.8,118,14
1800,2,ba,3,perm,sochum,hist,7.8,141,21
1801,2,ba,3,perm,sochum,hist,7.8,121,19
1802,1,ba,3,perm,sochum,hist,7.5,618,31
1803,1,ba,3,perm,sochum,hist,7.5,294,40
1804,2,ba,3,perm,sochum,hist,7.5,162,12
1805,0,ba,3,perm,sochum,hist,7.4,0,0
1806,1,ba,3,perm,sochum,hist,7.2,485,31
1807,1,ba,3,perm,sochum,hist,7,104,16
1808,1,ba,3,perm,sochum,hist,6.5,203,20
1809,1,ba,3,perm,sochum,hist,6.5,109,13
1810,2,ba,3,perm,sochum,hist,5.8,33,16
1811,1,ba,3,perm,sochum,law,9,458,49
1812,2,ba,3,perm,sochum,law,9,246,42
1813,0,ba,3,perm,sochum,law,9,0,0
1814,1,ba,3,perm,sochum,law,8,479,44
1815,1,ba,3,perm,sochum,law,8,278,28
1816,1,ba,3,perm,sochum,law,8,672,33
1817,1,ba,3,perm,sochum,law,8,210,42
1818,1,ba,3,perm,sochum,law,8,162,32
1819,1,ba,3,perm,sochum,law,8,450,31
1820,1,ba,3,perm,sochum,law,7,219,30
1821,1,ba,3,perm,sochum,law,7,385,51
1822,1,ba,3,perm,sochum,law,7,551,33
1823,1,ba,3,perm,sochum,law,7,168,22
1824,2,ba,3,perm,sochum,law,7,322,70
1825,1,ba,3,perm,sochum,law,7,152,24
1826,1,ba,3,perm,sochum,law,6,208,24
1827,1,ba,3,perm,sochum,law,6,224,26
1828,2,ba,3,perm,sochum,law,6,318,44
1829,0,ba,3,perm,sochum,law,6,0,0
1830,1,ba,3,perm,sochum,law,6,190,37
1831,1,ba,3,perm,sochum,law,6,160,31
1832,1,ba,3,perm,sochum,law,4,246,33
1833,1,ba,3,perm,sochum,law,4.8,344,59
1834,1,ba,4,perm,econman,bi,9.6,124,23
1835,1,ba,4,perm,econman,bi,9.2,437,34
1836,1,ba,4,perm,econman,bi,9.2,210,26
1837,1,ba,4,perm,econman,bi,9.2,338,32
1838,1,ba,4,perm,econman,bi,9.2,418,49
1839,0,ba,4,perm,econman,bi,9,0,0
1840,1,ba,4,perm,econman,bi,9,266,24
1841,2,ba,4,perm,econman,bi,8.8,61,13
1842,2,ba,4,perm,econman,bi,8.6,158,24
1843,1,ba,4,perm,econman,bi,8,121,10
1844,2,ba,4,perm,econman,bi,7.6,252,31
1845,0,ba,4,perm,econman,bi,7.6,0,0
1846,0,ba,4,perm,econman,bi,7.4,0,0
1847,2,ba,4,perm,econman,bi,7.2,87,18
1848,2,ba,4,perm,econman,bi,7.2,178,26
1849,1,ba,4,perm,econman,bi,6.6,76,11
1850,1,ba,4,perm,econman,bi,6.6,100,20
1851,2,ba,4,perm,econman,bi,6.6,57,16
1852,1,ba,4,perm,econman,bi,6.5,815,15
1853,1,ba,4,perm,econman,bi,6.4,94,7
1854,0,ba,4,perm,econman,bi,5.6,0,0
1855,2,ba,4,perm,econman,bi,4.8,96,15
1856,1,ba,4,perm,sochum,hist,9.4,90,15
1857,0,ba,4,perm,sochum,hist,8.7,0,0
1858,1,ba,4,perm,sochum,hist,8.6,147,19
1859,1,ba,4,perm,sochum,hist,8.6,166,17
1860,1,ba,4,perm,sochum,hist,8.4,489,78
1861,1,ba,4,perm,sochum,hist,8,0,0
1862,1,ba,4,perm,sochum,hist,8.1,115,14
1863,1,ba,4,perm,sochum,hist,8,92,13
1864,1,ba,4,perm,sochum,hist,7.3,384,26
1865,2,ba,4,perm,sochum,hist,7,623,86
1866,1,ba,4,perm,sochum,hist,7.1,702,50
1867,2,ba,4,perm,sochum,hist,5.6,410,32
1868,1,ba,4,perm,sochum,hist,5.8,319,42
1869,2,ba,4,perm,sochum,hist,5.4,1159,60
1870,1,ba,1,spb,econman,economics,8.6,237,81
1871,1,ba,1,spb,econman,economics,8.6,149,57
1872,1,ba,1,spb,econman,economics,8.2,281,87
1873,2,ba,1,spb,econman,economics,8.2,166,53
1874,1,ba,1,spb,econman,economics,8.2,248,66
1875,1,ba,1,spb,econman,economics,8,310,101
1876,1,ba,1,spb,econman,economics,7.8,56,43
1877,1,ba,1,spb,econman,economics,7.8,251,65
1878,2,ba,1,spb,econman,economics,7.8,216,85
1879,1,ba,1,spb,econman,economics,7.8,180,88
1880,1,ba,1,spb,econman,economics,7.6,470,122
1881,1,ba,1,spb,econman,economics,7.6,225,91
1882,0,ba,1,spb,econman,economics,7.6,0,0
1883,1,ba,1,spb,econman,economics,7.6,126,28
1884,1,ba,1,spb,econman,economics,7.4,145,46
1885,1,ba,1,spb,econman,economics,7.4,117,46
1886,0,ba,1,spb,econman,economics,7.4,0,0
1887,1,ba,1,spb,econman,economics,7.4,69,20
1888,1,ba,1,spb,econman,economics,7.4,142,47
1889,1,ba,1,spb,econman,economics,7.4,410,69
1890,1,ba,1,spb,econman,economics,7.2,348,106
1891,1,ba,1,spb,econman,economics,7.4,221,75
1892,2,ba,1,spb,econman,economics,7.2,110,54
1893,1,ba,1,spb,econman,economics,7.2,187,42
1894,1,ba,1,spb,econman,economics,7.4,163,66
1895,1,ba,1,spb,econman,economics,7.2,98,33
1896,1,ba,1,spb,econman,economics,7.2,106,35
1897,2,ba,1,spb,econman,economics,7.2,192,90
1898,2,ba,1,spb,econman,economics,7.2,62,49
1899,1,ba,1,spb,econman,economics,7.2,341,90
1900,1,ba,1,spb,econman,economics,7.2,165,82
1901,1,ba,1,spb,econman,economics,7,225,48
1902,2,ba,1,spb,econman,economics,7,167,75
1903,2,ba,1,spb,econman,economics,7,219,85
1904,1,ba,1,spb,econman,economics,7,153,52
1905,2,ba,1,spb,econman,economics,7,80,20
1906,1,ba,1,spb,econman,economics,7,213,62
1907,1,ba,1,spb,econman,economics,7,80,26
1908,1,ba,1,spb,econman,economics,7,80,27
1909,1,ba,1,spb,econman,economics,7,99,38
1910,1,ba,1,spb,econman,economics,7,240,89
1911,1,ba,1,spb,econman,economics,7.4,175,75
1912,1,ba,1,spb,econman,economics,6.8,229,59
1913,0,ba,1,spb,econman,economics,7,0,0
1914,1,ba,1,spb,econman,economics,7,304,64
1915,1,ba,1,spb,econman,economics,7,55,24
1916,2,ba,1,spb,econman,economics,7,186,53
1917,1,ba,1,spb,econman,economics,7,136,48
1918,1,ba,1,spb,econman,economics,6.8,138,51
1919,1,ba,1,spb,econman,economics,6.8,98,44
1920,1,ba,1,spb,econman,economics,7,309,45
1921,1,ba,1,spb,econman,economics,6.8,138,40
1922,1,ba,1,spb,econman,economics,6.6,337,48
1923,2,ba,1,spb,econman,economics,7,393,168
1924,1,ba,1,spb,econman,economics,6.8,266,83
1925,1,ba,1,spb,econman,economics,6.8,187,7
1926,1,ba,1,spb,econman,economics,6.8,84,45
1927,1,ba,1,spb,econman,economics,6.8,292,80
1928,1,ba,1,spb,econman,economics,6.8,103,42
1929,1,ba,1,spb,econman,economics,6.8,72,45
1930,1,ba,1,spb,econman,economics,7.2,127,48
1931,0,ba,1,spb,econman,economics,6.6,0,0
1932,2,ba,1,spb,econman,economics,6.6,298,110
1933,2,ba,1,spb,econman,economics,6.6,155,44
1934,2,ba,1,spb,econman,economics,6.8,149,50
1935,2,ba,1,spb,econman,economics,6.6,186,76
1936,2,ba,1,spb,econman,economics,6.8,81,31
1937,1,ba,1,spb,econman,economics,6.6,173,41
1938,1,ba,1,spb,econman,economics,6.4,184,56
1939,2,ba,1,spb,econman,economics,6.6,129,52
1940,1,ba,1,spb,econman,economics,6.6,84,42
1941,1,ba,1,spb,econman,economics,6.6,216,57
1942,0,ba,1,spb,econman,economics,6.4,0,0
1943,1,ba,1,spb,econman,economics,6.4,1669,114
1944,2,ba,1,spb,econman,economics,6.4,287,112
1945,1,ba,1,spb,econman,economics,6.4,197,49
1946,2,ba,1,spb,econman,economics,6.8,531,92
1947,1,ba,1,spb,econman,economics,6.4,232,47
1948,1,ba,1,spb,econman,economics,6.4,196,45
1949,1,ba,1,spb,econman,economics,6.6,126,40
1950,1,ba,1,spb,econman,economics,6.6,119,73
1951,2,ba,1,spb,econman,economics,6.4,291,50
1952,2,ba,1,spb,econman,economics,6.4,69,39
1953,1,ba,1,spb,econman,economics,6.4,338,78
1954,1,ba,1,spb,econman,economics,6.4,81,35
1955,1,ba,1,spb,econman,economics,6.4,162,78
1956,1,ba,1,spb,econman,economics,6.4,127,49
1957,1,ba,1,spb,econman,economics,6.4,367,68
1958,2,ba,1,spb,econman,economics,6.4,141,77
1959,1,ba,1,spb,econman,economics,6.4,859,210
1960,1,ba,1,spb,econman,economics,6.2,280,49
1961,1,ba,1,spb,econman,economics,6.4,166,43
1962,1,ba,1,spb,econman,economics,6.4,178,50
1963,0,ba,1,spb,econman,economics,6.4,0,0
1964,1,ba,1,spb,econman,economics,6.4,61,35
1965,1,ba,1,spb,econman,economics,6.2,234,88
1966,2,ba,1,spb,econman,economics,6.4,162,42
1967,2,ba,1,spb,econman,economics,6.2,213,56
1968,2,ba,1,spb,econman,economics,6.2,152,52
1969,1,ba,1,spb,econman,economics,6.2,77,23
1970,1,ba,1,spb,econman,economics,6.2,98,45
1971,1,ba,1,spb,econman,economics,6.2,0,0
1972,1,ba,1,spb,econman,economics,6.2,400,80
1973,1,ba,1,spb,econman,economics,6.2,67,24
1974,2,ba,1,spb,econman,economics,6.2,511,207
1975,1,ba,1,spb,econman,economics,6.2,278,78
1976,1,ba,1,spb,econman,economics,6.2,92,34
1977,1,ba,1,spb,econman,economics,6.2,114,38
1978,1,ba,1,spb,econman,economics,6,175,42
1979,1,ba,1,spb,econman,economics,6.2,122,39
1980,1,ba,1,spb,econman,economics,6,114,33
1981,2,ba,1,spb,econman,economics,6,330,149
1982,2,ba,1,spb,econman,economics,6,96,59
1983,2,ba,1,spb,econman,economics,6.2,38,1
1984,1,ba,1,spb,econman,economics,6,160,38
1985,1,ba,1,spb,econman,economics,6,179,48
1986,1,ba,1,spb,econman,economics,6,80,36
1987,1,ba,1,spb,econman,economics,6,172,25
1988,2,ba,1,spb,econman,economics,6,91,72
1989,1,ba,1,spb,econman,economics,6,138,76
1990,1,ba,1,spb,econman,economics,6,103,32
1991,2,ba,1,spb,econman,economics,6,137,75
1992,1,ba,1,spb,econman,economics,6,483,115
1993,1,ba,1,spb,econman,economics,6,0,0
1994,2,ba,1,spb,econman,economics,5.8,92,58
1995,1,ba,1,spb,econman,economics,6,543,163
1996,2,ba,1,spb,econman,economics,6.2,352,111
1997,1,ba,1,spb,econman,economics,6,189,56
1998,1,ba,1,spb,econman,economics,6,151,34
1999,1,ba,1,spb,econman,economics,6,42,20
2000,1,ba,1,spb,econman,economics,6,239,42
2001,2,ba,1,spb,econman,economics,6,122,63
2002,1,ba,1,spb,econman,economics,6,150,74
2003,2,ba,1,spb,econman,economics,5.8,436,135
2004,1,ba,1,spb,econman,economics,5.8,79,41
2005,2,ba,1,spb,econman,economics,5.8,99,54
2006,1,ba,1,spb,econman,economics,5.8,75,44
2007,2,ba,1,spb,econman,economics,6,147,69
2008,1,ba,1,spb,econman,economics,5.8,148,57
2009,2,ba,1,spb,econman,economics,6,91,37
2010,1,ba,1,spb,econman,economics,5.8,105,50
2011,2,ba,1,spb,econman,economics,6,103,26
2012,2,ba,1,spb,econman,economics,5.8,481,82
2013,0,ba,1,spb,econman,economics,5.8,0,0
2014,1,ba,1,spb,econman,economics,5.8,416,1
2015,1,ba,1,spb,econman,economics,5.8,77,48
2016,1,ba,1,spb,econman,economics,5.8,229,42
2017,2,ba,1,spb,econman,economics,5.8,32,19
2018,2,ba,1,spb,econman,economics,5.8,157,55
2019,1,ba,1,spb,econman,economics,5.8,158,47
2020,1,ba,1,spb,econman,economics,5.8,242,58
2021,2,ba,1,spb,econman,economics,5.8,181,58
2022,1,ba,1,spb,econman,economics,5.8,368,63
2023,0,ba,1,spb,econman,economics,5.8,0,0
2024,1,ba,1,spb,econman,economics,5.8,753,132
2025,1,ba,1,spb,econman,economics,5.6,398,55
2026,1,ba,1,spb,econman,economics,5.6,348,124
2027,2,ba,1,spb,econman,economics,5.6,89,30
2028,1,ba,1,spb,econman,economics,5.8,452,138
2029,1,ba,1,spb,econman,economics,5.8,269,107
2030,2,ba,1,spb,econman,economics,5.8,139,71
2031,0,ba,1,spb,econman,economics,5.8,0,0
2032,2,ba,1,spb,econman,economics,5.8,113,37
2033,1,ba,1,spb,econman,economics,5.6,197,65
2034,1,ba,1,spb,econman,economics,5.6,42,14
2035,2,ba,1,spb,econman,economics,5.6,100,43
2036,1,ba,1,spb,econman,economics,5.6,137,73
2037,1,ba,1,spb,econman,economics,5.6,84,37
2038,1,ba,1,spb,econman,economics,5.6,198,68
2039,2,ba,1,spb,econman,economics,6,305,91
2040,1,ba,1,spb,econman,economics,5.6,56,21
2041,1,ba,1,spb,econman,economics,5.6,93,42
2042,2,ba,1,spb,econman,economics,5.6,231,157
2043,2,ba,1,spb,econman,economics,5.6,307,49
2044,2,ba,1,spb,econman,economics,5.6,105,36
2045,2,ba,1,spb,econman,economics,5.6,246,133
2046,2,ba,1,spb,econman,economics,5.6,220,0
2047,2,ba,1,spb,econman,economics,5.6,577,100
2048,1,ba,1,spb,econman,economics,5.6,347,85
2049,1,ba,1,spb,econman,economics,5.6,474,157
2050,1,ba,1,spb,econman,economics,5.4,597,78
2051,1,ba,1,spb,econman,economics,5.4,277,45
2052,1,ba,1,spb,econman,economics,5.4,272,148
2053,2,ba,1,spb,econman,economics,5.4,289,82
2054,2,ba,1,spb,econman,economics,5.4,946,206
2055,1,ba,1,spb,econman,economics,5.4,0,0
2056,1,ba,1,spb,econman,economics,5.4,158,61
2057,2,ba,1,spb,econman,economics,5.4,133,46
2058,1,ba,1,spb,econman,economics,5.4,472,44
2059,1,ba,1,spb,econman,economics,5.4,206,42
2060,1,ba,1,spb,econman,economics,5.4,206,73
2061,0,ba,1,spb,econman,economics,5.4,0,0
2062,2,ba,1,spb,econman,economics,5.4,231,73
2063,1,ba,1,spb,econman,economics,5.4,294,94
2064,1,ba,1,spb,econman,economics,5.4,422,68
2065,2,ba,1,spb,econman,economics,5.2,91,33
2066,2,ba,1,spb,econman,economics,5.2,49,28
2067,2,ba,1,spb,econman,economics,5.2,192,57
2068,2,ba,1,spb,econman,economics,5,216,78
2069,2,ba,1,spb,econman,economics,5,195,59
2070,2,ba,1,spb,econman,economics,5.8,53,9
2071,2,ba,1,spb,econman,economics,10,93,16
2072,1,ba,1,spb,socialhum,hist,9,173,17
2073,1,ba,1,spb,socialhum,hist,8.8,242,61
2074,2,ba,1,spb,socialhum,hist,8.5,95,43
2075,0,ba,1,spb,socialhum,hist,8.5,0,0
2076,0,ba,1,spb,socialhum,hist,8.5,0,0
2077,1,ba,1,spb,socialhum,hist,8.5,91,16
2078,2,ba,1,spb,socialhum,hist,8.5,83,18
2079,1,ba,1,spb,socialhum,hist,8.3,191,76
2080,1,ba,1,spb,socialhum,hist,8.2,149,15
2081,2,ba,1,spb,socialhum,hist,8,216,56
2082,1,ba,1,spb,socialhum,hist,8,167,29
2083,1,ba,1,spb,socialhum,hist,8,494,16
2084,2,ba,1,spb,socialhum,hist,7.8,59,13
2085,1,ba,1,spb,socialhum,hist,7.8,47,4
2086,1,ba,1,spb,socialhum,hist,7.8,153,58
2087,2,ba,1,spb,socialhum,hist,7.7,101,42
2088,1,ba,1,spb,socialhum,hist,7.7,1592,11
2089,1,ba,1,spb,socialhum,hist,7.7,30,20
2090,2,ba,1,spb,socialhum,hist,7.5,123,30
2091,1,ba,1,spb,socialhum,hist,7.7,188,24
2092,2,ba,1,spb,socialhum,hist,7.5,189,76
2093,0,ba,1,spb,socialhum,hist,7.5,0,0
2094,0,ba,1,spb,socialhum,hist,7.5,0,0
2095,1,ba,1,spb,socialhum,hist,7.5,196,25
2096,1,ba,1,spb,socialhum,hist,7.5,262,64
2097,1,ba,1,spb,socialhum,hist,7.5,250,58
2098,1,ba,1,spb,socialhum,hist,7.5,143,44
2099,0,ba,1,spb,socialhum,hist,7.5,0,0
2100,2,ba,1,spb,socialhum,hist,7.5,115,27
2101,2,ba,1,spb,socialhum,hist,7.5,74,22
2102,1,ba,1,spb,socialhum,hist,7.3,204,46
2103,0,ba,1,spb,socialhum,hist,7.3,0,0
2104,1,ba,1,spb,socialhum,hist,7.3,64,16
2105,0,ba,1,spb,socialhum,hist,7.3,0,0
2106,1,ba,1,spb,socialhum,hist,7.3,76,18
2107,0,ba,1,spb,socialhum,hist,7.2,0,0
2108,1,ba,1,spb,socialhum,hist,7.2,151,40
2109,1,ba,1,spb,socialhum,hist,7.2,100,25
2110,2,ba,1,spb,socialhum,hist,7.2,3684,32
2111,1,ba,1,spb,socialhum,hist,7,223,50
2112,1,ba,1,spb,socialhum,hist,7,128,39
2113,2,ba,1,spb,socialhum,hist,6.5,161,27
2114,2,ba,1,spb,socialhum,hist,6.5,106,38
2115,0,ba,1,spb,socialhum,hist,6.5,0,0
2116,2,ba,1,spb,socialhum,hist,6.3,374,33
2117,1,ba,1,spb,socialhum,hist,6.5,90,26
2118,2,ba,1,spb,socialhum,hist,6.2,3,2
2119,0,ba,1,spb,socialhum,hist,6.2,0,0
2120,2,ba,1,spb,socialhum,hist,5.7,71,29
2121,2,ba,1,spb,law,law,8.9,89,53
2122,1,ba,1,spb,law,law,8.4,266,145
2123,2,ba,1,spb,law,law,8.4,253,50
2124,1,ba,1,spb,law,law,8.1,329,50
2125,2,ba,1,spb,law,law,8.1,194,88
2126,0,ba,1,spb,law,law,8,0,0
2127,2,ba,1,spb,law,law,8,373,62
2128,2,ba,1,spb,law,law,7.9,136,42
2129,1,ba,1,spb,law,law,7.9,102,37
2130,1,ba,1,spb,law,law,7.9,35,22
2131,1,ba,1,spb,law,law,7.6,413,138
2132,1,ba,1,spb,law,law,7.7,81,27
2133,1,ba,1,spb,law,law,7.9,345,61
2134,2,ba,1,spb,law,law,7.6,112,52
2135,1,ba,1,spb,law,law,7.6,318,90
2136,1,ba,1,spb,law,law,7.4,40,24
2137,1,ba,1,spb,law,law,7.6,106,46
2138,2,ba,1,spb,law,law,7.6,90,29
2139,2,ba,1,spb,law,law,7.6,155,31
2140,1,ba,1,spb,law,law,7.1,236,49
2141,2,ba,1,spb,law,law,7.4,235,68
2142,1,ba,1,spb,law,law,7.3,191,36
2143,1,ba,1,spb,law,law,7.4,435,162
2144,1,ba,1,spb,law,law,7.6,152,50
2145,1,ba,1,spb,law,law,7.4,113,46
2146,2,ba,1,spb,law,law,7.4,108,22
2147,1,ba,1,spb,law,law,7.4,87,38
2148,2,ba,1,spb,law,law,7.1,267,84
2149,2,ba,1,spb,law,law,7.1,111,33
2150,1,ba,1,spb,law,law,7.3,193,73
2151,2,ba,1,spb,law,law,7.3,170,89
2152,2,ba,1,spb,law,law,7.1,302,200
2153,1,ba,1,spb,law,law,7,301,51
2154,1,ba,1,spb,law,law,7.1,170,63
2155,1,ba,1,spb,law,law,7.1,309,48
2156,1,ba,1,spb,law,law,7.3,286,33
2157,1,ba,1,spb,law,law,7.1,102,53
2158,1,ba,1,spb,law,law,7,30,14
2159,2,ba,1,spb,law,law,7.1,53,33
2160,1,ba,1,spb,law,law,7.1,145,24
2161,0,ba,1,spb,law,law,7.1,0,0
2162,1,ba,1,spb,law,law,7,89,44
2163,1,ba,1,spb,law,law,7,77,14
2164,1,ba,1,spb,law,law,7,129,58
2165,1,ba,1,spb,law,law,7,218,43
2166,2,ba,1,spb,law,law,6.9,452,108
2167,1,ba,1,spb,law,law,6.9,166,43
2168,1,ba,1,spb,law,law,6.9,323,91
2169,1,ba,1,spb,law,law,6.7,195,65
2170,1,ba,1,spb,law,law,7,139,75
2171,1,ba,1,spb,law,law,6.7,80,41
2172,2,ba,1,spb,law,law,6.9,100,41
2173,2,ba,1,spb,law,law,6.7,130,22
2174,1,ba,1,spb,law,law,6.7,124,40
2175,1,ba,1,spb,law,law,6.6,300,42
2176,1,ba,1,spb,law,law,6.6,232,85
2177,2,ba,1,spb,law,law,6.6,145,37
2178,1,ba,1,spb,law,law,6.4,158,57
2179,1,ba,1,spb,law,law,6.4,44,28
2180,1,ba,1,spb,law,law,6.6,150,68
2181,1,ba,1,spb,law,law,6.6,132,45
2182,1,ba,1,spb,law,law,6.6,99,31
2183,1,ba,1,spb,law,law,6.6,190,36
2184,2,ba,1,spb,law,law,6.6,387,93
2185,2,ba,1,spb,law,law,6.4,188,106
2186,1,ba,1,spb,law,law,6.3,144,52
2187,1,ba,1,spb,law,law,6.4,73,14
2188,1,ba,1,spb,law,law,6.6,70,30
2189,1,ba,1,spb,law,law,6.4,153,40
2190,2,ba,1,spb,law,law,6.4,393,98
2191,1,ba,1,spb,law,law,6.3,65,21
2192,1,ba,1,spb,law,law,6.3,124,42
2193,1,ba,1,spb,law,law,6.4,157,41
2194,2,ba,1,spb,law,law,6.4,82,28
2195,1,ba,1,spb,law,law,6.3,155,36
2196,0,ba,1,spb,law,law,6.6,0,0
2197,1,ba,1,spb,law,law,6.4,207,29
2198,1,ba,1,spb,law,law,6.3,52,19
2199,2,ba,1,spb,law,law,6.3,52,24
2200,1,ba,1,spb,law,law,6.1,136,69
2201,1,ba,1,spb,law,law,6.4,188,93
2202,2,ba,1,spb,law,law,6.3,182,64
2203,1,ba,1,spb,law,law,6.3,214,52
2204,2,ba,1,spb,law,law,6.3,113,42
2205,1,ba,1,spb,law,law,6.3,335,60
2206,1,ba,1,spb,law,law,6,115,33
2207,1,ba,1,spb,law,law,6,152,36
2208,2,ba,1,spb,law,law,6.3,167,41
2209,1,ba,1,spb,law,law,6.1,11,1
2210,1,ba,1,spb,law,law,6.1,93,29
2211,1,ba,1,spb,law,law,6,49,24
2212,1,ba,1,spb,law,law,6.4,290,81
2213,0,ba,1,spb,law,law,6.1,0,0
2214,1,ba,1,spb,law,law,6,101,30
2215,1,ba,1,spb,law,law,6.1,141,31
2216,1,ba,1,spb,law,law,5.9,125,48
2217,2,ba,1,spb,law,law,6.1,450,182
2218,2,ba,1,spb,law,law,6,162,35
2219,1,ba,1,spb,law,law,5.9,153,35
2220,2,ba,1,spb,law,law,6.1,104,65
2221,2,ba,1,spb,law,law,6,174,51
2222,1,ba,1,spb,law,law,5.9,160,80
2223,1,ba,1,spb,law,law,6,153,39
2224,1,ba,1,spb,law,law,5.9,88,37
2225,2,ba,1,spb,law,law,5.9,228,49
2226,2,ba,1,spb,law,law,6,179,116
2227,1,ba,1,spb,law,law,5.7,134,49
2228,1,ba,1,spb,law,law,5.6,208,55
2229,2,ba,1,spb,law,law,6,183,54
2230,0,ba,1,spb,law,law,5.9,0,0
2231,1,ba,1,spb,law,law,5.7,83,44
2232,2,ba,1,spb,law,law,5.9,67,16
2233,0,ba,1,spb,law,law,5.9,0,0
2234,2,ba,1,spb,law,law,5.9,100,42
2235,1,ba,1,spb,law,law,5.9,40,22
2236,2,ba,1,spb,law,law,6,84,33
2237,1,ba,1,spb,law,law,5.9,204,53
2238,2,ba,1,spb,law,law,5.7,120,50
2239,1,ba,1,spb,law,law,5.7,174,53
2240,2,ba,1,spb,law,law,5.6,54,13
2241,1,ba,1,spb,law,law,5.6,371,52
2242,1,ba,1,spb,law,law,5.7,147,25
2243,2,ba,1,spb,law,law,5.7,0,0
2244,2,ba,1,spb,law,law,5.6,69,51
2245,2,ba,1,spb,law,law,5.6,212,91
2246,1,ba,1,spb,law,law,5.6,281,56
2247,2,ba,1,spb,law,law,5.6,161,34
2248,1,ba,1,spb,law,law,5.4,250,50
2249,1,ba,1,spb,law,law,5.4,99,50
2250,2,ba,1,spb,law,law,5.1,422,106
2251,2,ba,1,spb,law,law,5.4,1,0
2252,1,ba,1,spb,law,law,5.4,148,40
2253,2,ba,1,spb,law,law,5.3,256,67
2254,1,ba,1,spb,law,law,5.4,212,34
2255,1,ba,1,spb,law,law,5.4,198,50
2256,1,ba,1,spb,law,law,5.3,177,52
2257,2,ba,1,spb,law,law,5.1,101,30
2258,2,ba,1,spb,law,law,5.3,179,45
2259,1,ba,1,spb,law,law,5.3,58,25
2260,2,ba,1,spb,law,law,5.1,168,66
2261,1,ba,1,spb,law,law,5.1,313,46
2262,1,ba,1,spb,law,law,5,365,100
2263,2,ba,1,spb,law,law,5.3,469,72
2264,1,ba,1,spb,law,law,5.1,84,28
2265,1,ba,1,spb,law,law,5.1,177,45
2266,0,ba,1,spb,law,law,5,0,0
2267,1,ba,1,spb,law,law,5,118,39
2268,2,ba,1,spb,law,law,5,214,63
2269,2,ba,1,spb,law,law,5,88,25
2270,1,ba,1,spb,law,law,5,199,35
2271,2,ba,1,spb,law,law,4.9,66,18
2272,2,ba,1,spb,law,law,4.9,101,43
2273,1,ba,1,spb,law,law,4.9,155,60
2274,2,ba,1,spb,law,law,4.6,0,0
2275,1,ba,1,spb,law,law,4.9,112,34
2276,2,ba,1,spb,law,law,4.7,0,0
2277,2,ba,1,spb,law,law,4.7,126,53
2278,2,ba,1,spb,law,law,4.6,82,30
2279,1,ba,1,spb,law,law,4.4,48,19
2280,0,ba,1,spb,law,law,5.2,0,0
2281,2,ba,1,spb,law,law,5,93,19
2282,1,ba,1,spb,law,law,4,112,34
2283,1,ba,1,spb,law,law,4,447,131
2284,2,ba,1,spb,law,law,5.5,64,18
2285,1,ba,1,spb,law,law,4.2,149,18
2286,2,ba,1,spb,law,law,3.7,175,47
2287,1,ba,1,spb,law,law,4.4,93,8
2288,1,ba,1,spb,econman,management,9,87,43
2289,2,ba,1,spb,econman,management,9,143,44
2290,1,ba,1,spb,econman,management,9,321,138
2291,2,ba,1,spb,econman,management,8.7,308,46
2292,2,ba,1,spb,econman,management,8.9,153,107
2293,1,ba,1,spb,econman,management,8.9,323,76
2294,1,ba,1,spb,econman,management,8.6,64,43
2295,1,ba,1,spb,econman,management,8.7,333,105
2296,1,ba,1,spb,econman,management,8.4,324,60
2297,1,ba,1,spb,econman,management,8.6,516,94
2298,1,ba,1,spb,econman,management,8.4,143,56
2299,1,ba,1,spb,econman,management,8.4,76,40
2300,0,ba,1,spb,econman,management,8.4,0,0
2301,1,ba,1,spb,econman,management,8.3,454,135
2302,1,ba,1,spb,econman,management,8.3,167,59
2303,1,ba,1,spb,econman,management,8.3,321,138
2304,2,ba,1,spb,econman,management,8.3,148,60
2305,1,ba,1,spb,econman,management,8.1,129,51
2306,1,ba,1,spb,econman,management,8.1,111,60
2307,1,ba,1,spb,econman,management,8.3,123,49
2308,1,ba,1,spb,econman,management,8.1,334,76
2309,1,ba,1,spb,econman,management,8.1,142,51
2310,2,ba,1,spb,econman,management,8.1,450,112
2311,1,ba,1,spb,econman,management,8.3,186,58
2312,2,ba,1,spb,econman,management,8.3,255,52
2313,1,ba,1,spb,econman,management,8,1173,74
2314,1,ba,1,spb,econman,management,8,238,60
2315,1,ba,1,spb,econman,management,7.7,77,18
2316,1,ba,1,spb,econman,management,8,361,115
2317,1,ba,1,spb,econman,management,7.9,47,34
2318,1,ba,1,spb,econman,management,7.7,108,35
2319,0,ba,1,spb,econman,management,7.9,0,0
2320,2,ba,1,spb,econman,management,7.9,49,27
2321,1,ba,1,spb,econman,management,7.9,304,51
2322,1,ba,1,spb,econman,management,7.9,307,80
2323,2,ba,1,spb,econman,management,7.6,123,77
2324,2,ba,1,spb,econman,management,7.3,0,0
2325,1,ba,1,spb,econman,management,7.7,152,62
2326,1,ba,1,spb,econman,management,7.7,313,90
2327,1,ba,1,spb,econman,management,7.4,352,69
2328,1,ba,1,spb,econman,management,7.9,122,43
2329,2,ba,1,spb,econman,management,7.6,332,65
2330,2,ba,1,spb,econman,management,7.9,73,42
2331,1,ba,1,spb,econman,management,7.7,15,1
2332,1,ba,1,spb,econman,management,7.7,333,86
2333,2,ba,1,spb,econman,management,7.7,100,47
2334,1,ba,1,spb,econman,management,7.6,129,51
2335,1,ba,1,spb,econman,management,7.7,156,87
2336,1,ba,1,spb,econman,management,7.9,204,44
2337,2,ba,1,spb,econman,management,7.9,82,43
2338,1,ba,1,spb,econman,management,7.7,127,59
2339,2,ba,1,spb,econman,management,7.7,113,85
2340,1,ba,1,spb,econman,management,7.7,148,47
2341,1,ba,1,spb,econman,management,7.4,253,65
2342,1,ba,1,spb,econman,management,7.4,195,81
2343,2,ba,1,spb,econman,management,7.4,615,164
2344,2,ba,1,spb,econman,management,7.4,119,29
2345,1,ba,1,spb,econman,management,7.3,154,43
2346,2,ba,1,spb,econman,management,7.1,311,75
2347,2,ba,1,spb,econman,management,7.3,286,46
2348,2,ba,1,spb,econman,management,7.1,311,58
2349,1,ba,1,spb,econman,management,7.1,380,75
2350,1,ba,1,spb,econman,management,7.1,109,42
2351,1,ba,1,spb,econman,management,7.1,145,38
2352,1,ba,1,spb,econman,management,7.3,282,91
2353,1,ba,1,spb,econman,management,7.1,293,126
2354,2,ba,1,spb,econman,management,7.4,536,146
2355,2,ba,1,spb,econman,management,7,194,57
2356,2,ba,1,spb,econman,management,7.1,415,69
2357,1,ba,1,spb,econman,management,7.1,67,34
2358,1,ba,1,spb,econman,management,7.3,428,101
2359,1,ba,1,spb,econman,management,7.1,275,45
2360,1,ba,1,spb,econman,management,7.1,286,75
2361,1,ba,1,spb,econman,management,7,92,25
2362,2,ba,1,spb,econman,management,7.1,174,73
2363,1,ba,1,spb,econman,management,7,169,82
2364,2,ba,1,spb,econman,management,7.1,208,62
2365,1,ba,1,spb,econman,management,7.1,207,41
2366,1,ba,1,spb,econman,management,7,451,114
2367,0,ba,1,spb,econman,management,7.1,0,0
2368,1,ba,1,spb,econman,management,7.1,381,64
2369,1,ba,1,spb,econman,management,7.1,156,40
2370,1,ba,1,spb,econman,management,7.1,711,81
2371,1,ba,1,spb,econman,management,6.9,209,51
2372,1,ba,1,spb,econman,management,6.9,119,43
2373,2,ba,1,spb,econman,management,6.9,102,49
2374,2,ba,1,spb,econman,management,6.7,102,42
2375,1,ba,1,spb,econman,management,7,194,40
2376,1,ba,1,spb,econman,management,6.9,914,126
2377,1,ba,1,spb,econman,management,6.7,239,75
2378,2,ba,1,spb,econman,management,6.9,141,45
2379,1,ba,1,spb,econman,management,6.9,79,43
2380,0,ba,1,spb,econman,management,6.9,0,0
2381,1,ba,1,spb,econman,management,6.9,104,43
2382,1,ba,1,spb,econman,management,6.6,497,63
2383,2,ba,1,spb,econman,management,7,251,174
2384,1,ba,1,spb,econman,management,7,27,11
2385,0,ba,1,spb,econman,management,6.9,0,0
2386,2,ba,1,spb,econman,management,6.9,268,97
2387,2,ba,1,spb,econman,management,6.7,189,53
2388,0,ba,1,spb,econman,management,6.7,0,0
2389,0,ba,1,spb,econman,management,6.9,0,0
2390,0,ba,1,spb,econman,management,6.6,0,0
2391,1,ba,1,spb,econman,management,6.6,203,11
2392,2,ba,1,spb,econman,management,6.6,77,31
2393,1,ba,1,spb,econman,management,6.7,52,37
2394,1,ba,1,spb,econman,management,6.7,217,84
2395,1,ba,1,spb,econman,management,6.7,167,30
2396,1,ba,1,spb,econman,management,6.9,152,54
2397,2,ba,1,spb,econman,management,6.6,250,110
2398,1,ba,1,spb,econman,management,6.7,46,28
2399,1,ba,1,spb,econman,management,6.7,96,43
2400,1,ba,1,spb,econman,management,6.6,180,66
2401,1,ba,1,spb,econman,management,6.6,293,151
2402,1,ba,1,spb,econman,management,6.6,170,38
2403,1,ba,1,spb,econman,management,6.6,142,51
2404,2,ba,1,spb,econman,management,6.4,12,7
2405,1,ba,1,spb,econman,management,6.6,354,106
2406,1,ba,1,spb,econman,management,6.6,346,78
2407,1,ba,1,spb,econman,management,6.6,0,0
2408,1,ba,1,spb,econman,management,6.7,177,64
2409,1,ba,1,spb,econman,management,6.7,315,90
2410,2,ba,1,spb,econman,management,6.6,160,87
2411,0,ba,1,spb,econman,management,6.4,0,0
2412,2,ba,1,spb,econman,management,6.6,202,135
2413,2,ba,1,spb,econman,management,6.6,191,49
2414,2,ba,1,spb,econman,management,6.3,160,49
2415,2,ba,1,spb,econman,management,6.3,94,56
2416,1,ba,1,spb,econman,management,6.3,225,56
2417,1,ba,1,spb,econman,management,6.3,167,38
2418,2,ba,1,spb,econman,management,6.4,267,39
2419,2,ba,1,spb,econman,management,6.4,2228,66
2420,2,ba,1,spb,econman,management,6.4,206,54
2421,1,ba,1,spb,econman,management,6.3,129,52
2422,2,ba,1,spb,econman,management,6.3,199,56
2423,1,ba,1,spb,econman,management,6.1,99,42
2424,1,ba,1,spb,econman,management,6.3,409,83
2425,0,ba,1,spb,econman,management,6.1,0,0
2426,2,ba,1,spb,econman,management,6.3,248,84
2427,1,ba,1,spb,econman,management,6.3,196,77
2428,1,ba,1,spb,econman,management,6.3,78,49
2429,0,ba,1,spb,econman,management,6.1,0,0
2430,2,ba,1,spb,econman,management,6.1,117,34
2431,2,ba,1,spb,econman,management,6.1,149,46
2432,1,ba,1,spb,econman,management,6.1,203,60
2433,1,ba,1,spb,econman,management,6.1,363,152
2434,2,ba,1,spb,econman,management,6,229,44
2435,1,ba,1,spb,econman,management,5.9,227,32
2436,2,ba,1,spb,econman,management,6,405,109
2437,1,ba,1,spb,econman,management,6,255,51
2438,1,ba,1,spb,econman,management,6.1,283,77
2439,2,ba,1,spb,econman,management,6.1,109,48
2440,1,ba,1,spb,econman,management,6,183,97
2441,1,ba,1,spb,econman,management,6,219,57
2442,2,ba,1,spb,econman,management,6,169,35
2443,0,ba,1,spb,econman,management,5.9,0,0
2444,2,ba,1,spb,econman,management,5.6,355,109
2445,2,ba,1,spb,econman,management,5.7,115,36
2446,2,ba,1,spb,econman,management,5.6,85,59
2447,2,ba,1,spb,econman,management,5.6,58,13
2448,2,ba,1,spb,econman,management,5.7,122,32
2449,1,ba,1,spb,econman,management,5.6,245,45
2450,2,ba,1,spb,econman,management,5.3,241,52
2451,2,ba,1,spb,econman,management,5.4,236,49
2452,2,ba,1,spb,econman,management,5,0,0
2453,2,ba,1,spb,econman,management,5,160,31
2454,2,ba,1,spb,econman,management,4.5,230,63
2455,2,ba,1,spb,econman,management,3.7,133,30
2456,1,ba,1,spb,socialhum,political,9.3,283,109
2457,2,ba,1,spb,socialhum,political,9.1,53,36
2458,2,ba,1,spb,socialhum,political,9.1,241,79
2459,1,ba,1,spb,socialhum,political,9.1,324,84
2460,1,ba,1,spb,socialhum,political,9,457,112
2461,2,ba,1,spb,socialhum,political,9,150,21
2462,1,ba,1,spb,socialhum,political,9,240,78
2463,0,ba,1,spb,socialhum,political,8.9,0,0
2464,0,ba,1,spb,socialhum,political,8.9,0,0
2465,1,ba,1,spb,socialhum,political,8.9,545,130
2466,2,ba,1,spb,socialhum,political,8.9,116,50
2467,1,ba,1,spb,socialhum,political,8.7,134,48
2468,0,ba,1,spb,socialhum,political,8.7,0,0
2469,2,ba,1,spb,socialhum,political,8.7,110,21
2470,1,ba,1,spb,socialhum,political,8.7,271,64
2471,1,ba,1,spb,socialhum,political,8.7,279,85
2472,0,ba,1,spb,socialhum,political,8.4,0,0
2473,2,ba,1,spb,socialhum,political,8.4,156,28
2474,1,ba,1,spb,socialhum,political,8.4,79,35
2475,2,ba,1,spb,socialhum,political,8.4,132,36
2476,1,ba,1,spb,socialhum,political,8.3,111,42
2477,1,ba,1,spb,socialhum,political,8.4,199,59
2478,1,ba,1,spb,socialhum,political,8.3,74,25
2479,1,ba,1,spb,socialhum,political,8.3,678,66
2480,1,ba,1,spb,socialhum,political,8.3,279,102
2481,1,ba,1,spb,socialhum,political,8.3,290,69
2482,1,ba,1,spb,socialhum,political,8.1,136,31
2483,1,ba,1,spb,socialhum,political,8.1,188,72
2484,0,ba,1,spb,socialhum,political,8.1,0,0
2485,2,ba,1,spb,socialhum,political,8.1,88,48
2486,2,ba,1,spb,socialhum,political,8,123,61
2487,1,ba,1,spb,socialhum,political,8.1,875,169
2488,1,ba,1,spb,socialhum,political,8,231,43
2489,2,ba,1,spb,socialhum,political,7.9,107,44
2490,2,ba,1,spb,socialhum,political,7.9,60,39
2491,1,ba,1,spb,socialhum,political,7.9,137,64
2492,2,ba,1,spb,socialhum,political,7.6,222,59
2493,1,ba,1,spb,socialhum,political,7.9,159,46
2494,1,ba,1,spb,socialhum,political,7.9,107,35
2495,1,ba,1,spb,socialhum,political,7.6,714,88
2496,1,ba,1,spb,socialhum,political,7.6,110,26
2497,1,ba,1,spb,socialhum,political,7.6,242,55
2498,1,ba,1,spb,socialhum,political,7.6,110,60
2499,1,ba,1,spb,socialhum,political,7.3,175,79
2500,2,ba,1,spb,socialhum,political,7.6,227,72
2501,2,ba,1,spb,socialhum,political,7.4,32,0
2502,1,ba,1,spb,socialhum,political,7.4,299,58
2503,1,ba,1,spb,socialhum,political,7.6,105,40
2504,1,ba,1,spb,socialhum,political,7.3,229,72
2505,2,ba,1,spb,socialhum,political,7.1,123,37
2506,2,ba,1,spb,socialhum,political,7.1,356,83
2507,2,ba,1,spb,socialhum,political,7.1,727,59
2508,1,ba,1,spb,socialhum,political,7,168,41
2509,1,ba,1,spb,socialhum,political,7.1,226,70
2510,1,ba,1,spb,socialhum,political,7.1,128,30
2511,1,ba,1,spb,socialhum,political,7.3,158,48
2512,2,ba,1,spb,socialhum,political,7,115,44
2513,1,ba,1,spb,socialhum,political,7,63,4
2514,0,ba,1,spb,socialhum,political,6.9,0,0
2515,1,ba,1,spb,socialhum,political,7,582,86
2516,2,ba,1,spb,socialhum,political,6.9,273,41
2517,2,ba,1,spb,socialhum,political,6.9,208,55
2518,2,ba,1,spb,socialhum,political,6.9,247,22
2519,0,ba,1,spb,socialhum,political,6.7,0,0
2520,1,ba,1,spb,socialhum,political,6.6,76,24
2521,2,ba,1,spb,socialhum,political,6.6,182,42
2522,1,ba,1,spb,socialhum,political,6.1,227,52
2523,2,ba,1,spb,socialhum,political,6.6,92,38
2524,2,ba,1,spb,socialhum,political,5.9,78,19
2525,2,ba,1,spb,socialhum,political,5.9,177,36
2526,1,ba,1,spb,socialhum,soc,8.8,272,72
2527,1,ba,1,spb,socialhum,soc,8.7,554,123
2528,1,ba,1,spb,socialhum,soc,8.7,117,40
2529,1,ba,1,spb,socialhum,soc,8.5,244,86
2530,1,ba,1,spb,socialhum,soc,8.3,168,96
2531,0,ba,1,spb,socialhum,soc,8.5,0,0
2532,1,ba,1,spb,socialhum,soc,8.3,182,113
2533,1,ba,1,spb,socialhum,soc,8.3,212,70
2534,1,ba,1,spb,socialhum,soc,8.2,119,54
2535,1,ba,1,spb,socialhum,soc,8.2,143,53
2536,1,ba,1,spb,socialhum,soc,8.2,170,88
2537,1,ba,1,spb,socialhum,soc,8,313,58
2538,1,ba,1,spb,socialhum,soc,8.2,193,58
2539,1,ba,1,spb,socialhum,soc,8.2,90,67
2540,1,ba,1,spb,socialhum,soc,7.8,196,39
2541,1,ba,1,spb,socialhum,soc,7.7,295,134
2542,0,ba,1,spb,socialhum,soc,8,0,0
2543,1,ba,1,spb,socialhum,soc,7.7,139,41
2544,1,ba,1,spb,socialhum,soc,7.8,177,55
2545,1,ba,1,spb,socialhum,soc,7.8,123,50
2546,1,ba,1,spb,socialhum,soc,7.8,24,0
2547,1,ba,1,spb,socialhum,soc,7.7,139,68
2548,1,ba,1,spb,socialhum,soc,7.2,320,77
2549,2,ba,1,spb,socialhum,soc,7.3,115,47
2550,1,ba,1,spb,socialhum,soc,7.7,472,89
2551,1,ba,1,spb,socialhum,soc,7.5,139,65
2552,1,ba,1,spb,socialhum,soc,7.5,728,98
2553,1,ba,1,spb,socialhum,soc,7.5,83,42
2554,1,ba,1,spb,socialhum,soc,7.2,127,26
2555,0,ba,1,spb,socialhum,soc,6.8,0,0
2556,1,ba,1,spb,socialhum,soc,7.3,231,63
2557,1,ba,1,spb,socialhum,soc,7.2,209,57
2558,1,ba,1,spb,socialhum,soc,6.8,118,29
2559,1,ba,1,spb,socialhum,soc,7.3,170,56
2560,2,ba,1,spb,socialhum,soc,7.6,164,71
2561,1,ba,1,spb,socialhum,soc,7.3,629,119
2562,1,ba,1,spb,socialhum,soc,7.2,215,77
2563,1,ba,1,spb,socialhum,soc,6.7,102,50
2564,1,ba,1,spb,socialhum,soc,7.2,224,84
2565,2,ba,1,spb,socialhum,soc,7.2,349,81
2566,2,ba,1,spb,socialhum,soc,6.9,1314,279
2567,1,ba,1,spb,socialhum,soc,6.3,37,25
2568,1,ba,1,spb,socialhum,soc,7,441,67
2569,1,ba,1,spb,socialhum,soc,7,207,70
2570,1,ba,1,spb,socialhum,soc,7.2,178,43
2571,1,ba,1,spb,socialhum,soc,7,264,8
2572,2,ba,1,spb,socialhum,soc,6.3,27,7
2573,2,ba,1,spb,socialhum,soc,7,1268,89
2574,1,ba,1,spb,socialhum,soc,7,232,44
2575,1,ba,1,spb,socialhum,soc,6.8,131,46
2576,1,ba,1,spb,socialhum,soc,6.7,169,49
2577,1,ba,1,spb,socialhum,soc,6,123,39
2578,2,ba,1,spb,socialhum,soc,5.8,291,70
2579,1,ba,1,spb,socialhum,soc,6.5,86,41
2580,2,ba,1,spb,socialhum,soc,6.2,262,32
2581,1,ba,1,spb,socialhum,soc,6.2,346,64
2582,1,ba,1,spb,socialhum,soc,6.2,124,53
2583,1,ba,1,spb,socialhum,soc,6,192,46
2584,2,ba,1,spb,socialhum,soc,5.2,124,8
2585,1,ba,1,spb,econman,gmu,8.7,363,52
2586,1,ba,1,spb,econman,gmu,8.5,296,38
2587,1,ba,1,spb,econman,gmu,8.7,83,45
2588,1,ba,1,spb,econman,gmu,8.7,611,68
2589,1,ba,1,spb,econman,gmu,8.7,143,44
2590,1,ba,1,spb,econman,gmu,8.5,98,56
2591,1,ba,1,spb,econman,gmu,8.5,259,50
2592,1,ba,1,spb,econman,gmu,8.5,146,54
2593,1,ba,1,spb,econman,gmu,8.3,144,37
2594,1,ba,1,spb,econman,gmu,8.5,384,132
2595,0,ba,1,spb,econman,gmu,8.2,0,0
2596,1,ba,1,spb,econman,gmu,8.3,294,96
2597,1,ba,1,spb,econman,gmu,8.2,96,22
2598,1,ba,1,spb,econman,gmu,8,271,41
2599,1,ba,1,spb,econman,gmu,8,202,91
2600,1,ba,1,spb,econman,gmu,8,273,46
2601,1,ba,1,spb,econman,gmu,8.2,282,64
2602,1,ba,1,spb,econman,gmu,7.8,339,74
2603,1,ba,1,spb,econman,gmu,7.8,202,45
2604,2,ba,1,spb,econman,gmu,8.2,32,0
2605,2,ba,1,spb,econman,gmu,8.2,93,41
2606,1,ba,1,spb,econman,gmu,8.2,196,49
2607,1,ba,1,spb,econman,gmu,8,188,40
2608,1,ba,1,spb,econman,gmu,8,97,37
2609,1,ba,1,spb,econman,gmu,7.8,76,37
2610,1,ba,1,spb,econman,gmu,7.8,153,48
2611,1,ba,1,spb,econman,gmu,7.7,284,98
2612,2,ba,1,spb,econman,gmu,7.8,140,70
2613,1,ba,1,spb,econman,gmu,8,83,38
2614,1,ba,1,spb,econman,gmu,8,136,49
2615,1,ba,1,spb,econman,gmu,7.7,271,41
2616,1,ba,1,spb,econman,gmu,8,47,17
2617,1,ba,1,spb,econman,gmu,7.8,153,37
2618,2,ba,1,spb,econman,gmu,7.5,196,99
2619,2,ba,1,spb,econman,gmu,7.7,227,64
2620,0,ba,1,spb,econman,gmu,7.5,0,0
2621,2,ba,1,spb,econman,gmu,7.7,179,48
2622,2,ba,1,spb,econman,gmu,7.7,265,71
2623,2,ba,1,spb,econman,gmu,7.3,181,43
2624,1,ba,1,spb,econman,gmu,7.7,31,13
2625,1,ba,1,spb,econman,gmu,7.7,160,26
2626,2,ba,1,spb,econman,gmu,7.7,123,51
2627,0,ba,1,spb,econman,gmu,7.3,0,0
2628,1,ba,1,spb,econman,gmu,7.3,256,60
2629,1,ba,1,spb,econman,gmu,7.2,229,44
2630,1,ba,1,spb,econman,gmu,7.5,0,0
2631,1,ba,1,spb,econman,gmu,7.3,61,9
2632,2,ba,1,spb,econman,gmu,7.7,198,50
2633,0,ba,1,spb,econman,gmu,7.5,0,0
2634,1,ba,1,spb,econman,gmu,7,221,67
2635,1,ba,1,spb,econman,gmu,7.2,72,46
2636,1,ba,1,spb,econman,gmu,7.2,1080,203
2637,1,ba,1,spb,econman,gmu,7.2,239,78
2638,1,ba,1,spb,econman,gmu,7,130,50
2639,2,ba,1,spb,econman,gmu,7,74,27
2640,1,ba,1,spb,econman,gmu,7,225,102
2641,1,ba,1,spb,econman,gmu,7,893,200
2642,1,ba,1,spb,econman,gmu,7,181,54
2643,2,ba,1,spb,econman,gmu,7,548,61
2644,1,ba,1,spb,econman,gmu,6.8,161,40
2645,2,ba,1,spb,econman,gmu,6.7,116,29
2646,1,ba,1,spb,econman,gmu,6.7,215,73
2647,1,ba,1,spb,econman,gmu,5.7,413,44
2648,0,ba,1,spb,socialhum,oriental,9.6,0,0
2649,2,ba,1,spb,socialhum,oriental,9.5,105,37
2650,1,ba,1,spb,socialhum,oriental,9.2,692,95
2651,1,ba,1,spb,socialhum,oriental,9.4,93,36
2652,1,ba,1,spb,socialhum,oriental,9.4,208,80
2653,1,ba,1,spb,socialhum,oriental,9.4,140,33
2654,2,ba,1,spb,socialhum,oriental,9.2,109,41
2655,1,ba,1,spb,socialhum,oriental,9.2,281,76
2656,1,ba,1,spb,socialhum,oriental,9.2,71,25
2657,1,ba,1,spb,socialhum,oriental,9.2,227,35
2658,1,ba,1,spb,socialhum,oriental,9.1,204,74
2659,1,ba,1,spb,socialhum,oriental,9.1,198,33
2660,1,ba,1,spb,socialhum,oriental,9,316,78
2661,2,ba,1,spb,socialhum,oriental,9.1,30,13
2662,1,ba,1,spb,socialhum,oriental,9,144,22
2663,1,ba,1,spb,socialhum,oriental,9,218,39
2664,1,ba,1,spb,socialhum,oriental,8.9,150,38
2665,2,ba,1,spb,socialhum,oriental,9,57,22
2666,1,ba,1,spb,socialhum,oriental,9,264,39
2667,1,ba,1,spb,socialhum,oriental,8.9,72,28
2668,1,ba,1,spb,socialhum,oriental,9,149,35
2669,1,ba,1,spb,socialhum,oriental,8.9,95,16
2670,1,ba,1,spb,socialhum,oriental,8.9,0,0
2671,1,ba,1,spb,socialhum,oriental,8.9,53,20
2672,1,ba,1,spb,socialhum,oriental,8.9,60,27
2673,1,ba,1,spb,socialhum,oriental,8.9,92,49
2674,1,ba,1,spb,socialhum,oriental,8.8,68,17
2675,1,ba,1,spb,socialhum,oriental,8.8,44,18
2676,0,ba,1,spb,socialhum,oriental,8.8,0,0
2677,1,ba,1,spb,socialhum,oriental,8.8,139,38
2678,2,ba,1,spb,socialhum,oriental,8.6,51,15
2679,1,ba,1,spb,socialhum,oriental,8.5,90,44
2680,1,ba,1,spb,socialhum,oriental,8.6,226,65
2681,1,ba,1,spb,socialhum,oriental,8.1,340,142
2682,1,ba,1,spb,socialhum,oriental,8.6,208,66
2683,1,ba,1,spb,socialhum,oriental,8.2,61,22
2684,1,ba,1,spb,socialhum,oriental,8.5,162,46
2685,1,ba,1,spb,socialhum,oriental,8.4,96,14
2686,1,ba,1,spb,socialhum,oriental,8.4,200,64
2687,2,ba,1,spb,socialhum,oriental,8.2,208,53
2688,2,ba,1,spb,socialhum,oriental,8.2,205,44
2689,2,ba,1,spb,socialhum,oriental,8.2,245,56
2690,1,ba,1,spb,socialhum,oriental,8.2,214,57
2691,1,ba,1,spb,socialhum,oriental,8.1,121,38
2692,1,ba,1,spb,socialhum,oriental,8.1,156,44
2693,1,ba,1,spb,socialhum,oriental,8.1,325,64
2694,1,ba,1,spb,socialhum,oriental,8,101,28
2695,1,ba,1,spb,socialhum,oriental,8.1,152,42
2696,0,ba,1,spb,socialhum,oriental,8.1,0,0
2697,1,ba,1,spb,socialhum,oriental,8.1,111,56
2698,1,ba,1,spb,socialhum,oriental,8,108,37
2699,1,ba,1,spb,socialhum,oriental,7.9,67,33
2700,1,ba,1,spb,socialhum,oriental,8,12,8
2701,2,ba,1,spb,socialhum,oriental,7.9,123,51
2702,1,ba,1,spb,socialhum,oriental,8,96,36
2703,1,ba,1,spb,socialhum,oriental,8,263,32
2704,1,ba,1,spb,socialhum,oriental,8,175,55
2705,1,ba,1,spb,socialhum,oriental,7.9,241,27
2706,1,ba,1,spb,socialhum,oriental,7.9,146,68
2707,2,ba,1,spb,socialhum,oriental,8,393,102
2708,2,ba,1,spb,socialhum,oriental,7.8,238,59
2709,1,ba,1,spb,socialhum,oriental,7.6,223,66
2710,1,ba,1,spb,socialhum,oriental,7.8,118,32
2711,1,ba,1,spb,socialhum,oriental,7.8,168,61
2712,1,ba,1,spb,socialhum,oriental,7.5,105,32
2713,0,ba,1,spb,socialhum,oriental,7.6,0,0
2714,2,ba,1,spb,socialhum,oriental,7.6,146,70
2715,1,ba,1,spb,socialhum,oriental,7.5,168,58
2716,2,ba,1,spb,socialhum,oriental,7.5,144,21
2717,2,ba,1,spb,socialhum,oriental,7.5,49,29
2718,1,ba,1,spb,socialhum,oriental,7.5,149,48
2719,1,ba,1,spb,socialhum,oriental,7.5,226,51
2720,2,ba,1,spb,socialhum,oriental,7.5,36,28
2721,2,ba,1,spb,socialhum,oriental,7.5,541,117
2722,2,ba,1,spb,socialhum,oriental,7.4,145,36
2723,2,ba,1,spb,socialhum,oriental,7.2,135,27
2724,0,ba,1,spb,socialhum,oriental,7.2,0,0
2725,2,ba,1,spb,socialhum,oriental,7.2,119,48
2726,1,ba,1,spb,socialhum,oriental,7.1,212,26
2727,2,ba,1,spb,socialhum,oriental,7,156,69
2728,2,ba,1,spb,socialhum,oriental,6.9,121,54
2729,1,ba,1,spb,socialhum,oriental,6.8,60,29
2730,2,ba,1,spb,socialhum,oriental,6.6,86,55
2731,2,ba,1,spb,socialhum,oriental,6.5,125,21
2732,1,ba,1,spb,socialhum,oriental,6.5,92,10
2733,1,ba,1,spb,socialhum,oriental,5.8,80,0
2734,2,ba,1,spb,socialhum,oriental,5.5,77,17
2735,2,ba,1,spb,econman,logistics,9.1,465,176
2736,1,ba,1,spb,econman,logistics,9,72,27
2737,1,ba,1,spb,econman,logistics,9,656,123
2738,1,ba,1,spb,econman,logistics,9,474,83
2739,1,ba,1,spb,econman,logistics,8.9,0,0
2740,1,ba,1,spb,econman,logistics,8.9,237,78
2741,1,ba,1,spb,econman,logistics,8.9,139,50
2742,1,ba,1,spb,econman,logistics,8.8,246,46
2743,1,ba,1,spb,econman,logistics,8.8,387,52
2744,1,ba,1,spb,econman,logistics,8.6,195,58
2745,1,ba,1,spb,econman,logistics,8.6,219,72
2746,1,ba,1,spb,econman,logistics,8.6,238,59
2747,1,ba,1,spb,econman,logistics,8.6,130,49
2748,1,ba,1,spb,econman,logistics,8.4,107,42
2749,0,ba,1,spb,econman,logistics,8.6,0,0
2750,1,ba,1,spb,econman,logistics,8.6,161,76
2751,1,ba,1,spb,econman,logistics,8.4,178,64
2752,1,ba,1,spb,econman,logistics,8.5,66,25
2753,1,ba,1,spb,econman,logistics,8.4,54,37
2754,1,ba,1,spb,econman,logistics,8.2,58,17
2755,1,ba,1,spb,econman,logistics,8.5,289,75
2756,1,ba,1,spb,econman,logistics,8.1,97,25
2757,1,ba,1,spb,econman,logistics,8.4,401,80
2758,2,ba,1,spb,econman,logistics,8.2,89,34
2759,1,ba,1,spb,econman,logistics,8.2,157,47
2760,1,ba,1,spb,econman,logistics,8.1,118,40
2761,1,ba,1,spb,econman,logistics,8.1,237,90
2762,1,ba,1,spb,econman,logistics,8.1,233,41
2763,1,ba,1,spb,econman,logistics,7.9,104,42
2764,1,ba,1,spb,econman,logistics,8.1,114,35
2765,1,ba,1,spb,econman,logistics,8.1,103,34
2766,2,ba,1,spb,econman,logistics,8,80,30
2767,1,ba,1,spb,econman,logistics,8.4,156,48
2768,2,ba,1,spb,econman,logistics,8.1,109,45
2769,1,ba,1,spb,econman,logistics,8,148,49
2770,1,ba,1,spb,econman,logistics,8.1,113,28
2771,1,ba,1,spb,econman,logistics,7.8,181,50
2772,1,ba,1,spb,econman,logistics,7.9,283,108
2773,1,ba,1,spb,econman,logistics,7.9,89,32
2774,1,ba,1,spb,econman,logistics,8.2,108,61
2775,2,ba,1,spb,econman,logistics,8,209,70
2776,2,ba,1,spb,econman,logistics,7.9,315,123
2777,2,ba,1,spb,econman,logistics,7.6,91,45
2778,2,ba,1,spb,econman,logistics,7.8,102,26
2779,1,ba,1,spb,econman,logistics,7.6,56,15
2780,1,ba,1,spb,econman,logistics,7.9,123,51
2781,1,ba,1,spb,econman,logistics,7.8,195,38
2782,1,ba,1,spb,econman,logistics,7.6,163,58
2783,2,ba,1,spb,econman,logistics,7.8,251,36
2784,1,ba,1,spb,econman,logistics,7.5,288,89
2785,1,ba,1,spb,econman,logistics,7.2,454,35
2786,1,ba,1,spb,econman,logistics,7.4,95,58
2787,2,ba,1,spb,econman,logistics,7.4,99,36
2788,1,ba,1,spb,econman,logistics,7.5,306,111
2789,1,ba,1,spb,econman,logistics,7.4,536,115
2790,1,ba,1,spb,econman,logistics,7.2,134,31
2791,0,ba,1,spb,econman,logistics,7,0,0
2792,1,ba,1,spb,econman,logistics,7.4,99,31
2793,1,ba,1,spb,econman,logistics,7.4,149,29
2794,1,ba,1,spb,econman,logistics,7.2,173,62
2795,1,ba,1,spb,econman,logistics,7.2,166,57
2796,2,ba,1,spb,econman,logistics,7.4,197,36
2797,1,ba,1,spb,econman,logistics,7,178,18
2798,2,ba,1,spb,econman,logistics,7.2,85,33
2799,1,ba,1,spb,econman,logistics,7.2,132,12
2800,1,ba,1,spb,econman,logistics,7.4,246,85
2801,2,ba,1,spb,econman,logistics,7,150,39
2802,1,ba,1,spb,econman,logistics,7.2,210,57
2803,1,ba,1,spb,econman,logistics,7.4,68,32
2804,1,ba,1,spb,econman,logistics,7,138,34
2805,0,ba,1,spb,econman,logistics,7.1,0,0
2806,1,ba,1,spb,econman,logistics,7,42,25
2807,0,ba,1,spb,econman,logistics,7.1,0,0
2808,1,ba,1,spb,econman,logistics,7,666,1
2809,1,ba,1,spb,econman,logistics,7.1,120,38
2810,0,ba,1,spb,econman,logistics,6.9,0,0
2811,2,ba,1,spb,econman,logistics,6.6,203,90
2812,2,ba,1,spb,econman,logistics,6.8,491,70
2813,0,ba,1,spb,econman,logistics,6.8,0,0
2814,2,ba,1,spb,econman,logistics,6.6,5000,129
2815,1,ba,1,spb,econman,logistics,6.5,180,25
2816,2,ba,1,spb,econman,logistics,6.8,239,84
2817,1,ba,1,spb,econman,logistics,6.8,1028,16
2818,2,ba,1,spb,econman,logistics,6.6,122,37
2819,2,ba,1,spb,econman,logistics,6.2,117,14
2820,1,ba,1,spb,econman,logistics,6.2,181,39
2821,1,ba,1,spb,econman,logistics,6.1,29,5
2822,0,ba,1,spb,econman,logistics,6.4,0,0
2823,2,ba,1,spb,econman,logistics,6.1,293,32
2824,2,ba,1,spb,econman,logistics,6.1,155,9
2825,1,ba,1,spb,econman,logistics,6.2,228,124
2826,2,ba,1,spb,econman,logistics,6,148,23
2827,2,ba,1,spb,econman,logistics,6.2,192,59
2828,1,ba,1,spb,econman,logistics,5.8,148,19
2829,2,ba,1,spb,econman,logistics,5.6,100,45
2830,2,ba,1,spb,econman,logistics,5.5,582,22
2831,2,ba,1,spb,econman,logistics,4.9,268,46
2832,0,ba,1,spb,econman,logistics,4.9,0,0
2833,2,ba,1,spb,econman,logistics,6,167,23
2834,1,ba,1,spb,socialhum,philology,9.3,237,32
2835,1,ba,1,spb,socialhum,philology,9.2,230,34
2836,1,ba,1,spb,socialhum,philology,9.2,441,114
2837,1,ba,1,spb,socialhum,philology,9.2,109,20
2838,1,ba,1,spb,socialhum,philology,9.2,111,30
2839,1,ba,1,spb,socialhum,philology,9,166,61
2840,1,ba,1,spb,socialhum,philology,8.8,0,0
2841,1,ba,1,spb,socialhum,philology,8.8,313,81
2842,1,ba,1,spb,socialhum,philology,8.8,132,26
2843,1,ba,1,spb,socialhum,philology,8.3,122,18
2844,1,ba,1,spb,socialhum,philology,8.7,201,53
2845,2,ba,1,spb,socialhum,philology,8.7,170,24
2846,1,ba,1,spb,socialhum,philology,8.7,140,31
2847,1,ba,1,spb,socialhum,philology,8.7,117,25
2848,2,ba,1,spb,socialhum,philology,8.5,266,61
2849,1,ba,1,spb,socialhum,philology,8.5,183,40
2850,1,ba,1,spb,socialhum,philology,8.5,130,21
2851,0,ba,1,spb,socialhum,philology,8.5,0,0
2852,1,ba,1,spb,socialhum,philology,8.5,275,47
2853,1,ba,1,spb,socialhum,philology,8.5,161,44
2854,1,ba,1,spb,socialhum,philology,8.3,249,36
2855,1,ba,1,spb,socialhum,philology,8.3,254,87
2856,1,ba,1,spb,socialhum,philology,8.3,77,34
2857,1,ba,1,spb,socialhum,philology,8.3,286,64
2858,2,ba,1,spb,socialhum,philology,8.3,176,54
2859,1,ba,1,spb,socialhum,philology,8.3,38,8
2860,1,ba,1,spb,socialhum,philology,8.3,166,74
2861,1,ba,1,spb,socialhum,philology,8.3,14,6
2862,1,ba,1,spb,socialhum,philology,8.3,177,22
2863,1,ba,1,spb,socialhum,philology,8.2,175,42
2864,1,ba,1,spb,socialhum,philology,8.2,248,46
2865,1,ba,1,spb,socialhum,philology,8.2,167,77
2866,1,ba,1,spb,socialhum,philology,8.2,25,3
2867,1,ba,1,spb,socialhum,philology,8,73,25
2868,1,ba,1,spb,socialhum,philology,8,642,68
2869,1,ba,1,spb,socialhum,philology,8,124,44
2870,2,ba,1,spb,socialhum,philology,8,159,58
2871,0,ba,1,spb,socialhum,philology,7.8,0,0
2872,0,ba,1,spb,socialhum,philology,7.8,0,0
2873,0,ba,1,spb,socialhum,philology,7.7,0,0
2874,1,ba,1,spb,socialhum,philology,7.7,186,63
2875,1,ba,1,spb,socialhum,philology,7.7,64,39
2876,1,ba,1,spb,socialhum,philology,7.7,137,43
2877,1,ba,1,spb,socialhum,philology,7.7,172,40
2878,1,ba,1,spb,socialhum,philology,7.7,133,27
2879,1,ba,1,spb,socialhum,philology,7.5,139,27
2880,1,ba,1,spb,socialhum,philology,7.5,106,21
2881,1,ba,1,spb,socialhum,philology,7.5,128,21
2882,1,ba,1,spb,socialhum,philology,7.5,176,38
2883,1,ba,1,spb,socialhum,philology,7.3,103,12
2884,1,ba,1,spb,socialhum,philology,7.3,228,72
2885,1,ba,1,spb,socialhum,philology,7.3,230,68
2886,1,ba,1,spb,socialhum,philology,7.2,128,33
2887,1,ba,1,spb,socialhum,philology,7.3,45,5
2888,1,ba,1,spb,socialhum,philology,7.3,73,26
2889,1,ba,1,spb,socialhum,philology,7.2,158,38
2890,1,ba,1,spb,socialhum,philology,7,174,60
2891,1,ba,1,spb,socialhum,philology,7.2,147,72
2892,1,ba,1,spb,socialhum,philology,7.2,81,32
2893,1,ba,1,spb,socialhum,philology,7.2,80,9
2894,1,ba,1,spb,socialhum,philology,7,202,9
2895,1,ba,1,spb,socialhum,philology,7.2,224,36
2896,2,ba,1,spb,socialhum,philology,7,112,36
2897,1,ba,1,spb,socialhum,philology,7,185,48
2898,1,ba,1,spb,socialhum,philology,6.7,135,79
2899,1,ba,1,spb,socialhum,philology,6.7,1364,9
2900,0,ba,1,spb,socialhum,philology,6.7,0,0
2901,1,ba,1,spb,socialhum,philology,6.7,87,17
2902,1,ba,1,spb,socialhum,philology,6.7,133,29
2903,1,ba,1,spb,socialhum,philology,6.3,168,53
2904,1,ba,1,spb,socialhum,philology,6.7,52,31
2905,0,ba,1,spb,socialhum,philology,6.3,0,0
2906,1,ba,1,spb,socialhum,philology,6,403,22
2907,2,ba,1,spb,socialhum,philology,6,70,34
2908,1,ba,1,spb,socialhum,philology,5.8,53,16
2909,2,ba,1,spb,socialhum,philology,5.3,668,60
2910,1,ba,1,spb,socialhum,philology,6,64,21
2911,2,ba,2,spb,econman,economics,9.2,402,148
2912,1,ba,2,spb,econman,economics,9,114,50
2913,1,ba,2,spb,econman,economics,8.8,235,142
2914,2,ba,2,spb,econman,economics,8.7,240,123
2915,1,ba,2,spb,econman,economics,8.7,235,65
2916,2,ba,2,spb,econman,economics,8.7,222,151
2917,2,ba,2,spb,econman,economics,8.5,609,204
2918,2,ba,2,spb,econman,economics,8.5,356,174
2919,2,ba,2,spb,econman,economics,8.5,276,96
2920,2,ba,2,spb,econman,economics,8.5,364,151
2921,1,ba,2,spb,econman,economics,8.5,190,92
2922,1,ba,2,spb,econman,economics,8.5,157,67
2923,1,ba,2,spb,econman,economics,8.3,131,50
2924,2,ba,2,spb,econman,economics,8.2,320,211
2925,1,ba,2,spb,econman,economics,8.2,527,197
2926,1,ba,2,spb,econman,economics,8.2,190,72
2927,1,ba,2,spb,econman,economics,8.2,164,80
2928,1,ba,2,spb,econman,economics,8.2,520,180
2929,1,ba,2,spb,econman,economics,8.2,188,78
2930,1,ba,2,spb,econman,economics,8.2,192,39
2931,0,ba,2,spb,econman,economics,8,0,0
2932,1,ba,2,spb,econman,economics,8,283,100
2933,1,ba,2,spb,econman,economics,8,85,67
2934,1,ba,2,spb,econman,economics,8,110,18
2935,2,ba,2,spb,econman,economics,8,207,87
2936,1,ba,2,spb,econman,economics,8,98,38
2937,1,ba,2,spb,econman,economics,8,163,73
2938,1,ba,2,spb,econman,economics,8,95,51
2939,1,ba,2,spb,econman,economics,8,133,43
2940,1,ba,2,spb,econman,economics,7.8,215,80
2941,1,ba,2,spb,econman,economics,7.8,129,74
2942,1,ba,2,spb,econman,economics,7.8,226,77
2943,1,ba,2,spb,econman,economics,7.8,80,37
2944,2,ba,2,spb,econman,economics,7.8,152,50
2945,1,ba,2,spb,econman,economics,7.8,218,62
2946,1,ba,2,spb,econman,economics,7.7,339,61
2947,1,ba,2,spb,econman,economics,7.8,480,191
2948,2,ba,2,spb,econman,economics,7.8,0,0
2949,1,ba,2,spb,econman,economics,7.8,125,56
2950,1,ba,2,spb,econman,economics,7.8,1073,250
2951,1,ba,2,spb,econman,economics,7.7,244,80
2952,1,ba,2,spb,econman,economics,7.7,412,95
2953,1,ba,2,spb,econman,economics,7.7,196,64
2954,1,ba,2,spb,econman,economics,7.8,698,383
2955,1,ba,2,spb,econman,economics,7.7,79,37
2956,1,ba,2,spb,econman,economics,7.7,199,94
2957,1,ba,2,spb,econman,economics,7.7,368,103
2958,1,ba,2,spb,econman,economics,7.7,209,70
2959,1,ba,2,spb,econman,economics,7.7,804,196
2960,1,ba,2,spb,econman,economics,7.7,510,108
2961,2,ba,2,spb,econman,economics,7.7,362,89
2962,1,ba,2,spb,econman,economics,7.7,223,79
2963,1,ba,2,spb,econman,economics,7.7,210,99
2964,2,ba,2,spb,econman,economics,7.7,183,74
2965,1,ba,2,spb,econman,economics,7.7,241,123
2966,1,ba,2,spb,econman,economics,7.5,118,77
2967,1,ba,2,spb,econman,economics,7.5,138,61
2968,1,ba,2,spb,econman,economics,7.5,108,38
2969,2,ba,2,spb,econman,economics,7.3,112,63
2970,1,ba,2,spb,econman,economics,7.5,170,80
2971,1,ba,2,spb,econman,economics,7.3,315,152
2972,1,ba,2,spb,econman,economics,7.3,96,22
2973,2,ba,2,spb,econman,economics,7.3,302,147
2974,2,ba,2,spb,econman,economics,7.3,252,146
2975,1,ba,2,spb,econman,economics,7.3,208,79
2976,1,ba,2,spb,econman,economics,7.3,239,61
2977,2,ba,2,spb,econman,economics,7.5,279,112
2978,1,ba,2,spb,econman,economics,7.3,175,66
2979,1,ba,2,spb,econman,economics,7.3,162,63
2980,1,ba,2,spb,econman,economics,7.3,497,145
2981,1,ba,2,spb,econman,economics,7.3,239,65
2982,2,ba,2,spb,econman,economics,7.3,383,80
2983,1,ba,2,spb,econman,economics,7.3,150,54
2984,2,ba,2,spb,econman,economics,7.2,99,31
2985,1,ba,2,spb,econman,economics,7.2,210,46
2986,0,ba,2,spb,econman,economics,7.2,0,0
2987,1,ba,2,spb,econman,economics,7.2,319,112
2988,2,ba,2,spb,econman,economics,7.2,440,167
2989,1,ba,2,spb,econman,economics,7.2,74,47
2990,2,ba,2,spb,econman,economics,7.2,171,55
2991,1,ba,2,spb,econman,economics,7.2,110,57
2992,1,ba,2,spb,econman,economics,7.2,136,54
2993,1,ba,2,spb,econman,economics,7.2,646,264
2994,2,ba,2,spb,econman,economics,7.2,277,175
2995,1,ba,2,spb,econman,economics,6.9,239,61
2996,1,ba,2,spb,econman,economics,7.2,262,71
2997,0,ba,2,spb,econman,economics,7,0,0
2998,1,ba,2,spb,econman,economics,7.2,240,73
2999,2,ba,2,spb,econman,economics,7,115,38
3000,1,ba,2,spb,econman,economics,7,343,178
3001,1,ba,2,spb,econman,economics,7,156,46
3002,1,ba,2,spb,econman,economics,7,247,93
3003,1,ba,2,spb,econman,economics,7,329,156
3004,1,ba,2,spb,econman,economics,7,228,71
3005,1,ba,2,spb,econman,economics,7,323,136
3006,2,ba,2,spb,econman,economics,7,162,92
3007,1,ba,2,spb,econman,economics,7,566,85
3008,2,ba,2,spb,econman,economics,6.8,103,51
3009,1,ba,2,spb,econman,economics,6.8,172,91
3010,1,ba,2,spb,econman,economics,6.8,176,64
3011,2,ba,2,spb,econman,economics,6.8,332,105
3012,2,ba,2,spb,econman,economics,6.8,190,94
3013,1,ba,2,spb,econman,economics,6.8,182,48
3014,2,ba,2,spb,econman,economics,6.8,116,58
3015,2,ba,2,spb,econman,economics,6.8,482,163
3016,2,ba,2,spb,econman,economics,6.8,92,26
3017,1,ba,2,spb,econman,economics,6.8,380,73
3018,1,ba,2,spb,econman,economics,6.7,187,97
3019,1,ba,2,spb,econman,economics,6.7,126,67
3020,1,ba,2,spb,econman,economics,6.7,260,85
3021,1,ba,2,spb,econman,economics,6.8,110,69
3022,1,ba,2,spb,econman,economics,6.7,632,161
3023,1,ba,2,spb,econman,economics,6.7,255,96
3024,1,ba,2,spb,econman,economics,6.7,1208,67
3025,1,ba,2,spb,econman,economics,6.7,262,108
3026,1,ba,2,spb,econman,economics,6.3,331,83
3027,1,ba,2,spb,econman,economics,6.7,226,172
3028,2,ba,2,spb,econman,economics,6.7,66,51
3029,1,ba,2,spb,econman,economics,6.1,41,26
3030,1,ba,2,spb,econman,economics,6.7,178,77
3031,1,ba,2,spb,econman,economics,6.7,319,83
3032,1,ba,2,spb,econman,economics,6.5,293,104
3033,1,ba,2,spb,econman,economics,6.5,73,48
3034,1,ba,2,spb,econman,economics,6.5,185,86
3035,2,ba,2,spb,econman,economics,6,233,103
3036,1,ba,2,spb,econman,economics,6.5,310,91
3037,1,ba,2,spb,econman,economics,6.5,119,49
3038,1,ba,2,spb,econman,economics,6.8,1728,53
3039,1,ba,2,spb,econman,economics,6.5,257,113
3040,1,ba,2,spb,econman,economics,6.5,255,52
3041,2,ba,2,spb,econman,economics,6.3,155,71
3042,1,ba,2,spb,econman,economics,6.5,0,0
3043,1,ba,2,spb,econman,economics,6.3,280,89
3044,1,ba,2,spb,econman,economics,6.3,283,51
3045,1,ba,2,spb,econman,economics,6.3,300,134
3046,1,ba,2,spb,econman,economics,6.2,173,53
3047,1,ba,2,spb,econman,economics,6.2,301,89
3048,1,ba,2,spb,econman,economics,6.2,199,87
3049,1,ba,2,spb,econman,economics,6,230,76
3050,1,ba,2,spb,econman,economics,6.1,394,214
3051,2,ba,2,spb,econman,economics,6,329,48
3052,1,ba,2,spb,econman,economics,6,102,42
3053,1,ba,2,spb,econman,economics,6,120,56
3054,1,ba,2,spb,econman,economics,6,207,84
3055,2,ba,2,spb,econman,economics,5.7,137,36
3056,2,ba,2,spb,econman,economics,5.8,87,61
3057,2,ba,2,spb,econman,economics,5.8,86,22
3058,2,ba,2,spb,econman,economics,5.8,121,47
3059,1,ba,2,spb,econman,economics,5.7,208,107
3060,1,ba,2,spb,econman,economics,5.7,504,172
3061,1,ba,2,spb,econman,economics,5.7,298,14
3062,2,ba,2,spb,econman,economics,5.5,223,78
3063,1,ba,2,spb,econman,economics,5.3,207,73
3064,2,ba,2,spb,econman,economics,5.3,516,214
3065,2,ba,2,spb,econman,economics,5.3,431,262
3066,2,ba,2,spb,econman,economics,5.2,137,58
3067,1,ba,2,spb,econman,economics,5.2,714,146
3068,2,ba,2,spb,econman,economics,5.2,238,80
3069,2,ba,2,spb,econman,economics,4.5,149,54
3070,1,ba,2,spb,socialhum,hist,9.3,270,117
3071,2,ba,2,spb,socialhum,hist,8.7,91,24
3072,2,ba,2,spb,socialhum,hist,8.5,255,72
3073,1,ba,2,spb,socialhum,hist,8.5,0,0
3074,2,ba,2,spb,socialhum,hist,8.3,83,28
3075,1,ba,2,spb,socialhum,hist,8.3,138,33
3076,1,ba,2,spb,socialhum,hist,8.3,321,149
3077,1,ba,2,spb,socialhum,hist,8.2,180,35
3078,1,ba,2,spb,socialhum,hist,8.2,99,30
3079,1,ba,2,spb,socialhum,hist,8.2,229,100
3080,0,ba,2,spb,socialhum,hist,8,0,0
3081,1,ba,2,spb,socialhum,hist,8,142,54
3082,1,ba,2,spb,socialhum,hist,8,461,137
3083,1,ba,2,spb,socialhum,hist,8,66,18
3084,2,ba,2,spb,socialhum,hist,7.8,147,33
3085,0,ba,2,spb,socialhum,hist,7.8,0,0
3086,1,ba,2,spb,socialhum,hist,7.8,91,16
3087,1,ba,2,spb,socialhum,hist,7.8,99,55
3088,1,ba,2,spb,socialhum,hist,7.8,160,28
3089,1,ba,2,spb,socialhum,hist,7.8,136,37
3090,1,ba,2,spb,socialhum,hist,7.8,125,36
3091,1,ba,2,spb,socialhum,hist,7.8,131,54
3092,0,ba,2,spb,socialhum,hist,7.7,0,0
3093,1,ba,2,spb,socialhum,hist,7.7,438,29
3094,1,ba,2,spb,socialhum,hist,7.5,90,28
3095,1,ba,2,spb,socialhum,hist,7.5,423,81
3096,1,ba,2,spb,socialhum,hist,7.3,102,34
3097,2,ba,2,spb,socialhum,hist,7.3,193,37
3098,0,ba,2,spb,socialhum,hist,7.3,0,0
3099,1,ba,2,spb,socialhum,hist,7.3,290,50
3100,1,ba,2,spb,socialhum,hist,7.2,281,57
3101,2,ba,2,spb,socialhum,hist,7,79,22
3102,1,ba,2,spb,socialhum,hist,7,37,7
3103,2,ba,2,spb,socialhum,hist,7,239,24
3104,2,ba,2,spb,socialhum,hist,7,166,96
3105,1,ba,2,spb,socialhum,hist,6.8,394,52
3106,0,ba,2,spb,socialhum,hist,6.7,0,0
3107,1,ba,2,spb,socialhum,hist,6.7,291,94
3108,2,ba,2,spb,socialhum,hist,6.5,0,0
3109,2,ba,2,spb,socialhum,hist,6.5,118,43
3110,2,ba,2,spb,socialhum,hist,6.3,200,43
3111,2,ba,2,spb,socialhum,hist,6.2,173,26
3112,1,ba,2,spb,socialhum,hist,6.2,74,1
3113,1,ba,2,spb,law,law,9,109,38
3114,1,ba,2,spb,law,law,8.9,123,43
3115,1,ba,2,spb,law,law,9,311,144
3116,1,ba,2,spb,law,law,8.6,292,82
3117,1,ba,2,spb,law,law,8.3,324,94
3118,1,ba,2,spb,law,law,8.3,180,70
3119,2,ba,2,spb,law,law,8.1,41,14
3120,1,ba,2,spb,law,law,8,119,41
3121,1,ba,2,spb,law,law,8.1,376,127
3122,1,ba,2,spb,law,law,8,279,58
3123,1,ba,2,spb,law,law,8,117,53
3124,1,ba,2,spb,law,law,8,121,45
3125,1,ba,2,spb,law,law,8,136,36
3126,1,ba,2,spb,law,law,8,303,68
3127,2,ba,2,spb,law,law,7.9,107,36
3128,2,ba,2,spb,law,law,7.9,111,30
3129,1,ba,2,spb,law,law,7.9,169,54
3130,1,ba,2,spb,law,law,7.7,250,94
3131,1,ba,2,spb,law,law,7.6,168,76
3132,1,ba,2,spb,law,law,7.7,217,73
3133,1,ba,2,spb,law,law,7.9,129,54
3134,2,ba,2,spb,law,law,7.9,216,51
3135,1,ba,2,spb,law,law,7.9,210,116
3136,1,ba,2,spb,law,law,7.9,142,73
3137,1,ba,2,spb,law,law,7.9,133,57
3138,1,ba,2,spb,law,law,7.9,386,225
3139,1,ba,2,spb,law,law,7.7,238,68
3140,2,ba,2,spb,law,law,7.7,196,58
3141,1,ba,2,spb,law,law,7.6,150,50
3142,1,ba,2,spb,law,law,7.7,113,57
3143,1,ba,2,spb,law,law,7.7,58,26
3144,1,ba,2,spb,law,law,7.6,104,43
3145,1,ba,2,spb,law,law,7.6,227,44
3146,2,ba,2,spb,law,law,7.6,574,151
3147,1,ba,2,spb,law,law,7.4,155,107
3148,1,ba,2,spb,law,law,7.4,60,37
3149,1,ba,2,spb,law,law,7.6,89,55
3150,1,ba,2,spb,law,law,7.3,151,30
3151,1,ba,2,spb,law,law,7.4,129,51
3152,1,ba,2,spb,law,law,7.4,59,17
3153,1,ba,2,spb,law,law,7.4,224,49
3154,1,ba,2,spb,law,law,7.3,161,47
3155,2,ba,2,spb,law,law,7.4,300,168
3156,1,ba,2,spb,law,law,7.1,134,36
3157,1,ba,2,spb,law,law,7.3,193,50
3158,1,ba,2,spb,law,law,7.3,53,31
3159,1,ba,2,spb,law,law,7.3,131,88
3160,1,ba,2,spb,law,law,7.3,252,90
3161,2,ba,2,spb,law,law,7.1,297,107
3162,1,ba,2,spb,law,law,7.1,143,48
3163,2,ba,2,spb,law,law,7.1,136,57
3164,1,ba,2,spb,law,law,7,114,64
3165,1,ba,2,spb,law,law,7,208,95
3166,1,ba,2,spb,law,law,7.1,376,60
3167,1,ba,2,spb,law,law,7.1,143,50
3168,2,ba,2,spb,law,law,7,180,82
3169,1,ba,2,spb,law,law,6.9,226,97
3170,1,ba,2,spb,law,law,6.9,333,83
3171,1,ba,2,spb,law,law,6.9,228,75
3172,2,ba,2,spb,law,law,6.6,205,56
3173,1,ba,2,spb,law,law,6.9,210,76
3174,0,ba,2,spb,law,law,6.7,0,0
3175,1,ba,2,spb,law,law,6.9,84,44
3176,2,ba,2,spb,law,law,6.7,185,50
3177,2,ba,2,spb,law,law,6.7,306,163
3178,1,ba,2,spb,law,law,6.7,277,52
3179,1,ba,2,spb,law,law,6.7,201,35
3180,1,ba,2,spb,law,law,6.7,218,47
3181,1,ba,2,spb,law,law,6.4,69,33
3182,2,ba,2,spb,law,law,6.4,206,70
3183,1,ba,2,spb,law,law,6.6,187,60
3184,1,ba,2,spb,law,law,6.6,84,39
3185,1,ba,2,spb,law,law,6.7,66,31
3186,2,ba,2,spb,law,law,6.6,304,59
3187,1,ba,2,spb,law,law,6.6,0,0
3188,2,ba,2,spb,law,law,6.4,108,53
3189,2,ba,2,spb,law,law,6.6,201,76
3190,1,ba,2,spb,law,law,6.3,204,56
3191,1,ba,2,spb,law,law,6.4,83,33
3192,1,ba,2,spb,law,law,6.6,0,0
3193,2,ba,2,spb,law,law,6.6,155,39
3194,2,ba,2,spb,law,law,6.6,190,80
3195,1,ba,2,spb,law,law,6.6,152,76
3196,2,ba,2,spb,law,law,6.3,287,81
3197,1,ba,2,spb,law,law,6.4,68,30
3198,1,ba,2,spb,law,law,6.4,172,47
3199,2,ba,2,spb,law,law,6.3,129,47
3200,1,ba,2,spb,law,law,6.4,222,54
3201,1,ba,2,spb,law,law,6.3,322,111
3202,2,ba,2,spb,law,law,6.1,177,96
3203,1,ba,2,spb,law,law,6.1,135,61
3204,2,ba,2,spb,law,law,6.3,116,28
3205,1,ba,2,spb,law,law,6.4,615,69
3206,2,ba,2,spb,law,law,6.1,165,46
3207,2,ba,2,spb,law,law,6.1,106,0
3208,2,ba,2,spb,law,law,6.3,242,86
3209,1,ba,2,spb,law,law,6.3,98,28
3210,0,ba,2,spb,law,law,6.3,0,0
3211,1,ba,2,spb,law,law,6,147,53
3212,1,ba,2,spb,law,law,6.1,153,61
3213,2,ba,2,spb,law,law,6.1,198,35
3214,1,ba,2,spb,law,law,5.9,217,33
3215,1,ba,2,spb,law,law,6.1,310,106
3216,2,ba,2,spb,law,law,6,72,29
3217,2,ba,2,spb,law,law,5.9,33,10
3218,2,ba,2,spb,law,law,6,119,47
3219,2,ba,2,spb,law,law,6,322,141
3220,1,ba,2,spb,law,law,6,102,44
3221,1,ba,2,spb,law,law,5.9,51,37
3222,2,ba,2,spb,law,law,5.6,208,60
3223,2,ba,2,spb,law,law,5.6,123,39
3224,1,ba,2,spb,law,law,5.6,188,106
3225,1,ba,2,spb,law,law,5.7,66,27
3226,2,ba,2,spb,law,law,5.7,143,39
3227,1,ba,2,spb,law,law,5.6,98,30
3228,2,ba,2,spb,law,law,5.4,204,77
3229,2,ba,2,spb,law,law,5.6,1049,97
3230,2,ba,2,spb,law,law,5.4,383,46
3231,1,ba,2,spb,law,law,5.4,104,28
3232,1,ba,2,spb,law,law,5.4,116,45
3233,1,ba,2,spb,law,law,5.3,74,33
3234,1,ba,2,spb,law,law,7,574,37
3235,2,ba,2,spb,law,law,4.7,61,25
3236,0,ba,2,spb,law,law,4.3,0,0
3237,2,ba,2,spb,law,law,6,280,49
3238,1,ba,2,spb,law,law,5.2,175,35
3239,1,ba,2,spb,econman,management,9.3,233,74
3240,1,ba,2,spb,econman,management,9.3,209,98
3241,1,ba,2,spb,econman,management,9.3,157,50
3242,1,ba,2,spb,econman,management,9.1,174,40
3243,1,ba,2,spb,econman,management,9.1,688,99
3244,1,ba,2,spb,econman,management,9,517,264
3245,1,ba,2,spb,econman,management,9.1,184,71
3246,1,ba,2,spb,econman,management,9,121,47
3247,1,ba,2,spb,econman,management,9,452,268
3248,1,ba,2,spb,econman,management,8.9,154,75
3249,1,ba,2,spb,econman,management,8.9,405,134
3250,1,ba,2,spb,econman,management,8.9,118,52
3251,1,ba,2,spb,econman,management,8.9,113,35
3252,1,ba,2,spb,econman,management,8.7,240,106
3253,1,ba,2,spb,econman,management,8.9,519,1
3254,1,ba,2,spb,econman,management,8.9,249,61
3255,1,ba,2,spb,econman,management,8.7,357,195
3256,1,ba,2,spb,econman,management,8.7,135,43
3257,1,ba,2,spb,econman,management,8.9,260,42
3258,1,ba,2,spb,econman,management,8.7,177,65
3259,2,ba,2,spb,econman,management,8.7,153,35
3260,1,ba,2,spb,econman,management,8.7,170,59
3261,2,ba,2,spb,econman,management,8.7,359,63
3262,2,ba,2,spb,econman,management,8.6,571,97
3263,1,ba,2,spb,econman,management,8.7,257,106
3264,2,ba,2,spb,econman,management,8.6,233,122
3265,1,ba,2,spb,econman,management,8.6,60,28
3266,1,ba,2,spb,econman,management,8.4,142,48
3267,1,ba,2,spb,econman,management,8.6,467,183
3268,0,ba,2,spb,econman,management,8.6,0,0
3269,0,ba,2,spb,econman,management,8.6,0,0
3270,1,ba,2,spb,econman,management,8.6,93,40
3271,1,ba,2,spb,econman,management,8.6,438,88
3272,1,ba,2,spb,econman,management,8.4,740,210
3273,1,ba,2,spb,econman,management,8.6,140,50
3274,1,ba,2,spb,econman,management,8.4,431,236
3275,1,ba,2,spb,econman,management,8.1,622,138
3276,1,ba,2,spb,econman,management,8.6,215,47
3277,2,ba,2,spb,econman,management,8.4,161,60
3278,1,ba,2,spb,econman,management,8.4,211,49
3279,1,ba,2,spb,econman,management,8.4,452,219
3280,1,ba,2,spb,econman,management,8.4,497,164
3281,0,ba,2,spb,econman,management,8.3,0,0
3282,1,ba,2,spb,econman,management,8.3,202,61
3283,1,ba,2,spb,econman,management,8.3,864,159
3284,1,ba,2,spb,econman,management,8.1,164,19
3285,1,ba,2,spb,econman,management,8.4,364,114
3286,1,ba,2,spb,econman,management,8.3,184,89
3287,2,ba,2,spb,econman,management,8.3,295,84
3288,0,ba,2,spb,econman,management,8.3,0,0
3289,1,ba,2,spb,econman,management,8.1,105,37
3290,1,ba,2,spb,econman,management,8.1,395,185
3291,0,ba,2,spb,econman,management,8.1,0,0
3292,1,ba,2,spb,econman,management,8.1,105,28
3293,1,ba,2,spb,econman,management,8.3,172,40
3294,1,ba,2,spb,econman,management,8.1,157,49
3295,1,ba,2,spb,econman,management,8.3,275,68
3296,0,ba,2,spb,econman,management,8.1,0,0
3297,1,ba,2,spb,econman,management,8.1,343,61
3298,1,ba,2,spb,econman,management,7.9,294,41
3299,1,ba,2,spb,econman,management,8,178,72
3300,0,ba,2,spb,econman,management,8,0,0
3301,2,ba,2,spb,econman,management,8,312,116
3302,1,ba,2,spb,econman,management,8,256,65
3303,2,ba,2,spb,econman,management,8.1,238,128
3304,2,ba,2,spb,econman,management,7.9,313,33
3305,1,ba,2,spb,econman,management,8,274,75
3306,1,ba,2,spb,econman,management,7.9,125,51
3307,1,ba,2,spb,econman,management,8,218,43
3308,1,ba,2,spb,econman,management,8,293,100
3309,2,ba,2,spb,econman,management,7.6,427,84
3310,1,ba,2,spb,econman,management,7.6,258,48
3311,2,ba,2,spb,econman,management,7.4,482,114
3312,1,ba,2,spb,econman,management,8,528,288
3313,1,ba,2,spb,econman,management,7.7,253,66
3314,2,ba,2,spb,econman,management,7.4,187,43
3315,0,ba,2,spb,econman,management,7.7,0,0
3316,2,ba,2,spb,econman,management,7.7,214,63
3317,1,ba,2,spb,econman,management,7.7,426,55
3318,1,ba,2,spb,econman,management,7.7,260,59
3319,2,ba,2,spb,econman,management,7.7,128,36
3320,2,ba,2,spb,econman,management,7.6,178,67
3321,2,ba,2,spb,econman,management,7.3,320,154
3322,2,ba,2,spb,econman,management,7.6,1615,291
3323,1,ba,2,spb,econman,management,7.4,160,38
3324,1,ba,2,spb,econman,management,7.6,162,30
3325,1,ba,2,spb,econman,management,7.3,393,85
3326,2,ba,2,spb,econman,management,7,46,26
3327,1,ba,2,spb,econman,management,7.4,301,69
3328,2,ba,2,spb,econman,management,7,229,51
3329,1,ba,2,spb,econman,management,7.3,45,11
3330,1,ba,2,spb,econman,management,7.1,239,101
3331,1,ba,2,spb,econman,management,7.1,430,48
3332,2,ba,2,spb,econman,management,6.9,184,59
3333,2,ba,2,spb,econman,management,7.1,135,71
3334,1,ba,2,spb,econman,management,6,125,62
3335,2,ba,2,spb,econman,management,6.6,160,47
3336,2,ba,2,spb,econman,management,6.4,176,51
3337,2,ba,2,spb,econman,management,6.4,0,0
3338,1,ba,2,spb,econman,management,6,162,4
3339,2,ba,2,spb,econman,management,6.6,183,30
3340,1,ba,2,spb,econman,management,8,413,213
3341,2,ba,2,spb,econman,management,6.3,815,150
3342,1,ba,2,spb,econman,management,6.1,53,12
3343,2,ba,2,spb,econman,management,6,187,56
3344,2,ba,2,spb,econman,management,5.8,2256,124
3345,2,ba,2,spb,econman,management,9,268,75
3346,1,ba,2,spb,econman,management,0,334,23
3347,2,ba,2,spb,socialhum,political,9,1121,352
3348,2,ba,2,spb,socialhum,political,8.8,597,110
3349,2,ba,2,spb,socialhum,political,8.4,122,57
3350,1,ba,2,spb,socialhum,political,8.2,440,44
3351,1,ba,2,spb,socialhum,political,8.2,160,39
3352,2,ba,2,spb,socialhum,political,8.2,155,27
3353,2,ba,2,spb,socialhum,political,8,368,170
3354,1,ba,2,spb,socialhum,political,8,200,60
3355,1,ba,2,spb,socialhum,political,7.8,441,149
3356,2,ba,2,spb,socialhum,political,7.8,100,51
3357,1,ba,2,spb,socialhum,political,7.8,371,88
3358,1,ba,2,spb,socialhum,political,7.8,400,100
3359,1,ba,2,spb,socialhum,political,7.8,329,64
3360,2,ba,2,spb,socialhum,political,7.6,179,80
3361,1,ba,2,spb,socialhum,political,7.8,128,28
3362,2,ba,2,spb,socialhum,political,7.6,1235,219
3363,2,ba,2,spb,socialhum,political,7.6,88,29
3364,1,ba,2,spb,socialhum,political,7.6,109,35
3365,2,ba,2,spb,socialhum,political,7.6,253,75
3366,1,ba,2,spb,socialhum,political,7.6,112,50
3367,2,ba,2,spb,socialhum,political,7.4,206,101
3368,1,ba,2,spb,socialhum,political,7.4,116,76
3369,1,ba,2,spb,socialhum,political,7.4,132,49
3370,2,ba,2,spb,socialhum,political,7.2,315,62
3371,2,ba,2,spb,socialhum,political,7.2,352,99
3372,1,ba,2,spb,socialhum,political,7.2,328,53
3373,1,ba,2,spb,socialhum,political,7.2,173,51
3374,1,ba,2,spb,socialhum,political,7.2,521,141
3375,2,ba,2,spb,socialhum,political,7,180,48
3376,1,ba,2,spb,socialhum,political,7.2,427,56
3377,1,ba,2,spb,socialhum,political,7.2,204,44
3378,2,ba,2,spb,socialhum,political,7,175,120
3379,2,ba,2,spb,socialhum,political,7,129,60
3380,2,ba,2,spb,socialhum,political,7,201,130
3381,1,ba,2,spb,socialhum,political,7,97,39
3382,2,ba,2,spb,socialhum,political,7,295,82
3383,1,ba,2,spb,socialhum,political,6.8,126,32
3384,1,ba,2,spb,socialhum,political,6.8,103,34
3385,1,ba,2,spb,socialhum,political,6.6,94,46
3386,1,ba,2,spb,socialhum,political,6.6,147,52
3387,2,ba,2,spb,socialhum,political,6.2,223,69
3388,2,ba,2,spb,socialhum,political,6.2,152,49
3389,2,ba,2,spb,socialhum,political,6.2,183,65
3390,2,ba,2,spb,socialhum,political,5.8,261,59
3391,2,ba,2,spb,socialhum,political,5.8,210,42
3392,1,ba,2,spb,socialhum,political,5.8,87,41
3393,1,ba,2,spb,socialhum,political,5.6,323,114
3394,2,ba,2,spb,socialhum,political,5.8,259,76
3395,2,ba,2,spb,socialhum,political,5,506,47
3396,1,ba,2,spb,socialhum,political,4.6,202,37
3397,2,ba,2,spb,socialhum,political,4.4,170,56
3398,2,ba,2,spb,socialhum,political,4.4,332,68
3399,0,ba,2,spb,socialhum,soc,9.3,0,0
3400,1,ba,2,spb,socialhum,soc,8.8,258,92
3401,2,ba,2,spb,socialhum,soc,8.7,361,160
3402,1,ba,2,spb,socialhum,soc,8.7,140,44
3403,1,ba,2,spb,socialhum,soc,8.7,148,73
3404,1,ba,2,spb,socialhum,soc,8.7,364,83
3405,2,ba,2,spb,socialhum,soc,8.7,120,34
3406,2,ba,2,spb,socialhum,soc,8.5,124,64
3407,1,ba,2,spb,socialhum,soc,8.3,245,125
3408,1,ba,2,spb,socialhum,soc,8.2,113,55
3409,1,ba,2,spb,socialhum,soc,8.3,228,66
3410,1,ba,2,spb,socialhum,soc,8.2,314,143
3411,1,ba,2,spb,socialhum,soc,8,403,65
3412,1,ba,2,spb,socialhum,soc,8,186,70
3413,0,ba,2,spb,socialhum,soc,7.8,0,0
3414,1,ba,2,spb,socialhum,soc,8,108,56
3415,1,ba,2,spb,socialhum,soc,7.8,183,60
3416,1,ba,2,spb,socialhum,soc,7.7,164,86
3417,0,ba,2,spb,socialhum,soc,7.8,0,0
3418,2,ba,2,spb,socialhum,soc,7.8,553,179
3419,1,ba,2,spb,socialhum,soc,7.7,192,60
3420,1,ba,2,spb,socialhum,soc,7.5,70,35
3421,1,ba,2,spb,socialhum,soc,7.5,281,74
3422,2,ba,2,spb,socialhum,soc,7.5,24,18
3423,1,ba,2,spb,socialhum,soc,7.5,298,25
3424,1,ba,2,spb,socialhum,soc,7.5,243,114
3425,1,ba,2,spb,socialhum,soc,7.7,71,38
3426,1,ba,2,spb,socialhum,soc,7.2,242,78
3427,1,ba,2,spb,socialhum,soc,7.3,139,51
3428,1,ba,2,spb,socialhum,soc,7.5,131,58
3429,1,ba,2,spb,socialhum,soc,7.2,189,34
3430,1,ba,2,spb,socialhum,soc,7.5,164,39
3431,2,ba,2,spb,socialhum,soc,7.3,143,77
3432,1,ba,2,spb,socialhum,soc,7,125,55
3433,1,ba,2,spb,socialhum,soc,7.2,205,61
3434,1,ba,2,spb,socialhum,soc,7.3,186,77
3435,1,ba,2,spb,socialhum,soc,7.2,254,117
3436,1,ba,2,spb,socialhum,soc,7,250,55
3437,1,ba,2,spb,socialhum,soc,7,178,66
3438,1,ba,2,spb,socialhum,soc,6.8,415,175
3439,2,ba,2,spb,socialhum,soc,7,65,13
3440,1,ba,2,spb,socialhum,soc,6.8,208,68
3441,1,ba,2,spb,socialhum,soc,7,174,59
3442,1,ba,2,spb,socialhum,soc,7,176,59
3443,1,ba,2,spb,socialhum,soc,6.8,203,55
3444,1,ba,2,spb,socialhum,soc,6.7,131,42
3445,1,ba,2,spb,socialhum,soc,7.3,365,157
3446,1,ba,2,spb,socialhum,soc,6.8,171,50
3447,1,ba,2,spb,socialhum,soc,6.7,143,64
3448,0,ba,2,spb,socialhum,soc,6.8,0,0
3449,1,ba,2,spb,socialhum,soc,6.7,260,44
3450,1,ba,2,spb,socialhum,soc,6.7,123,46
3451,0,ba,2,spb,socialhum,soc,6.5,0,0
3452,1,ba,2,spb,socialhum,soc,6.7,237,86
3453,1,ba,2,spb,socialhum,soc,6.7,359,62
3454,1,ba,2,spb,socialhum,soc,6.7,151,32
3455,1,ba,2,spb,socialhum,soc,6.8,101,47
3456,1,ba,2,spb,socialhum,soc,6.7,238,80
3457,1,ba,2,spb,socialhum,soc,6.5,280,36
3458,1,ba,2,spb,socialhum,soc,6.5,96,14
3459,1,ba,2,spb,socialhum,soc,6.5,316,113
3460,1,ba,2,spb,socialhum,soc,6.5,97,41
3461,1,ba,2,spb,socialhum,soc,6.7,119,43
3462,1,ba,2,spb,socialhum,soc,6.7,297,151
3463,0,ba,2,spb,socialhum,soc,6.3,0,0
3464,1,ba,2,spb,socialhum,soc,6.3,43,26
3465,1,ba,2,spb,socialhum,soc,6.3,80,42
3466,0,ba,2,spb,socialhum,soc,6.3,0,0
3467,0,ba,2,spb,socialhum,soc,6.2,0,0
3468,1,ba,2,spb,socialhum,soc,6.3,339,86
3469,1,ba,2,spb,socialhum,soc,6.3,189,46
3470,1,ba,2,spb,socialhum,soc,6.2,162,35
3471,0,ba,2,spb,socialhum,soc,6.2,0,0
3472,2,ba,2,spb,socialhum,soc,6,103,47
3473,2,ba,2,spb,socialhum,soc,6.3,470,184
3474,1,ba,2,spb,socialhum,soc,6.2,387,34
3475,1,ba,2,spb,socialhum,soc,6,134,51
3476,1,ba,2,spb,socialhum,soc,6.2,297,62
3477,1,ba,2,spb,socialhum,soc,6,54,17
3478,2,ba,2,spb,socialhum,soc,5.8,328,170
3479,2,ba,2,spb,socialhum,soc,5.7,250,94
3480,1,ba,2,spb,socialhum,soc,5.8,53,24
3481,1,ba,2,spb,socialhum,soc,6.3,0,0
3482,1,ba,2,spb,socialhum,soc,5.8,243,52
3483,1,ba,2,spb,socialhum,soc,5.5,182,50
3484,1,ba,2,spb,socialhum,soc,5.2,258,36
3485,1,ba,2,spb,socialhum,soc,5.2,212,29
3486,1,ba,2,spb,socialhum,soc,5.5,137,53
3487,1,ba,2,spb,econman,gmu,9.6,141,46
3488,1,ba,2,spb,econman,gmu,9,166,77
3489,1,ba,2,spb,econman,gmu,9,299,29
3490,1,ba,2,spb,econman,gmu,8.8,185,51
3491,2,ba,2,spb,econman,gmu,8.6,43,5
3492,1,ba,2,spb,econman,gmu,8.4,207,46
3493,1,ba,2,spb,econman,gmu,8.4,207,36
3494,0,ba,2,spb,econman,gmu,8.4,0,0
3495,1,ba,2,spb,econman,gmu,8.4,327,158
3496,1,ba,2,spb,econman,gmu,8.4,149,52
3497,2,ba,2,spb,econman,gmu,8.4,38,28
3498,1,ba,2,spb,econman,gmu,8.2,345,63
3499,1,ba,2,spb,econman,gmu,8.2,144,37
3500,1,ba,2,spb,econman,gmu,8.2,165,40
3501,1,ba,2,spb,econman,gmu,8.2,98,43
3502,1,ba,2,spb,econman,gmu,8.2,125,52
3503,0,ba,2,spb,econman,gmu,8,0,0
3504,1,ba,2,spb,econman,gmu,8,155,42
3505,1,ba,2,spb,econman,gmu,7.8,101,36
3506,1,ba,2,spb,econman,gmu,7.8,106,43
3507,1,ba,2,spb,econman,gmu,7.8,264,1
3508,1,ba,2,spb,econman,gmu,7.6,184,84
3509,1,ba,2,spb,econman,gmu,7.8,163,76
3510,1,ba,2,spb,econman,gmu,7.2,201,27
3511,1,ba,2,spb,econman,gmu,7,103,43
3512,2,ba,2,spb,econman,gmu,7,108,36
3513,1,ba,2,spb,econman,gmu,6.6,218,45
3514,1,ba,2,spb,econman,gmu,6.6,156,49
3515,1,ba,2,spb,econman,gmu,6,569,107
3516,1,ba,2,spb,econman,gmu,5.6,285,45
3517,1,ba,2,spb,econman,gmu,5.2,4344,193
3518,1,ba,2,spb,socialhum,oriental,9.5,138,33
3519,1,ba,2,spb,socialhum,oriental,9.3,101,30
3520,2,ba,2,spb,socialhum,oriental,9.3,424,74
3521,1,ba,2,spb,socialhum,oriental,9.3,76,30
3522,1,ba,2,spb,socialhum,oriental,9.3,56,33
3523,0,ba,2,spb,socialhum,oriental,9.2,0,0
3524,1,ba,2,spb,socialhum,oriental,9.2,187,48
3525,2,ba,2,spb,socialhum,oriental,9.2,192,58
3526,2,ba,2,spb,socialhum,oriental,9.2,516,67
3527,2,ba,2,spb,socialhum,oriental,9.2,31,20
3528,1,ba,2,spb,socialhum,oriental,9.2,125,30
3529,0,ba,2,spb,socialhum,oriental,9,0,0
3530,1,ba,2,spb,socialhum,oriental,9,220,117
3531,1,ba,2,spb,socialhum,oriental,9,172,43
3532,1,ba,2,spb,socialhum,oriental,8.8,183,42
3533,1,ba,2,spb,socialhum,oriental,8.8,168,41
3534,1,ba,2,spb,socialhum,oriental,8.8,193,31
3535,1,ba,2,spb,socialhum,oriental,8.8,198,73
3536,1,ba,2,spb,socialhum,oriental,8.8,443,94
3537,1,ba,2,spb,socialhum,oriental,8.8,83,32
3538,1,ba,2,spb,socialhum,oriental,8.8,185,56
3539,1,ba,2,spb,socialhum,oriental,8.7,140,49
3540,1,ba,2,spb,socialhum,oriental,8.7,176,39
3541,1,ba,2,spb,socialhum,oriental,8.3,82,37
3542,1,ba,2,spb,socialhum,oriental,8.3,95,27
3543,1,ba,2,spb,socialhum,oriental,8.3,536,124
3544,1,ba,2,spb,socialhum,oriental,8.3,299,80
3545,2,ba,2,spb,socialhum,oriental,8.5,172,54
3546,1,ba,2,spb,socialhum,oriental,8.2,228,68
3547,1,ba,2,spb,socialhum,oriental,8.2,244,93
3548,2,ba,2,spb,socialhum,oriental,8.2,60,25
3549,1,ba,2,spb,socialhum,oriental,8.2,209,38
3550,1,ba,2,spb,socialhum,oriental,8.2,21,13
3551,1,ba,2,spb,socialhum,oriental,8,25,7
3552,1,ba,2,spb,socialhum,oriental,8,172,31
3553,1,ba,2,spb,socialhum,oriental,8,280,53
3554,1,ba,2,spb,socialhum,oriental,7.8,67,27
3555,2,ba,2,spb,socialhum,oriental,7.8,362,66
3556,2,ba,2,spb,socialhum,oriental,7.8,111,51
3557,0,ba,2,spb,socialhum,oriental,7.8,0,0
3558,1,ba,2,spb,socialhum,oriental,7.7,130,51
3559,1,ba,2,spb,socialhum,oriental,7.3,0,0
3560,2,ba,2,spb,socialhum,oriental,7.5,168,34
3561,1,ba,2,spb,socialhum,oriental,7.5,267,67
3562,1,ba,2,spb,socialhum,oriental,7.5,254,69
3563,1,ba,2,spb,socialhum,oriental,7.3,0,0
3564,1,ba,2,spb,socialhum,oriental,7.3,110,44
3565,1,ba,2,spb,socialhum,oriental,7,396,59
3566,1,ba,2,spb,socialhum,oriental,7,155,35
3567,1,ba,2,spb,socialhum,oriental,6.7,153,24
3568,1,ba,2,spb,socialhum,oriental,6.8,160,48
3569,1,ba,2,spb,econman,logistics,9.7,274,121
3570,1,ba,2,spb,econman,logistics,9.7,77,12
3571,2,ba,2,spb,econman,logistics,9.5,202,51
3572,2,ba,2,spb,econman,logistics,9.5,201,80
3573,1,ba,2,spb,econman,logistics,9.2,179,50
3574,1,ba,2,spb,econman,logistics,9,261,88
3575,1,ba,2,spb,econman,logistics,9,146,30
3576,2,ba,2,spb,econman,logistics,9,200,42
3577,1,ba,2,spb,econman,logistics,9,152,63
3578,1,ba,2,spb,econman,logistics,9,119,61
3579,1,ba,2,spb,econman,logistics,9,415,131
3580,1,ba,2,spb,econman,logistics,9,141,66
3581,1,ba,2,spb,econman,logistics,9,272,116
3582,2,ba,2,spb,econman,logistics,8.8,344,108
3583,1,ba,2,spb,econman,logistics,8.8,233,60
3584,1,ba,2,spb,econman,logistics,8.8,452,169
3585,1,ba,2,spb,econman,logistics,9,161,54
3586,2,ba,2,spb,econman,logistics,8.8,292,79
3587,1,ba,2,spb,econman,logistics,8.8,327,80
3588,1,ba,2,spb,econman,logistics,8.8,204,80
3589,1,ba,2,spb,econman,logistics,8.8,136,59
3590,2,ba,2,spb,econman,logistics,8.8,269,89
3591,1,ba,2,spb,econman,logistics,8.8,130,52
3592,1,ba,2,spb,econman,logistics,8.8,169,43
3593,1,ba,2,spb,econman,logistics,8.8,81,39
3594,1,ba,2,spb,econman,logistics,8.7,514,123
3595,1,ba,2,spb,econman,logistics,8.7,183,47
3596,1,ba,2,spb,econman,logistics,8.8,313,169
3597,1,ba,2,spb,econman,logistics,8.8,223,133
3598,1,ba,2,spb,econman,logistics,8.7,159,75
3599,1,ba,2,spb,econman,logistics,8.5,427,96
3600,1,ba,2,spb,econman,logistics,8.5,304,66
3601,1,ba,2,spb,econman,logistics,8.5,492,291
3602,1,ba,2,spb,econman,logistics,8.5,353,76
3603,1,ba,2,spb,econman,logistics,8.5,400,253
3604,2,ba,2,spb,econman,logistics,8.3,128,45
3605,1,ba,2,spb,econman,logistics,8.5,714,188
3606,1,ba,2,spb,econman,logistics,8.5,185,87
3607,1,ba,2,spb,econman,logistics,8.7,1141,287
3608,2,ba,2,spb,econman,logistics,8.5,185,94
3609,1,ba,2,spb,econman,logistics,8.3,253,72
3610,1,ba,2,spb,econman,logistics,8.3,343,86
3611,1,ba,2,spb,econman,logistics,8.3,147,50
3612,2,ba,2,spb,econman,logistics,8.3,107,35
3613,1,ba,2,spb,econman,logistics,8.3,134,47
3614,1,ba,2,spb,econman,logistics,8.3,227,55
3615,2,ba,2,spb,econman,logistics,8,184,76
3616,2,ba,2,spb,econman,logistics,8.3,210,67
3617,1,ba,2,spb,econman,logistics,8.3,163,47
3618,2,ba,2,spb,econman,logistics,8.2,184,50
3619,2,ba,2,spb,econman,logistics,8.2,119,40
3620,1,ba,2,spb,econman,logistics,8.2,109,41
3621,2,ba,2,spb,econman,logistics,8.2,132,79
3622,1,ba,2,spb,econman,logistics,8.2,184,69
3623,1,ba,2,spb,econman,logistics,8.2,147,38
3624,1,ba,2,spb,econman,logistics,8.2,0,0
3625,0,ba,2,spb,econman,logistics,8.2,0,0
3626,1,ba,2,spb,econman,logistics,8.2,112,49
3627,1,ba,2,spb,econman,logistics,8,128,31
3628,2,ba,2,spb,econman,logistics,8.2,278,147
3629,2,ba,2,spb,econman,logistics,8,188,65
3630,1,ba,2,spb,econman,logistics,8,257,113
3631,1,ba,2,spb,econman,logistics,8,164,80
3632,1,ba,2,spb,econman,logistics,8,172,77
3633,2,ba,2,spb,econman,logistics,8,61,28
3634,1,ba,2,spb,econman,logistics,8,202,54
3635,1,ba,2,spb,econman,logistics,8,166,61
3636,2,ba,2,spb,econman,logistics,7.8,227,115
3637,2,ba,2,spb,econman,logistics,8,117,58
3638,1,ba,2,spb,econman,logistics,7.8,114,42
3639,1,ba,2,spb,econman,logistics,7.7,118,41
3640,1,ba,2,spb,econman,logistics,7.8,84,31
3641,1,ba,2,spb,econman,logistics,7.7,348,65
3642,1,ba,2,spb,econman,logistics,7.7,162,58
3643,2,ba,2,spb,econman,logistics,7.7,695,396
3644,1,ba,2,spb,econman,logistics,7.8,398,60
3645,1,ba,2,spb,econman,logistics,7.5,395,149
3646,1,ba,2,spb,econman,logistics,7.5,189,51
3647,2,ba,2,spb,econman,logistics,7.3,102,49
3648,2,ba,2,spb,econman,logistics,7.7,10,9
3649,1,ba,2,spb,econman,logistics,7.3,253,41
3650,1,ba,2,spb,econman,logistics,7.3,216,64
3651,1,ba,2,spb,econman,logistics,7.3,155,79
3652,1,ba,2,spb,econman,logistics,7.3,351,161
3653,2,ba,2,spb,econman,logistics,7.2,101,70
3654,1,ba,2,spb,econman,logistics,7.3,86,31
3655,1,ba,2,spb,econman,logistics,7,378,132
3656,1,ba,2,spb,econman,logistics,6.8,161,52
3657,2,ba,2,spb,econman,logistics,7,446,61
3658,1,ba,2,spb,econman,logistics,7,65,38
3659,1,ba,2,spb,econman,logistics,7.2,155,68
3660,1,ba,2,spb,econman,logistics,6.8,251,49
3661,0,ba,2,spb,econman,logistics,7,0,0
3662,1,ba,2,spb,econman,logistics,6.8,69,22
3663,1,ba,2,spb,econman,logistics,6.8,160,56
3664,2,ba,2,spb,econman,logistics,6.8,84,35
3665,1,ba,2,spb,econman,logistics,6.8,112,42
3666,2,ba,2,spb,econman,logistics,6.5,360,189
3667,2,ba,2,spb,econman,logistics,6.2,143,41
3668,2,ba,2,spb,econman,logistics,6,113,34
3669,1,ba,2,spb,econman,logistics,5.7,161,33
3670,2,ba,2,spb,econman,logistics,5.7,105,54
3671,2,ba,2,spb,econman,logistics,4.5,148,32
3672,1,ba,2,spb,econman,logistics,6.7,0,0
3673,2,ba,3,spb,econman,economics,10,273,131
3674,2,ba,3,spb,econman,economics,10,49,38
3675,2,ba,3,spb,econman,economics,9.5,303,107
3676,1,ba,3,spb,econman,economics,9,161,57
3677,1,ba,3,spb,econman,economics,9,324,103
3678,1,ba,3,spb,econman,economics,9,69,38
3679,1,ba,3,spb,econman,economics,9.2,120,61
3680,1,ba,3,spb,econman,economics,8.5,101,64
3681,1,ba,3,spb,econman,economics,8.5,283,108
3682,1,ba,3,spb,econman,economics,8.5,342,1
3683,1,ba,3,spb,econman,economics,8.5,164,56
3684,1,ba,3,spb,econman,economics,8.5,223,137
3685,2,ba,3,spb,econman,economics,8.5,109,69
3686,1,ba,3,spb,econman,economics,8.5,0,0
3687,1,ba,3,spb,econman,economics,8.5,71,36
3688,2,ba,3,spb,econman,economics,8.5,408,130
3689,1,ba,3,spb,econman,economics,8.5,260,96
3690,1,ba,3,spb,econman,economics,8.5,487,175
3691,1,ba,3,spb,econman,economics,8.3,625,156
3692,1,ba,3,spb,econman,economics,8,99,57
3693,1,ba,3,spb,econman,economics,8,197,71
3694,1,ba,3,spb,econman,economics,8,105,39
3695,1,ba,3,spb,econman,economics,8,200,64
3696,1,ba,3,spb,econman,economics,8,127,69
3697,1,ba,3,spb,econman,economics,8,155,73
3698,1,ba,3,spb,econman,economics,8,182,87
3699,1,ba,3,spb,econman,economics,8,201,92
3700,2,ba,3,spb,econman,economics,8,274,86
3701,1,ba,3,spb,econman,economics,8,211,113
3702,2,ba,3,spb,econman,economics,8,305,110
3703,1,ba,3,spb,econman,economics,8,574,87
3704,2,ba,3,spb,econman,economics,8,78,52
3705,2,ba,3,spb,econman,economics,8,325,156
3706,1,ba,3,spb,econman,economics,8,166,51
3707,1,ba,3,spb,econman,economics,8.4,281,77
3708,2,ba,3,spb,econman,economics,7.5,126,48
3709,1,ba,3,spb,econman,economics,7.5,475,200
3710,1,ba,3,spb,econman,economics,7.5,121,58
3711,1,ba,3,spb,econman,economics,7.5,148,30
3712,1,ba,3,spb,econman,economics,7.5,197,113
3713,1,ba,3,spb,econman,economics,7.5,76,56
3714,1,ba,3,spb,econman,economics,7.5,232,98
3715,2,ba,3,spb,econman,economics,7.5,257,93
3716,1,ba,3,spb,econman,economics,7.5,210,82
3717,1,ba,3,spb,econman,economics,7.5,155,66
3718,1,ba,3,spb,econman,economics,7.5,143,44
3719,2,ba,3,spb,econman,economics,7.5,115,70
3720,1,ba,3,spb,econman,economics,7.5,252,46
3721,1,ba,3,spb,econman,economics,7,149,68
3722,1,ba,3,spb,econman,economics,7,302,111
3723,1,ba,3,spb,econman,economics,7,405,8
3724,1,ba,3,spb,econman,economics,7,276,71
3725,1,ba,3,spb,econman,economics,7,193,59
3726,1,ba,3,spb,econman,economics,7,128,63
3727,2,ba,3,spb,econman,economics,7,167,68
3728,1,ba,3,spb,econman,economics,7,188,57
3729,2,ba,3,spb,econman,economics,7,550,237
3730,1,ba,3,spb,econman,economics,7,108,64
3731,1,ba,3,spb,econman,economics,7,210,51
3732,1,ba,3,spb,econman,economics,7,234,53
3733,1,ba,3,spb,econman,economics,7,217,86
3734,1,ba,3,spb,econman,economics,7,971,216
3735,1,ba,3,spb,econman,economics,7,137,54
3736,1,ba,3,spb,econman,economics,6.5,199,88
3737,2,ba,3,spb,econman,economics,6.5,109,55
3738,1,ba,3,spb,econman,economics,6.5,591,145
3739,2,ba,3,spb,econman,economics,6.5,814,270
3740,0,ba,3,spb,econman,economics,6.5,0,0
3741,1,ba,3,spb,econman,economics,6.5,244,23
3742,1,ba,3,spb,econman,economics,6.5,538,117
3743,1,ba,3,spb,econman,economics,6.5,76,4
3744,1,ba,3,spb,econman,economics,6.5,1504,58
3745,1,ba,3,spb,econman,economics,6.5,332,59
3746,1,ba,3,spb,econman,economics,6.5,128,39
3747,2,ba,3,spb,econman,economics,6.5,298,54
3748,2,ba,3,spb,econman,economics,6.5,53,15
3749,1,ba,3,spb,econman,economics,6.5,563,211
3750,1,ba,3,spb,econman,economics,6.5,291,109
3751,1,ba,3,spb,econman,economics,6.5,176,96
3752,1,ba,3,spb,econman,economics,6.5,168,59
3753,1,ba,3,spb,econman,economics,6.5,435,74
3754,1,ba,3,spb,econman,economics,6.5,348,64
3755,1,ba,3,spb,econman,economics,6.5,132,57
3756,1,ba,3,spb,econman,economics,6.5,310,78
3757,2,ba,3,spb,econman,economics,6.5,116,80
3758,1,ba,3,spb,econman,economics,6.5,87,53
3759,2,ba,3,spb,econman,economics,6,128,49
3760,1,ba,3,spb,econman,economics,6,293,64
3761,1,ba,3,spb,econman,economics,6,54,28
3762,2,ba,3,spb,econman,economics,6,205,88
3763,1,ba,3,spb,econman,economics,6,163,35
3764,2,ba,3,spb,econman,economics,6,360,146
3765,2,ba,3,spb,econman,economics,6,172,63
3766,2,ba,3,spb,econman,economics,6,153,75
3767,2,ba,3,spb,econman,economics,6,356,100
3768,1,ba,3,spb,econman,economics,6,157,50
3769,1,ba,3,spb,econman,economics,6,190,63
3770,1,ba,3,spb,econman,economics,6,132,33
3771,2,ba,3,spb,econman,economics,6,145,45
3772,1,ba,3,spb,econman,economics,6,199,61
3773,2,ba,3,spb,econman,economics,6.7,113,73
3774,2,ba,3,spb,econman,economics,5.5,387,162
3775,2,ba,3,spb,econman,economics,5.5,217,88
3776,2,ba,3,spb,econman,economics,5.5,222,91
3777,2,ba,3,spb,econman,economics,5.5,107,58
3778,0,ba,3,spb,econman,economics,5.5,0,0
3779,2,ba,3,spb,econman,economics,5.5,146,53
3780,1,ba,3,spb,econman,economics,5.5,555,84
3781,1,ba,3,spb,econman,economics,5.5,355,49
3782,2,ba,3,spb,econman,economics,5.5,168,60
3783,1,ba,3,spb,econman,economics,5.5,234,50
3784,2,ba,3,spb,econman,economics,5.5,150,72
3785,0,ba,3,spb,econman,economics,5,0,0
3786,1,ba,3,spb,econman,economics,5,287,60
3787,2,ba,3,spb,econman,economics,5,156,69
3788,2,ba,3,spb,econman,economics,5,155,49
3789,1,ba,3,spb,econman,economics,5,195,85
3790,1,ba,3,spb,econman,economics,5,148,61
3791,1,ba,3,spb,econman,economics,5,265,79
3792,1,ba,3,spb,econman,economics,5,251,97
3793,2,ba,3,spb,econman,economics,5,107,71
3794,1,ba,3,spb,econman,economics,5,143,69
3795,2,ba,3,spb,econman,economics,4.5,131,65
3796,1,ba,3,spb,econman,economics,4.5,339,158
3797,1,ba,3,spb,econman,economics,4.5,68,26
3798,2,ba,3,spb,econman,economics,4.5,154,56
3799,1,ba,3,spb,econman,economics,4,381,32
3800,2,ba,3,spb,econman,economics,4,376,144
3801,2,ba,3,spb,socialhum,hist,9.2,239,43
3802,1,ba,3,spb,socialhum,hist,9,12,1
3803,2,ba,3,spb,socialhum,hist,9,220,30
3804,0,ba,3,spb,socialhum,hist,8.8,0,0
3805,1,ba,3,spb,socialhum,hist,8.4,148,64
3806,2,ba,3,spb,socialhum,hist,8.4,133,40
3807,1,ba,3,spb,socialhum,hist,8.2,214,112
3808,1,ba,3,spb,socialhum,hist,8.2,287,57
3809,0,ba,3,spb,socialhum,hist,8.4,0,0
3810,2,ba,3,spb,socialhum,hist,8.2,178,24
3811,2,ba,3,spb,socialhum,hist,8,212,30
3812,0,ba,3,spb,socialhum,hist,8,0,0
3813,0,ba,3,spb,socialhum,hist,8,0,0
3814,1,ba,3,spb,socialhum,hist,7.8,0,0
3815,2,ba,3,spb,socialhum,hist,7.6,77,30
3816,1,ba,3,spb,socialhum,hist,7.6,23,15
3817,2,ba,3,spb,socialhum,hist,7.8,212,80
3818,1,ba,3,spb,socialhum,hist,7.6,76,26
3819,1,ba,3,spb,socialhum,hist,7.4,509,53
3820,1,ba,3,spb,socialhum,hist,7.2,78,20
3821,2,ba,3,spb,socialhum,hist,7.4,119,52
3822,0,ba,3,spb,socialhum,hist,7.2,0,0
3823,1,ba,3,spb,socialhum,hist,7.2,72,24
3824,1,ba,3,spb,socialhum,hist,7.2,87,20
3825,1,ba,3,spb,socialhum,hist,7.2,88,22
3826,1,ba,3,spb,socialhum,hist,7,87,44
3827,1,ba,3,spb,socialhum,hist,6.8,203,36
3828,2,ba,3,spb,socialhum,hist,7.5,149,48
3829,2,ba,3,spb,socialhum,hist,6.8,154,28
3830,2,ba,3,spb,socialhum,hist,6.2,124,32
3831,1,ba,3,spb,socialhum,hist,6.7,387,42
3832,1,ba,3,spb,law,law,8.2,215,93
3833,1,ba,3,spb,law,law,8.2,246,119
3834,1,ba,3,spb,law,law,8,389,68
3835,2,ba,3,spb,law,law,7.8,157,48
3836,1,ba,3,spb,law,law,7.8,109,32
3837,2,ba,3,spb,law,law,7.6,185,70
3838,1,ba,3,spb,law,law,7.6,591,56
3839,1,ba,3,spb,law,law,7.6,419,152
3840,1,ba,3,spb,law,law,7.6,135,24
3841,1,ba,3,spb,law,law,7.6,272,67
3842,1,ba,3,spb,law,law,7.4,299,54
3843,2,ba,3,spb,law,law,7.4,610,196
3844,1,ba,3,spb,law,law,7.2,171,28
3845,1,ba,3,spb,law,law,7.2,202,31
3846,1,ba,3,spb,law,law,7.2,647,146
3847,2,ba,3,spb,law,law,7.2,156,54
3848,1,ba,3,spb,law,law,7,95,40
3849,1,ba,3,spb,law,law,6.8,606,105
3850,1,ba,3,spb,law,law,7,176,76
3851,2,ba,3,spb,law,law,6.8,319,86
3852,1,ba,3,spb,law,law,6.8,203,71
3853,2,ba,3,spb,law,law,6.8,936,49
3854,2,ba,3,spb,law,law,6.6,179,43
3855,1,ba,3,spb,law,law,6.6,160,39
3856,1,ba,3,spb,law,law,6.6,186,44
3857,1,ba,3,spb,law,law,6.6,120,30
3858,0,ba,3,spb,law,law,6.6,0,0
3859,1,ba,3,spb,law,law,7,0,0
3860,1,ba,3,spb,law,law,6.6,112,33
3861,1,ba,3,spb,law,law,6.4,123,24
3862,1,ba,3,spb,law,law,6.6,407,98
3863,1,ba,3,spb,law,law,6.6,83,20
3864,1,ba,3,spb,law,law,6.4,279,34
3865,2,ba,3,spb,law,law,6.4,580,70
3866,1,ba,3,spb,law,law,6.4,103,39
3867,1,ba,3,spb,law,law,6.4,185,44
3868,1,ba,3,spb,law,law,6.4,236,130
3869,1,ba,3,spb,law,law,6.4,101,29
3870,1,ba,3,spb,law,law,6.2,195,89
3871,2,ba,3,spb,law,law,6.4,104,42
3872,1,ba,3,spb,law,law,6.4,222,90
3873,1,ba,3,spb,law,law,6.4,154,47
3874,1,ba,3,spb,law,law,6.2,136,41
3875,2,ba,3,spb,law,law,6.2,148,48
3876,2,ba,3,spb,law,law,6.2,487,56
3877,2,ba,3,spb,law,law,6.4,162,56
3878,1,ba,3,spb,law,law,6.4,139,54
3879,1,ba,3,spb,law,law,6.2,242,69
3880,1,ba,3,spb,law,law,6.2,265,61
3881,0,ba,3,spb,law,law,6.2,0,0
3882,1,ba,3,spb,law,law,6.2,93,28
3883,2,ba,3,spb,law,law,6,89,26
3884,1,ba,3,spb,law,law,6,91,54
3885,1,ba,3,spb,law,law,6.2,169,48
3886,1,ba,3,spb,law,law,5.8,357,97
3887,1,ba,3,spb,law,law,6,314,42
3888,1,ba,3,spb,law,law,6.2,161,40
3889,1,ba,3,spb,law,law,6,330,124
3890,1,ba,3,spb,law,law,6,357,63
3891,1,ba,3,spb,law,law,6,193,43
3892,1,ba,3,spb,law,law,6,362,61
3893,2,ba,3,spb,law,law,6,0,0
3894,1,ba,3,spb,law,law,6,72,14
3895,1,ba,3,spb,law,law,5.8,291,47
3896,1,ba,3,spb,law,law,6,123,25
3897,1,ba,3,spb,law,law,5.8,242,64
3898,1,ba,3,spb,law,law,5.8,147,42
3899,2,ba,3,spb,law,law,5.8,48,23
3900,1,ba,3,spb,law,law,5.8,146,34
3901,1,ba,3,spb,law,law,5.8,95,39
3902,2,ba,3,spb,law,law,5.6,148,18
3903,1,ba,3,spb,law,law,5.6,57,29
3904,2,ba,3,spb,law,law,5.6,117,20
3905,1,ba,3,spb,law,law,5.6,174,34
3906,1,ba,3,spb,law,law,5.6,546,56
3907,1,ba,3,spb,law,law,5.6,151,41
3908,1,ba,3,spb,law,law,5.6,246,68
3909,1,ba,3,spb,law,law,5.6,59,25
3910,2,ba,3,spb,law,law,5.6,254,83
3911,1,ba,3,spb,law,law,5.6,111,40
3912,1,ba,3,spb,law,law,5.4,262,67
3913,2,ba,3,spb,law,law,5.4,167,72
3914,1,ba,3,spb,law,law,5.4,212,81
3915,2,ba,3,spb,law,law,5.2,144,50
3916,2,ba,3,spb,law,law,5.2,204,41
3917,1,ba,3,spb,law,law,5.4,675,38
3918,1,ba,3,spb,law,law,5.4,369,61
3919,1,ba,3,spb,law,law,5.2,85,25
3920,1,ba,3,spb,law,law,5.2,381,121
3921,0,ba,3,spb,law,law,5.2,0,0
3922,2,ba,3,spb,law,law,5.2,181,34
3923,1,ba,3,spb,law,law,5,47,18
3924,2,ba,3,spb,law,law,5,152,1
3925,2,ba,3,spb,law,law,5,651,57
3926,2,ba,3,spb,law,law,5,72,24
3927,2,ba,3,spb,law,law,5,81,31
3928,1,ba,3,spb,law,law,5,135,33
3929,2,ba,3,spb,law,law,4.8,240,106
3930,1,ba,3,spb,law,law,4.8,269,23
3931,1,ba,3,spb,law,law,4.8,253,46
3932,2,ba,3,spb,law,law,4.8,89,29
3933,2,ba,3,spb,law,law,4.6,81,42
3934,0,ba,3,spb,law,law,4.6,0,0
3935,1,ba,3,spb,law,law,4.4,173,46
3936,1,ba,3,spb,law,law,4,234,98
3937,2,ba,3,spb,econman,management,10,136,104
3938,1,ba,3,spb,econman,management,10,292,62
3939,2,ba,3,spb,econman,management,9.8,125,53
3940,1,ba,3,spb,econman,management,9.8,221,89
3941,1,ba,3,spb,econman,management,9.8,137,47
3942,2,ba,3,spb,econman,management,9.8,133,78
3943,1,ba,3,spb,econman,management,9.7,689,278
3944,2,ba,3,spb,econman,management,9.7,81,52
3945,1,ba,3,spb,econman,management,9.7,167,56
3946,2,ba,3,spb,econman,management,9.7,135,52
3947,0,ba,3,spb,econman,management,9.7,0,0
3948,2,ba,3,spb,econman,management,9.5,287,83
3949,1,ba,3,spb,econman,management,9.5,188,58
3950,1,ba,3,spb,econman,management,9.5,145,60
3951,1,ba,3,spb,econman,management,9.5,225,85
3952,1,ba,3,spb,econman,management,9.5,169,51
3953,1,ba,3,spb,econman,management,9.5,377,152
3954,1,ba,3,spb,econman,management,9.5,155,57
3955,2,ba,3,spb,econman,management,9.5,481,131
3956,1,ba,3,spb,econman,management,9.5,455,115
3957,1,ba,3,spb,econman,management,9.5,163,33
3958,2,ba,3,spb,econman,management,9.5,233,87
3959,1,ba,3,spb,econman,management,9.5,205,52
3960,1,ba,3,spb,econman,management,9.5,249,87
3961,1,ba,3,spb,econman,management,9.5,193,44
3962,1,ba,3,spb,econman,management,9.5,221,54
3963,1,ba,3,spb,econman,management,9.3,349,95
3964,1,ba,3,spb,econman,management,9.3,212,77
3965,2,ba,3,spb,econman,management,9.3,225,72
3966,1,ba,3,spb,econman,management,9.3,841,64
3967,1,ba,3,spb,econman,management,9.3,370,49
3968,1,ba,3,spb,econman,management,9.3,147,61
3969,0,ba,3,spb,econman,management,9.3,0,0
3970,1,ba,3,spb,econman,management,9.3,192,70
3971,1,ba,3,spb,econman,management,9.3,249,37
3972,1,ba,3,spb,econman,management,9.3,645,121
3973,1,ba,3,spb,econman,management,9.3,286,69
3974,1,ba,3,spb,econman,management,9.3,470,121
3975,1,ba,3,spb,econman,management,9.3,242,58
3976,0,ba,3,spb,econman,management,9.3,0,0
3977,1,ba,3,spb,econman,management,9.2,181,82
3978,0,ba,3,spb,econman,management,9.2,0,0
3979,1,ba,3,spb,econman,management,9.2,556,113
3980,1,ba,3,spb,econman,management,9.2,515,141
3981,1,ba,3,spb,econman,management,9.2,0,0
3982,1,ba,3,spb,econman,management,9.2,147,38
3983,1,ba,3,spb,econman,management,9.2,285,68
3984,1,ba,3,spb,econman,management,9.3,156,51
3985,2,ba,3,spb,econman,management,9.2,187,59
3986,1,ba,3,spb,econman,management,9.2,233,47
3987,1,ba,3,spb,econman,management,9.2,644,59
3988,1,ba,3,spb,econman,management,9.2,222,65
3989,1,ba,3,spb,econman,management,9.2,193,44
3990,1,ba,3,spb,econman,management,9.2,347,87
3991,1,ba,3,spb,econman,management,9.2,488,122
3992,2,ba,3,spb,econman,management,9.2,294,47
3993,1,ba,3,spb,econman,management,9,125,55
3994,1,ba,3,spb,econman,management,9,225,63
3995,1,ba,3,spb,econman,management,9,188,62
3996,2,ba,3,spb,econman,management,9,317,93
3997,2,ba,3,spb,econman,management,9.2,202,76
3998,1,ba,3,spb,econman,management,9.2,256,55
3999,2,ba,3,spb,econman,management,9,358,101
4000,2,ba,3,spb,econman,management,9,82,22
4001,1,ba,3,spb,econman,management,9,226,65
4002,1,ba,3,spb,econman,management,9,163,74
4003,1,ba,3,spb,econman,management,9,717,116
4004,1,ba,3,spb,econman,management,9,0,0
4005,2,ba,3,spb,econman,management,9,147,47
4006,2,ba,3,spb,econman,management,9,353,43
4007,1,ba,3,spb,econman,management,8.8,221,61
4008,2,ba,3,spb,econman,management,8.8,167,30
4009,2,ba,3,spb,econman,management,9,147,49
4010,0,ba,3,spb,econman,management,9,0,0
4011,2,ba,3,spb,econman,management,8.8,338,81
4012,1,ba,3,spb,econman,management,8.8,235,50
4013,1,ba,3,spb,econman,management,8.8,274,44
4014,1,ba,3,spb,econman,management,8.7,240,45
4015,2,ba,3,spb,econman,management,8.8,208,103
4016,1,ba,3,spb,econman,management,8.8,186,47
4017,1,ba,3,spb,econman,management,8.7,386,115
4018,1,ba,3,spb,econman,management,8.7,564,87
4019,2,ba,3,spb,econman,management,8.7,284,122
4020,1,ba,3,spb,econman,management,8.7,153,51
4021,2,ba,3,spb,econman,management,8.7,205,77
4022,2,ba,3,spb,econman,management,8.5,314,48
4023,2,ba,3,spb,econman,management,8.5,714,336
4024,1,ba,3,spb,econman,management,8.7,249,79
4025,2,ba,3,spb,econman,management,8.5,222,90
4026,1,ba,3,spb,econman,management,8.5,174,66
4027,1,ba,3,spb,econman,management,8.3,110,48
4028,1,ba,3,spb,econman,management,8.2,189,48
4029,1,ba,3,spb,econman,management,8.5,188,52
4030,2,ba,3,spb,econman,management,8.3,149,15
4031,1,ba,3,spb,econman,management,8.3,1153,190
4032,1,ba,3,spb,econman,management,8.3,311,50
4033,1,ba,3,spb,econman,management,8.3,192,50
4034,0,ba,3,spb,econman,management,8.3,0,0
4035,2,ba,3,spb,econman,management,8.2,174,59
4036,1,ba,3,spb,econman,management,8.2,742,224
4037,2,ba,3,spb,econman,management,8,130,25
4038,1,ba,3,spb,econman,management,8.2,455,47
4039,2,ba,3,spb,econman,management,8.2,218,35
4040,2,ba,3,spb,econman,management,8,260,56
4041,2,ba,3,spb,econman,management,7.8,1173,124
4042,2,ba,3,spb,econman,management,7.8,332,89
4043,1,ba,3,spb,econman,management,7.8,138,50
4044,2,ba,3,spb,econman,management,7.8,0,0
4045,2,ba,3,spb,econman,management,7.7,284,137
4046,1,ba,3,spb,econman,management,7.7,341,8
4047,0,ba,3,spb,econman,management,7.7,0,0
4048,1,ba,3,spb,econman,management,7.3,209,38
4049,2,ba,3,spb,econman,management,7.3,141,48
4050,1,ba,3,spb,econman,management,7.2,0,0
4051,2,ba,3,spb,econman,management,7.2,300,48
4052,1,ba,3,spb,econman,management,6.5,98,29
4053,2,ba,3,spb,econman,management,6.5,99,29
4054,2,ba,3,spb,econman,management,7.4,72,26
4055,2,ba,3,spb,econman,management,5.5,149,53
4056,2,ba,3,spb,econman,management,5.3,0,0
4057,2,ba,3,spb,econman,management,4.4,184,47
4058,2,ba,3,spb,econman,management,7.5,217,58
4059,1,ba,3,spb,econman,management,0,206,66
4060,2,ba,3,spb,econman,management,0,102,51
4061,1,ba,3,spb,econman,management,0,430,55
4062,2,ba,3,spb,econman,management,0,389,143
4063,2,ba,3,spb,socialhum,political,9,516,168
4064,2,ba,3,spb,socialhum,political,9,173,67
4065,1,ba,3,spb,socialhum,political,8.8,276,101
4066,1,ba,3,spb,socialhum,political,8.7,209,51
4067,1,ba,3,spb,socialhum,political,8.6,371,88
4068,1,ba,3,spb,socialhum,political,8.5,593,365
4069,1,ba,3,spb,socialhum,political,8.3,37,20
4070,2,ba,3,spb,socialhum,political,8.2,581,79
4071,1,ba,3,spb,socialhum,political,8.2,116,32
4072,1,ba,3,spb,socialhum,political,8.2,317,46
4073,1,ba,3,spb,socialhum,political,8,163,45
4074,1,ba,3,spb,socialhum,political,8,337,85
4075,1,ba,3,spb,socialhum,political,8,135,70
4076,1,ba,3,spb,socialhum,political,8,315,93
4077,1,ba,3,spb,socialhum,political,7.8,100,34
4078,1,ba,3,spb,socialhum,political,7.7,622,100
4079,2,ba,3,spb,socialhum,political,7.7,178,77
4080,1,ba,3,spb,socialhum,political,7.7,96,42
4081,1,ba,3,spb,socialhum,political,7.7,148,51
4082,1,ba,3,spb,socialhum,political,7.5,135,39
4083,2,ba,3,spb,socialhum,political,7.5,504,220
4084,1,ba,3,spb,socialhum,political,7.7,52,28
4085,0,ba,3,spb,socialhum,political,7.7,0,0
4086,2,ba,3,spb,socialhum,political,7.5,697,149
4087,1,ba,3,spb,socialhum,political,7.5,235,67
4088,1,ba,3,spb,socialhum,political,7.2,202,31
4089,1,ba,3,spb,socialhum,political,7.5,224,58
4090,1,ba,3,spb,socialhum,political,7.2,707,70
4091,1,ba,3,spb,socialhum,political,7.3,315,55
4092,1,ba,3,spb,socialhum,political,7.2,182,49
4093,2,ba,3,spb,socialhum,political,7.3,483,85
4094,2,ba,3,spb,socialhum,political,7,229,76
4095,2,ba,3,spb,socialhum,political,7,702,282
4096,1,ba,3,spb,socialhum,political,6.8,92,35
4097,2,ba,3,spb,socialhum,political,6.7,110,57
4098,0,ba,3,spb,socialhum,political,6.8,0,0
4099,2,ba,3,spb,socialhum,political,6.8,180,41
4100,1,ba,3,spb,socialhum,political,6.5,257,43
4101,1,ba,3,spb,socialhum,political,6.7,218,37
4102,1,ba,3,spb,socialhum,political,6.3,390,36
4103,2,ba,3,spb,socialhum,political,6.5,206,43
4104,1,ba,3,spb,socialhum,political,6.3,216,31
4105,2,ba,3,spb,socialhum,political,6.2,217,60
4106,1,ba,3,spb,socialhum,political,6,397,45
4107,1,ba,3,spb,socialhum,political,6.2,214,30
4108,1,ba,3,spb,socialhum,political,6,281,43
4109,1,ba,3,spb,socialhum,political,6,331,51
4110,2,ba,3,spb,socialhum,political,5.8,324,55
4111,2,ba,3,spb,socialhum,political,5.3,734,91
4112,2,ba,3,spb,socialhum,political,5.2,95,36
4113,2,ba,3,spb,socialhum,political,4.8,256,115
4114,2,ba,3,spb,socialhum,political,4.7,693,96
4115,1,ba,3,spb,socialhum,soc,9.8,548,100
4116,1,ba,3,spb,socialhum,soc,9.4,119,47
4117,1,ba,3,spb,socialhum,soc,9.2,155,63
4118,2,ba,3,spb,socialhum,soc,8.8,207,115
4119,1,ba,3,spb,socialhum,soc,9,120,48
4120,2,ba,3,spb,socialhum,soc,8.7,409,140
4121,1,ba,3,spb,socialhum,soc,8.6,125,61
4122,1,ba,3,spb,socialhum,soc,8.6,222,72
4123,2,ba,3,spb,socialhum,soc,8.5,98,23
4124,2,ba,3,spb,socialhum,soc,8.8,228,85
4125,1,ba,3,spb,socialhum,soc,8.4,102,37
4126,1,ba,3,spb,socialhum,soc,8.3,884,88
4127,1,ba,3,spb,socialhum,soc,7.9,172,52
4128,1,ba,3,spb,socialhum,soc,8.2,343,63
4129,2,ba,3,spb,socialhum,soc,8.2,176,54
4130,1,ba,3,spb,socialhum,soc,8.2,223,48
4131,1,ba,3,spb,socialhum,soc,8,138,87
4132,2,ba,3,spb,socialhum,soc,8.2,177,87
4133,2,ba,3,spb,socialhum,soc,8.2,132,38
4134,0,ba,3,spb,socialhum,soc,8,0,0
4135,1,ba,3,spb,socialhum,soc,8,383,101
4136,1,ba,3,spb,socialhum,soc,8,259,53
4137,1,ba,3,spb,socialhum,soc,8,138,38
4138,1,ba,3,spb,socialhum,soc,7.8,236,81
4139,1,ba,3,spb,socialhum,soc,7.8,184,48
4140,1,ba,3,spb,socialhum,soc,7.8,84,32
4141,1,ba,3,spb,socialhum,soc,7.8,267,87
4142,0,ba,3,spb,socialhum,soc,7.8,0,0
4143,1,ba,3,spb,socialhum,soc,7.7,127,28
4144,1,ba,3,spb,socialhum,soc,7.7,80,25
4145,2,ba,3,spb,socialhum,soc,7.6,191,89
4146,1,ba,3,spb,socialhum,soc,7.8,0,0
4147,1,ba,3,spb,socialhum,soc,7.8,305,47
4148,1,ba,3,spb,socialhum,soc,7.6,160,61
4149,2,ba,3,spb,socialhum,soc,7.8,10,0
4150,1,ba,3,spb,socialhum,soc,7.6,151,34
4151,1,ba,3,spb,socialhum,soc,7.6,191,41
4152,1,ba,3,spb,socialhum,soc,7.7,194,72
4153,1,ba,3,spb,socialhum,soc,7.6,195,9
4154,2,ba,3,spb,socialhum,soc,7.5,385,72
4155,1,ba,3,spb,socialhum,soc,7.4,257,68
4156,1,ba,3,spb,socialhum,soc,7.2,126,59
4157,2,ba,3,spb,socialhum,soc,7.3,135,23
4158,1,ba,3,spb,socialhum,soc,7.2,118,28
4159,2,ba,3,spb,socialhum,soc,7.7,336,79
4160,1,ba,3,spb,socialhum,soc,7.3,217,36
4161,1,ba,3,spb,socialhum,soc,7.4,523,194
4162,1,ba,3,spb,socialhum,soc,7.4,218,47
4163,2,ba,3,spb,socialhum,soc,7.3,522,77
4164,1,ba,3,spb,socialhum,soc,7.2,194,32
4165,1,ba,3,spb,socialhum,soc,7,109,36
4166,1,ba,3,spb,socialhum,soc,7.2,111,46
4167,2,ba,3,spb,socialhum,soc,6.8,366,126
4168,1,ba,3,spb,socialhum,soc,7.2,534,39
4169,1,ba,3,spb,socialhum,soc,7.2,215,47
4170,1,ba,3,spb,socialhum,soc,7.3,229,66
4171,1,ba,3,spb,socialhum,soc,7,50,22
4172,1,ba,3,spb,socialhum,soc,6.8,155,37
4173,1,ba,3,spb,socialhum,soc,6.8,162,28
4174,1,ba,3,spb,socialhum,soc,6.7,252,26
4175,1,ba,3,spb,socialhum,soc,6.8,496,156
4176,1,ba,3,spb,socialhum,soc,6.5,870,29
4177,1,ba,3,spb,socialhum,soc,6.8,651,308
4178,1,ba,3,spb,socialhum,soc,6.7,573,232
4179,1,ba,3,spb,socialhum,soc,6.8,285,110
4180,1,ba,3,spb,socialhum,soc,6.4,198,49
4181,1,ba,3,spb,socialhum,soc,6.5,1,1
4182,1,ba,3,spb,socialhum,soc,6.2,237,96
4183,1,ba,3,spb,socialhum,soc,6.4,192,61
4184,2,ba,3,spb,socialhum,soc,6.1,195,40
4185,1,ba,3,spb,socialhum,soc,6,338,50
4186,1,ba,3,spb,socialhum,soc,6,155,43
4187,1,ba,3,spb,socialhum,soc,5.6,360,48
4188,2,ba,3,spb,socialhum,soc,5.7,124,13
4189,0,ba,3,spb,socialhum,soc,5.6,0,0
4190,1,ba,3,spb,socialhum,soc,5.4,71,16
4191,1,ba,3,spb,socialhum,soc,6,330,60
4192,1,ba,3,spb,socialhum,soc,5.5,124,26
4193,2,ba,3,spb,socialhum,soc,5.6,282,67
4194,0,ba,3,spb,socialhum,soc,5.6,0,0
4195,1,ba,3,spb,socialhum,soc,5.8,288,62
4196,1,ba,3,spb,socialhum,soc,5.7,271,59
4197,1,ba,3,spb,socialhum,soc,5.6,1043,380
4198,2,ba,3,spb,socialhum,soc,5.2,177,61
4199,1,ba,3,spb,socialhum,soc,5,215,52
4200,2,ba,3,spb,socialhum,soc,4.8,84,24
4201,1,ba,3,spb,socialhum,soc,4.6,167,39
4202,1,ba,3,spb,econman,gmu,9.5,148,45
4203,0,ba,3,spb,econman,gmu,9.2,0,0
4204,2,ba,3,spb,econman,gmu,8.8,140,30
4205,1,ba,3,spb,econman,gmu,8.8,237,29
4206,1,ba,3,spb,econman,gmu,8.5,153,16
4207,1,ba,3,spb,econman,gmu,8.5,312,115
4208,1,ba,3,spb,econman,gmu,8.5,150,43
4209,0,ba,3,spb,econman,gmu,8.2,0,0
4210,1,ba,3,spb,econman,gmu,8.2,218,76
4211,1,ba,3,spb,econman,gmu,8.2,149,38
4212,2,ba,3,spb,econman,gmu,8.2,230,35
4213,1,ba,3,spb,econman,gmu,8.2,115,27
4214,0,ba,3,spb,econman,gmu,7.8,0,0
4215,0,ba,3,spb,econman,gmu,8.2,0,0
4216,1,ba,3,spb,econman,gmu,8,500,44
4217,2,ba,3,spb,econman,gmu,7.5,173,63
4218,1,ba,3,spb,econman,gmu,7.8,369,30
4219,0,ba,3,spb,econman,gmu,7.5,0,0
4220,1,ba,3,spb,econman,gmu,7.8,154,23
4221,2,ba,3,spb,econman,gmu,6.8,148,35
4222,1,ba,3,spb,econman,gmu,7.2,252,46
4223,2,ba,3,spb,econman,gmu,6.5,202,41
4224,2,ba,3,spb,econman,gmu,6.5,71,24
4225,0,ba,3,spb,econman,gmu,6.2,0,0
4226,2,ba,3,spb,econman,gmu,6,1091,134
4227,0,ba,4,spb,econman,economics,9.8,0,0
4228,2,ba,4,spb,econman,economics,9.5,164,71
4229,1,ba,4,spb,econman,economics,9.5,104,55
4230,0,ba,4,spb,econman,economics,9.2,0,0
4231,1,ba,4,spb,econman,economics,9.3,111,59
4232,2,ba,4,spb,econman,economics,9.2,484,172
4233,1,ba,4,spb,econman,economics,9.2,211,60
4234,1,ba,4,spb,econman,economics,9,257,108
4235,2,ba,4,spb,econman,economics,8.8,113,59
4236,1,ba,4,spb,econman,economics,8.8,235,106
4237,2,ba,4,spb,econman,economics,9,210,50
4238,1,ba,4,spb,econman,economics,8.8,94,42
4239,1,ba,4,spb,econman,economics,8.9,192,58
4240,2,ba,4,spb,econman,economics,8.8,0,0
4241,0,ba,4,spb,econman,economics,8.8,0,0
4242,1,ba,4,spb,econman,economics,8.8,234,75
4243,1,ba,4,spb,econman,economics,8.6,0,0
4244,2,ba,4,spb,econman,economics,8.8,232,96
4245,1,ba,4,spb,econman,economics,8.5,246,83
4246,1,ba,4,spb,econman,economics,8.5,355,78
4247,2,ba,4,spb,econman,economics,8.5,203,50
4248,1,ba,4,spb,econman,economics,8.5,190,56
4249,1,ba,4,spb,econman,economics,8.2,182,51
4250,1,ba,4,spb,econman,economics,8.6,155,82
4251,0,ba,4,spb,econman,economics,8.6,0,0
4252,1,ba,4,spb,econman,economics,8.2,135,57
4253,1,ba,4,spb,econman,economics,8.2,79,48
4254,1,ba,4,spb,econman,economics,8.2,286,104
4255,1,ba,4,spb,econman,economics,8.4,1053,391
4256,1,ba,4,spb,econman,economics,8.2,266,90
4257,2,ba,4,spb,econman,economics,8,964,116
4258,1,ba,4,spb,econman,economics,8,185,68
4259,1,ba,4,spb,econman,economics,8.2,459,30
4260,2,ba,4,spb,econman,economics,8.2,194,82
4261,2,ba,4,spb,econman,economics,8.5,289,93
4262,1,ba,4,spb,econman,economics,8,174,58
4263,1,ba,4,spb,econman,economics,8.2,198,74
4264,2,ba,4,spb,econman,economics,8.4,216,76
4265,1,ba,4,spb,econman,economics,8.2,468,98
4266,1,ba,4,spb,econman,economics,8.2,154,47
4267,1,ba,4,spb,econman,economics,8,321,107
4268,2,ba,4,spb,econman,economics,8.2,133,90
4269,2,ba,4,spb,econman,economics,8.2,193,85
4270,1,ba,4,spb,econman,economics,8,83,38
4271,0,ba,4,spb,econman,economics,8,0,0
4272,2,ba,4,spb,econman,economics,8,183,78
4273,1,ba,4,spb,econman,economics,7.8,223,50
4274,0,ba,4,spb,econman,economics,8,0,0
4275,1,ba,4,spb,econman,economics,8.2,162,74
4276,1,ba,4,spb,econman,economics,7.8,124,39
4277,1,ba,4,spb,econman,economics,7.8,147,71
4278,1,ba,4,spb,econman,economics,8,94,49
4279,1,ba,4,spb,econman,economics,7.8,156,57
4280,2,ba,4,spb,econman,economics,7.6,901,91
4281,2,ba,4,spb,econman,economics,7.8,130,63
4282,0,ba,4,spb,econman,economics,7.8,0,0
4283,1,ba,4,spb,econman,economics,7.8,164,56
4284,1,ba,4,spb,econman,economics,7.8,515,120
4285,2,ba,4,spb,econman,economics,7.8,53,34
4286,1,ba,4,spb,econman,economics,7.8,351,60
4287,1,ba,4,spb,econman,economics,7.8,253,57
4288,1,ba,4,spb,econman,economics,7.8,102,33
4289,1,ba,4,spb,econman,economics,7.8,65,16
4290,2,ba,4,spb,econman,economics,7.8,306,44
4291,1,ba,4,spb,econman,economics,8,194,68
4292,2,ba,4,spb,econman,economics,7.6,509,150
4293,1,ba,4,spb,econman,economics,7.8,98,41
4294,1,ba,4,spb,econman,economics,7.8,156,62
4295,1,ba,4,spb,econman,economics,7.8,818,148
4296,1,ba,4,spb,econman,economics,7.8,174,71
4297,2,ba,4,spb,econman,economics,7.6,143,54
4298,1,ba,4,spb,econman,economics,7.8,426,122
4299,2,ba,4,spb,econman,economics,7.8,131,60
4300,0,ba,4,spb,econman,economics,7.5,0,0
4301,2,ba,4,spb,econman,economics,7.8,113,49
4302,1,ba,4,spb,econman,economics,7.6,79,30
4303,1,ba,4,spb,econman,economics,7.6,604,159
4304,1,ba,4,spb,econman,economics,7.5,268,45
4305,1,ba,4,spb,econman,economics,7.4,340,102
4306,1,ba,4,spb,econman,economics,7.3,572,172
4307,2,ba,4,spb,econman,economics,7.2,204,99
4308,2,ba,4,spb,econman,economics,7,283,124
4309,1,ba,4,spb,econman,economics,7.4,511,204
4310,1,ba,4,spb,econman,economics,7.2,362,79
4311,2,ba,4,spb,econman,economics,7,42,24
4312,1,ba,4,spb,econman,economics,7.4,91,36
4313,1,ba,4,spb,econman,economics,7.5,464,128
4314,1,ba,4,spb,econman,economics,7.2,130,41
4315,1,ba,4,spb,econman,economics,7,335,54
4316,1,ba,4,spb,econman,economics,7,399,54
4317,2,ba,4,spb,econman,economics,7.2,198,95
4318,1,ba,4,spb,econman,economics,7,116,53
4319,1,ba,4,spb,econman,economics,7.2,929,98
4320,1,ba,4,spb,econman,economics,7.2,166,40
4321,1,ba,4,spb,econman,economics,7,303,103
4322,2,ba,4,spb,econman,economics,6.8,154,72
4323,2,ba,4,spb,econman,economics,7.2,93,46
4324,2,ba,4,spb,econman,economics,6.4,135,71
4325,1,ba,4,spb,econman,economics,6.8,326,73
4326,2,ba,4,spb,econman,economics,6.6,248,62
4327,1,ba,4,spb,econman,economics,6.8,125,38
4328,1,ba,4,spb,econman,economics,6.5,227,47
4329,1,ba,4,spb,econman,economics,6.4,0,0
4330,1,ba,4,spb,econman,economics,6.5,210,70
4331,2,ba,4,spb,econman,economics,6.5,508,19
4332,2,ba,4,spb,econman,economics,6.2,210,109
4333,2,ba,4,spb,econman,economics,5.8,42,8
4334,2,ba,4,spb,econman,economics,5,120,55
4335,1,ba,4,spb,econman,economics,7.3,290,60
4336,2,ba,4,spb,socialhum,hist,9.7,55,15
4337,1,ba,4,spb,socialhum,hist,9.3,502,27
4338,2,ba,4,spb,socialhum,hist,9.3,183,56
4339,1,ba,4,spb,socialhum,hist,9.3,198,35
4340,1,ba,4,spb,socialhum,hist,9,280,65
4341,1,ba,4,spb,socialhum,hist,8.7,410,101
4342,0,ba,4,spb,socialhum,hist,8.3,0,0
4343,1,ba,4,spb,socialhum,hist,8.3,542,42
4344,1,ba,4,spb,socialhum,hist,8,96,12
4345,1,ba,4,spb,socialhum,hist,7.7,90,24
4346,1,ba,4,spb,socialhum,hist,7.3,0,0
4347,1,ba,4,spb,socialhum,hist,7.3,231,26
4348,1,ba,4,spb,socialhum,hist,7,636,50
4349,2,ba,4,spb,socialhum,hist,5.7,13,7
4350,1,ba,4,spb,law,law,8.8,180,44
4351,1,ba,4,spb,law,law,8.6,394,83
4352,1,ba,4,spb,law,law,8.4,332,56
4353,2,ba,4,spb,law,law,8.6,86,41
4354,2,ba,4,spb,law,law,8.8,174,47
4355,1,ba,4,spb,law,law,8.4,223,69
4356,1,ba,4,spb,law,law,8.6,247,83
4357,1,ba,4,spb,law,law,8.4,119,40
4358,1,ba,4,spb,law,law,8,545,62
4359,0,ba,4,spb,law,law,9,0,0
4360,1,ba,4,spb,law,law,8.2,375,123
4361,2,ba,4,spb,law,law,8.6,157,41
4362,1,ba,4,spb,law,law,8,0,0
4363,1,ba,4,spb,law,law,8,140,39
4364,1,ba,4,spb,law,law,7.8,210,48
4365,1,ba,4,spb,law,law,7.6,115,58
4366,1,ba,4,spb,law,law,7.8,163,62
4367,1,ba,4,spb,law,law,7.2,301,95
4368,1,ba,4,spb,law,law,8,273,85
4369,2,ba,4,spb,law,law,7.2,150,55
4370,2,ba,4,spb,law,law,7.6,230,95
4371,2,ba,4,spb,law,law,8.4,82,57
4372,0,ba,4,spb,law,law,8,0,0
4373,1,ba,4,spb,law,law,8.2,197,66
4374,1,ba,4,spb,law,law,7,27,3
4375,2,ba,4,spb,law,law,7.4,73,33
4376,1,ba,4,spb,law,law,8,790,123
4377,1,ba,4,spb,law,law,7.8,157,68
4378,1,ba,4,spb,law,law,7.2,129,42
4379,1,ba,4,spb,law,law,7.6,239,77
4380,2,ba,4,spb,law,law,6.8,93,36
4381,1,ba,4,spb,law,law,6.8,270,97
4382,1,ba,4,spb,law,law,7.4,170,43
4383,1,ba,4,spb,law,law,7.6,485,155
4384,1,ba,4,spb,law,law,7.4,95,43
4385,1,ba,4,spb,law,law,6.6,195,13
4386,1,ba,4,spb,law,law,7.2,62,22
4387,1,ba,4,spb,law,law,7.6,109,46
4388,1,ba,4,spb,law,law,7.2,180,38
4389,2,ba,4,spb,law,law,6.4,0,0
4390,1,ba,4,spb,law,law,6.6,506,51
4391,2,ba,4,spb,law,law,6.8,136,45
4392,1,ba,4,spb,law,law,6.8,240,89
4393,1,ba,4,spb,law,law,6.6,194,74
4394,1,ba,4,spb,law,law,6.8,556,68
4395,2,ba,4,spb,law,law,7,177,60
4396,2,ba,4,spb,law,law,6.4,112,43
4397,1,ba,4,spb,law,law,7.4,170,77
4398,1,ba,4,spb,law,law,6.2,0,0
4399,1,ba,4,spb,law,law,6.8,218,61
4400,1,ba,4,spb,law,law,7,341,2
4401,1,ba,4,spb,law,law,7.2,283,143
4402,1,ba,4,spb,law,law,7.2,438,67
4403,2,ba,4,spb,law,law,6.6,167,68
4404,1,ba,4,spb,law,law,6.8,477,177
4405,1,ba,4,spb,law,law,6.8,137,34
4406,1,ba,4,spb,law,law,6.4,183,40
4407,1,ba,4,spb,law,law,6.8,207,77
4408,2,ba,4,spb,law,law,6.8,147,45
4409,2,ba,4,spb,law,law,7,182,58
4410,2,ba,4,spb,law,law,7.2,123,35
4411,1,ba,4,spb,law,law,6.4,155,37
4412,2,ba,4,spb,law,law,6.4,231,66
4413,1,ba,4,spb,law,law,6.8,154,52
4414,1,ba,4,spb,law,law,7,128,42
4415,1,ba,4,spb,law,law,7,316,44
4416,2,ba,4,spb,law,law,6.6,277,75
4417,1,ba,4,spb,law,law,6.8,67,33
4418,1,ba,4,spb,law,law,6.4,153,54
4419,1,ba,4,spb,law,law,7,672,87
4420,2,ba,4,spb,law,law,6.4,331,71
4421,1,ba,4,spb,law,law,5.8,108,4
4422,2,ba,4,spb,law,law,5.8,525,95
4423,1,ba,4,spb,law,law,5.6,238,17
4424,1,ba,4,spb,law,law,6.4,230,43
4425,2,ba,4,spb,law,law,5.6,262,48
4426,1,ba,4,spb,law,law,6.4,99,39
4427,2,ba,4,spb,law,law,5.6,321,91
4428,1,ba,4,spb,law,law,6,142,8
4429,1,ba,4,spb,law,law,6.2,183,63
4430,1,ba,4,spb,law,law,6,468,68
4431,2,ba,4,spb,law,law,5.8,61,30
4432,2,ba,4,spb,law,law,5.6,20,10
4433,0,ba,4,spb,law,law,5.5,0,0
4434,0,ba,4,spb,law,law,5.4,0,0
4435,1,ba,4,spb,law,law,5,468,47
4436,1,ba,4,spb,law,law,5,96,20
4437,0,ba,4,spb,law,law,4.6,0,0
4438,1,ba,4,spb,law,law,4.5,136,12
4439,0,ba,4,spb,law,law,4.4,0,0
4440,2,ba,4,spb,law,law,4.2,289,10
4441,1,ba,4,spb,law,law,2,161,20
4442,1,ba,4,spb,econman,management,9.6,382,77
4443,1,ba,4,spb,econman,management,9.4,122,32
4444,1,ba,4,spb,econman,management,9.3,127,50
4445,0,ba,4,spb,econman,management,9.4,0,0
4446,1,ba,4,spb,econman,management,9.2,274,53
4447,2,ba,4,spb,econman,management,9.2,309,100
4448,1,ba,4,spb,econman,management,9.2,188,75
4449,1,ba,4,spb,econman,management,9.2,88,54
4450,1,ba,4,spb,econman,management,9,202,40
4451,1,ba,4,spb,econman,management,9,213,54
4452,1,ba,4,spb,econman,management,9,403,57
4453,2,ba,4,spb,econman,management,9,338,162
4454,0,ba,4,spb,econman,management,9,0,0
4455,1,ba,4,spb,econman,management,9,67,32
4456,1,ba,4,spb,econman,management,8.8,311,87
4457,2,ba,4,spb,econman,management,8.8,135,46
4458,2,ba,4,spb,econman,management,8.7,51,13
4459,1,ba,4,spb,econman,management,8.8,117,20
4460,1,ba,4,spb,econman,management,8.7,281,41
4461,1,ba,4,spb,econman,management,8.7,261,81
4462,1,ba,4,spb,econman,management,8.8,210,23
4463,1,ba,4,spb,econman,management,8.7,16,11
4464,1,ba,4,spb,econman,management,8.7,117,50
4465,1,ba,4,spb,econman,management,8.5,338,89
4466,1,ba,4,spb,econman,management,8.5,524,43
4467,1,ba,4,spb,econman,management,8.5,195,48
4468,2,ba,4,spb,econman,management,8.5,213,87
4469,1,ba,4,spb,econman,management,8.5,346,110
4470,1,ba,4,spb,econman,management,8.3,569,75
4471,1,ba,4,spb,econman,management,8.3,113,37
4472,1,ba,4,spb,econman,management,8.4,133,32
4473,1,ba,4,spb,econman,management,8.3,922,117
4474,2,ba,4,spb,econman,management,8.3,322,66
4475,2,ba,4,spb,econman,management,8.3,194,23
4476,2,ba,4,spb,econman,management,8.2,179,38
4477,2,ba,4,spb,econman,management,8.3,153,54
4478,1,ba,4,spb,econman,management,8.2,87,43
4479,1,ba,4,spb,econman,management,8.4,138,33
4480,1,ba,4,spb,econman,management,8.4,195,36
4481,1,ba,4,spb,econman,management,8.2,71,25
4482,1,ba,4,spb,econman,management,8.2,242,48
4483,1,ba,4,spb,econman,management,8.2,534,8
4484,2,ba,4,spb,econman,management,8.2,111,51
4485,1,ba,4,spb,econman,management,8,329,52
4486,1,ba,4,spb,econman,management,8,262,39
4487,1,ba,4,spb,econman,management,8.2,163,38
4488,2,ba,4,spb,econman,management,8.2,755,263
4489,2,ba,4,spb,econman,management,8,197,49
4490,1,ba,4,spb,econman,management,8,606,47
4491,1,ba,4,spb,econman,management,8,273,87
4492,1,ba,4,spb,econman,management,8,327,73
4493,1,ba,4,spb,econman,management,8,207,46
4494,1,ba,4,spb,econman,management,7.8,148,39
4495,1,ba,4,spb,econman,management,7.8,158,40
4496,2,ba,4,spb,econman,management,7.8,6,6
4497,1,ba,4,spb,econman,management,7.8,315,56
4498,2,ba,4,spb,econman,management,7.8,253,67
4499,0,ba,4,spb,econman,management,7.8,0,0
4500,1,ba,4,spb,econman,management,7.7,81,27
4501,1,ba,4,spb,econman,management,7.7,188,56
4502,1,ba,4,spb,econman,management,7.7,404,201
4503,1,ba,4,spb,econman,management,7.7,211,59
4504,2,ba,4,spb,econman,management,7.6,237,137
4505,1,ba,4,spb,econman,management,7.6,0,0
4506,1,ba,4,spb,econman,management,7.5,102,37
4507,2,ba,4,spb,econman,management,7.7,697,83
4508,2,ba,4,spb,econman,management,7.3,110,34
4509,2,ba,4,spb,econman,management,7.4,179,43
4510,2,ba,4,spb,econman,management,7.5,158,89
4511,1,ba,4,spb,econman,management,7.5,206,49
4512,2,ba,4,spb,econman,management,7.5,205,67
4513,1,ba,4,spb,econman,management,7.3,142,42
4514,1,ba,4,spb,econman,management,7.3,203,64
4515,1,ba,4,spb,econman,management,7.3,148,50
4516,1,ba,4,spb,econman,management,7.3,308,98
4517,2,ba,4,spb,econman,management,7.3,246,97
4518,1,ba,4,spb,econman,management,7.2,141,22
4519,1,ba,4,spb,econman,management,7.2,172,39
4520,2,ba,4,spb,econman,management,7.2,162,78
4521,1,ba,4,spb,econman,management,7.2,132,48
4522,2,ba,4,spb,econman,management,7.2,266,109
4523,1,ba,4,spb,econman,management,7,243,28
4524,0,ba,4,spb,econman,management,7,0,0
4525,1,ba,4,spb,econman,management,7,120,36
4526,1,ba,4,spb,econman,management,7.2,175,31
4527,1,ba,4,spb,econman,management,7,480,97
4528,2,ba,4,spb,econman,management,7,257,86
4529,1,ba,4,spb,econman,management,7,439,69
4530,1,ba,4,spb,econman,management,7,616,105
4531,2,ba,4,spb,econman,management,7,145,43
4532,1,ba,4,spb,econman,management,7.2,167,36
4533,1,ba,4,spb,econman,management,6.8,352,50
4534,1,ba,4,spb,econman,management,6.7,180,45
4535,2,ba,4,spb,econman,management,6.7,387,116
4536,2,ba,4,spb,econman,management,6.7,274,89
4537,2,ba,4,spb,econman,management,6.6,141,25
4538,2,ba,4,spb,econman,management,6.7,114,44
4539,1,ba,4,spb,econman,management,6.5,623,116
4540,2,ba,4,spb,econman,management,6.5,222,63
4541,2,ba,4,spb,econman,management,6.5,291,132
4542,1,ba,4,spb,econman,management,6.5,229,69
4543,2,ba,4,spb,econman,management,6.5,0,0
4544,1,ba,4,spb,econman,management,6.5,313,39
4545,2,ba,4,spb,econman,management,5.5,959,219
4546,0,ba,4,spb,econman,management,6.2,0,0
4547,2,ba,4,spb,socialhum,political,9.2,117,34
4548,1,ba,4,spb,socialhum,political,9.2,77,12
4549,1,ba,4,spb,socialhum,political,8.5,275,65
4550,1,ba,4,spb,socialhum,political,8,85,17
4551,1,ba,4,spb,socialhum,political,7.5,150,15
4552,1,ba,4,spb,socialhum,political,7.2,54,17
4553,1,ba,4,spb,socialhum,political,7,337,26
4554,1,ba,4,spb,socialhum,political,6.8,244,17
4555,0,ba,4,spb,socialhum,political,6.8,0,0
4556,1,ba,4,spb,socialhum,political,6.5,227,23
4557,0,ba,4,spb,socialhum,political,6.8,0,0
4558,1,ba,4,spb,socialhum,political,6.5,190,21
4559,2,ba,4,spb,socialhum,political,6.5,91,21
4560,1,ba,4,spb,socialhum,political,6,192,36
4561,0,ba,4,spb,socialhum,political,5.8,0,0
4562,1,ba,4,spb,socialhum,political,5.5,174,39
4563,2,ba,4,spb,socialhum,political,5.5,1771,372
4564,1,ba,4,spb,socialhum,political,4.2,383,66
4565,0,ba,4,spb,socialhum,political,4.2,0,0
4566,0,ba,4,spb,socialhum,political,4.2,0,0
4567,1,ba,4,spb,socialhum,soc,9,138,51
4568,1,ba,4,spb,socialhum,soc,8.7,148,70
4569,1,ba,4,spb,socialhum,soc,8.5,250,85
4570,1,ba,4,spb,socialhum,soc,8.3,141,52
4571,1,ba,4,spb,socialhum,soc,8,221,43
4572,1,ba,4,spb,socialhum,soc,8,170,27
4573,2,ba,4,spb,socialhum,soc,8,161,35
4574,1,ba,4,spb,socialhum,soc,8,281,7
4575,1,ba,4,spb,socialhum,soc,8,106,25
4576,1,ba,4,spb,socialhum,soc,7.5,252,76
4577,1,ba,4,spb,socialhum,soc,7.7,349,52
4578,2,ba,4,spb,socialhum,soc,7.5,324,84
4579,0,ba,4,spb,socialhum,soc,7.7,0,0
4580,1,ba,4,spb,socialhum,soc,7.5,151,47
4581,1,ba,4,spb,socialhum,soc,7.5,139,36
4582,1,ba,4,spb,socialhum,soc,7.3,874,280
4583,1,ba,4,spb,socialhum,soc,7.3,163,38
4584,1,ba,4,spb,socialhum,soc,7,124,44
4585,1,ba,4,spb,socialhum,soc,7,103,35
4586,1,ba,4,spb,socialhum,soc,7,200,63
4587,1,ba,4,spb,socialhum,soc,7,179,32
4588,1,ba,4,spb,socialhum,soc,7,257,45
4589,1,ba,4,spb,socialhum,soc,6.7,104,18
4590,0,ba,4,spb,socialhum,soc,6.7,0,0
4591,1,ba,4,spb,socialhum,soc,6.5,230,59
4592,1,ba,4,spb,socialhum,soc,6.5,423,120
4593,1,ba,4,spb,socialhum,soc,6.3,0,0
4594,1,ba,4,spb,socialhum,soc,6.7,245,53
4595,1,ba,4,spb,socialhum,soc,6.5,146,35
4596,1,ba,4,spb,socialhum,soc,6.3,0,0
4597,1,ba,4,spb,socialhum,soc,6.2,150,27
4598,2,ba,4,spb,socialhum,soc,6.2,850,208
4599,2,ba,4,spb,socialhum,soc,6,104,21
4600,2,ba,4,spb,socialhum,soc,6,879,35
4601,1,ba,4,spb,socialhum,soc,6,173,51
4602,1,ba,4,spb,socialhum,soc,6,292,47
4603,0,ba,4,spb,socialhum,soc,6,0,0
4604,2,ba,4,spb,socialhum,soc,6,106,27
4605,2,ba,4,spb,socialhum,soc,5.7,192,41
4606,1,ba,4,spb,socialhum,soc,5.7,77,16
4607,2,ba,4,spb,socialhum,soc,5.5,184,45
4608,2,ba,4,spb,socialhum,soc,5.5,98,38
4609,2,ba,4,spb,socialhum,soc,5.2,78,35
4610,1,ba,4,spb,socialhum,soc,5,316,39
4611,1,ba,4,spb,socialhum,soc,5,85,28
4612,1,ba,1,msk,mediades,ad,8.8,476,90
4613,1,ba,1,msk,mediades,ad,8.9,399,134
4614,1,ba,1,msk,mediades,ad,8.9,440,84
4615,1,ba,1,msk,mediades,ad,8.6,388,95
4616,1,ba,1,msk,mediades,ad,8.6,196,70
4617,1,ba,1,msk,mediades,ad,8.7,544,160
4618,1,ba,1,msk,mediades,ad,8.9,590,126
4619,1,ba,1,msk,mediades,ad,8.5,201,56
4620,1,ba,1,msk,mediades,ad,8.4,114,43
4621,1,ba,1,msk,mediades,ad,8.9,377,94
4622,1,ba,1,msk,mediades,ad,8.6,92,51
4623,1,ba,1,msk,mediades,ad,8.4,491,129
4624,1,ba,1,msk,mediades,ad,8.2,178,57
4625,1,ba,1,msk,mediades,ad,8.6,566,189
4626,1,ba,1,msk,mediades,ad,8.6,247,49
4627,1,ba,1,msk,mediades,ad,8.6,416,69
4628,1,ba,1,msk,mediades,ad,8.5,185,87
4629,1,ba,1,msk,mediades,ad,8.6,507,82
4630,1,ba,1,msk,mediades,ad,8.5,500,69
4631,1,ba,1,msk,mediades,ad,8,468,77
4632,1,ba,1,msk,mediades,ad,8.5,370,134
4633,0,ba,1,msk,mediades,ad,8.4,0,0
4634,1,ba,1,msk,mediades,ad,8.1,174,73
4635,1,ba,1,msk,mediades,ad,8.1,124,43
4636,2,ba,1,msk,mediades,ad,8,121,39
4637,0,ba,1,msk,mediades,ad,8.1,0,0
4638,1,ba,1,msk,mediades,ad,8,134,49
4639,1,ba,1,msk,mediades,ad,8.2,243,77
4640,1,ba,1,msk,mediades,ad,8,470,166
4641,1,ba,1,msk,mediades,ad,7.9,1339,76
4642,1,ba,1,msk,mediades,ad,7.9,115,13
4643,1,ba,1,msk,mediades,ad,8,131,54
4644,1,ba,1,msk,mediades,ad,8,245,51
4645,1,ba,1,msk,mediades,ad,7.8,251,59
4646,1,ba,1,msk,mediades,ad,7.8,279,83
4647,1,ba,1,msk,mediades,ad,7.7,224,42
4648,1,ba,1,msk,mediades,ad,7.6,239,49
4649,1,ba,1,msk,mediades,ad,7.8,346,82
4650,1,ba,1,msk,mediades,ad,7.6,98,21
4651,2,ba,1,msk,mediades,ad,7.5,127,54
4652,0,ba,1,msk,mediades,ad,7.5,0,0
4653,1,ba,1,msk,mediades,ad,7.5,249,53
4654,2,ba,1,msk,mediades,ad,7.5,98,19
4655,0,ba,1,msk,mediades,ad,7.9,0,0
4656,1,ba,1,msk,mediades,ad,7.1,1821,52
4657,1,ba,1,msk,mediades,ad,7.8,188,39
4658,2,ba,1,msk,mediades,ad,7.5,263,140
4659,1,ba,1,msk,mediades,ad,7.2,347,209
4660,1,ba,1,msk,mediades,ad,7.6,315,61
4661,1,ba,1,msk,mediades,ad,7.5,261,120
4662,1,ba,1,msk,mediades,ad,7.5,163,31
4663,1,ba,1,msk,mediades,ad,7.5,102,29
4664,2,ba,1,msk,mediades,ad,7.2,450,182
4665,1,ba,1,msk,mediades,ad,7.4,150,51
4666,1,ba,1,msk,mediades,ad,7.1,111,58
4667,1,ba,1,msk,mediades,ad,7.5,306,115
4668,1,ba,1,msk,mediades,ad,7.2,169,109
4669,2,ba,1,msk,mediades,ad,7.4,632,67
4670,1,ba,1,msk,mediades,ad,7.3,365,160
4671,0,ba,1,msk,mediades,ad,7.2,0,0
4672,1,ba,1,msk,mediades,ad,7.1,194,36
4673,0,ba,1,msk,mediades,ad,7,0,0
4674,1,ba,1,msk,mediades,ad,6.8,192,84
4675,1,ba,1,msk,mediades,ad,6.9,181,19
4676,1,ba,1,msk,mediades,ad,7.2,70,4
4677,2,ba,1,msk,mediades,ad,6.9,266,74
4678,1,ba,1,msk,mediades,ad,6.9,296,138
4679,1,ba,1,msk,mediades,ad,6.8,263,55
4680,1,ba,1,msk,mediades,ad,6.9,136,57
4681,1,ba,1,msk,mediades,ad,6.6,265,45
4682,0,ba,1,msk,mediades,ad,6.5,0,0
4683,2,ba,1,msk,mediades,ad,6.5,184,44
4684,1,ba,1,msk,mediades,ad,6.4,213,80
4685,2,ba,1,msk,mediades,ad,6.4,1582,16
4686,2,ba,1,msk,mediades,ad,6.1,68,26
4687,1,ba,1,msk,mediades,ad,6.1,110,45
4688,2,ba,1,msk,mediades,ad,6.2,114,20
4689,0,ba,1,msk,mediades,ad,6,0,0
4690,2,ba,1,msk,mediades,ad,6,321,68
4691,1,ba,1,msk,mediades,ad,6.1,83,21
4692,0,ba,1,msk,mediades,ad,5.4,0,0
4693,1,ba,1,msk,miem,am,9.3,179,69
4694,1,ba,1,msk,miem,am,9.3,110,26
4695,1,ba,1,msk,miem,am,9.3,157,49
4696,1,ba,1,msk,miem,am,9,100,33
4697,2,ba,1,msk,miem,am,9,66,26
4698,2,ba,1,msk,miem,am,8.9,157,48
4699,2,ba,1,msk,miem,am,8.9,112,23
4700,0,ba,1,msk,miem,am,8.9,0,0
4701,1,ba,1,msk,miem,am,8.9,228,36
4702,2,ba,1,msk,miem,am,8.9,120,34
4703,2,ba,1,msk,miem,am,8.4,178,40
4704,2,ba,1,msk,miem,am,8.4,271,40
4705,2,ba,1,msk,miem,am,8.3,558,63
4706,1,ba,1,msk,miem,am,8.9,98,52
4707,2,ba,1,msk,miem,am,8.6,35,22
4708,2,ba,1,msk,miem,am,8.4,206,65
4709,1,ba,1,msk,miem,am,8.4,322,83
4710,2,ba,1,msk,miem,am,8.1,232,43
4711,2,ba,1,msk,miem,am,8.7,97,26
4712,1,ba,1,msk,miem,am,8.3,98,51
4713,1,ba,1,msk,miem,am,8.7,267,2
4714,1,ba,1,msk,miem,am,8.3,0,0
4715,1,ba,1,msk,miem,am,8.1,30,8
4716,2,ba,1,msk,miem,am,8.6,120,52
4717,2,ba,1,msk,miem,am,8.3,17,8
4718,1,ba,1,msk,miem,am,8.1,335,34
4719,2,ba,1,msk,miem,am,8.1,188,37
4720,0,ba,1,msk,miem,am,8.1,0,0
4721,1,ba,1,msk,miem,am,8.4,432,105
4722,1,ba,1,msk,miem,am,8.4,179,10
4723,1,ba,1,msk,miem,am,8,254,69
4724,2,ba,1,msk,miem,am,8.6,42,11
4725,2,ba,1,msk,miem,am,8.1,69,28
4726,0,ba,1,msk,miem,am,8,0,0
4727,2,ba,1,msk,miem,am,8.3,119,27
4728,2,ba,1,msk,miem,am,7.9,62,16
4729,1,ba,1,msk,miem,am,8.3,421,73
4730,0,ba,1,msk,miem,am,8.1,0,0
4731,1,ba,1,msk,miem,am,7.7,159,57
4732,1,ba,1,msk,miem,am,8.3,207,65
4733,1,ba,1,msk,miem,am,7.9,91,1
4734,2,ba,1,msk,miem,am,8.1,0,0
4735,1,ba,1,msk,miem,am,8,172,45
4736,1,ba,1,msk,miem,am,7.9,644,81
4737,2,ba,1,msk,miem,am,7.9,155,55
4738,2,ba,1,msk,miem,am,7.9,104,27
4739,2,ba,1,msk,miem,am,7.4,198,32
4740,2,ba,1,msk,miem,am,7.9,89,39
4741,2,ba,1,msk,miem,am,7.6,175,28
4742,2,ba,1,msk,miem,am,7.9,1464,231
4743,2,ba,1,msk,miem,am,7.9,190,71
4744,2,ba,1,msk,miem,am,7.7,203,62
4745,1,ba,1,msk,miem,am,8.1,276,63
4746,0,ba,1,msk,miem,am,8.1,0,0
4747,1,ba,1,msk,miem,am,8,298,59
4748,2,ba,1,msk,miem,am,7.9,91,34
4749,2,ba,1,msk,miem,am,7.9,160,34
4750,2,ba,1,msk,miem,am,7.6,218,67
4751,1,ba,1,msk,miem,am,7.4,105,22
4752,1,ba,1,msk,miem,am,7.7,131,39
4753,1,ba,1,msk,miem,am,7.4,173,23
4754,2,ba,1,msk,miem,am,7.9,131,39
4755,1,ba,1,msk,miem,am,7.9,142,62
4756,1,ba,1,msk,miem,am,7.7,163,22
4757,1,ba,1,msk,miem,am,7.7,83,27
4758,1,ba,1,msk,miem,am,7.9,169,52
4759,2,ba,1,msk,miem,am,7.6,207,61
4760,1,ba,1,msk,miem,am,7.4,297,54
4761,0,ba,1,msk,miem,am,7.4,0,0
4762,2,ba,1,msk,miem,am,7.7,250,61
4763,2,ba,1,msk,miem,am,7.7,171,43
4764,2,ba,1,msk,miem,am,7.6,95,20
4765,2,ba,1,msk,miem,am,7.3,194,70
4766,1,ba,1,msk,miem,am,7.6,85,26
4767,2,ba,1,msk,miem,am,7.3,203,50
4768,0,ba,1,msk,miem,am,7,0,0
4769,1,ba,1,msk,miem,am,7.4,138,43
4770,2,ba,1,msk,miem,am,7.3,94,53
4771,1,ba,1,msk,miem,am,7.1,616,102
4772,1,ba,1,msk,miem,am,7.7,92,27
4773,2,ba,1,msk,miem,am,7.6,14,7
4774,1,ba,1,msk,miem,am,7.4,62,35
4775,1,ba,1,msk,miem,am,7.4,180,30
4776,0,ba,1,msk,miem,am,7.1,0,0
4777,1,ba,1,msk,miem,am,7.1,89,15
4778,0,ba,1,msk,miem,am,7,0,0
4779,2,ba,1,msk,miem,am,7.1,50,11
4780,2,ba,1,msk,miem,am,7.1,49,24
4781,2,ba,1,msk,miem,am,7.3,132,25
4782,1,ba,1,msk,miem,am,7.3,108,22
4783,1,ba,1,msk,miem,am,6.7,74,20
4784,1,ba,1,msk,miem,am,7.1,149,46
4785,1,ba,1,msk,miem,am,7,151,41
4786,2,ba,1,msk,miem,am,7,49,24
4787,2,ba,1,msk,miem,am,7.3,170,51
4788,2,ba,1,msk,miem,am,7,60,23
4789,2,ba,1,msk,miem,am,7,165,31
4790,2,ba,1,msk,miem,am,7,145,43
4791,2,ba,1,msk,miem,am,6.9,108,25
4792,2,ba,1,msk,miem,am,7.1,131,23
4793,0,ba,1,msk,miem,am,7,0,0
4794,2,ba,1,msk,miem,am,7,29,13
4795,2,ba,1,msk,miem,am,7,67,29
4796,1,ba,1,msk,miem,am,6.4,269,28
4797,2,ba,1,msk,miem,am,7.1,331,0
4798,2,ba,1,msk,miem,am,6.9,95,31
4799,1,ba,1,msk,miem,am,6.7,128,52
4800,1,ba,1,msk,miem,am,6.6,103,25
4801,2,ba,1,msk,miem,am,6.9,293,72
4802,2,ba,1,msk,miem,am,6.1,150,31
4803,2,ba,1,msk,miem,am,6.7,71,16
4804,2,ba,1,msk,miem,am,6.3,35,6
4805,2,ba,1,msk,miem,am,6.7,85,30
4806,2,ba,1,msk,miem,am,6.3,76,22
4807,2,ba,1,msk,miem,am,6.7,73,31
4808,1,ba,1,msk,miem,am,6.4,25,4
4809,1,ba,1,msk,miem,am,6.1,1007,134
4810,1,ba,1,msk,miem,am,6.9,278,63
4811,0,ba,1,msk,miem,am,6.7,0,0
4812,2,ba,1,msk,miem,am,6.6,101,40
4813,2,ba,1,msk,miem,am,6.4,356,191
4814,0,ba,1,msk,miem,am,6.4,0,0
4815,2,ba,1,msk,miem,am,6.3,453,282
4816,1,ba,1,msk,miem,am,6.9,128,42
4817,1,ba,1,msk,miem,am,6.4,57,43
4818,1,ba,1,msk,miem,am,6.3,110,24
4819,2,ba,1,msk,miem,am,6.1,58,31
4820,1,ba,1,msk,miem,am,6.3,69,25
4821,2,ba,1,msk,miem,am,6,148,56
4822,2,ba,1,msk,miem,am,5.9,88,39
4823,1,ba,1,msk,miem,am,5.7,0,0
4824,2,ba,1,msk,miem,am,6,73,20
4825,2,ba,1,msk,miem,am,6,123,32
4826,0,ba,1,msk,miem,am,5.9,0,0
4827,1,ba,1,msk,miem,am,5.9,104,44
4828,2,ba,1,msk,miem,am,6.3,650,30
4829,1,ba,1,msk,miem,am,6,123,16
4830,2,ba,1,msk,miem,am,5.9,218,51
4831,2,ba,1,msk,miem,am,6.1,119,56
4832,2,ba,1,msk,miem,am,5.8,58,24
4833,0,ba,1,msk,miem,am,5.7,0,0
4834,2,ba,1,msk,miem,am,5.6,168,76
4835,2,ba,1,msk,miem,am,6,118,57
4836,2,ba,1,msk,miem,am,5.6,181,47
4837,2,ba,1,msk,miem,am,5.4,146,27
4838,2,ba,1,msk,miem,am,5.3,65,38
4839,0,ba,1,msk,miem,am,5.7,0,0
4840,2,ba,1,msk,miem,am,5.4,266,78
4841,2,ba,1,msk,miem,am,4.9,21,4
4842,1,ba,1,msk,miem,am,5.3,112,31
4843,2,ba,1,msk,miem,am,7.2,131,2
4844,2,ba,1,msk,miem,am,5.1,279,47
4845,2,ba,1,msk,miem,am,5,113,24
4846,2,ba,1,msk,miem,am,5.2,78,16
4847,2,ba,1,msk,miem,am,5,188,55
4848,2,ba,1,msk,miem,am,4.7,137,37
4849,2,ba,1,msk,miem,am,3.5,212,11
4850,1,ba,1,msk,cs,ami,9.2,395,55
4851,2,ba,1,msk,cs,ami,9.1,218,54
4852,2,ba,1,msk,cs,ami,9.4,155,43
4853,2,ba,1,msk,cs,ami,9.4,158,34
4854,2,ba,1,msk,cs,ami,9,70,22
4855,1,ba,1,msk,cs,ami,9.2,24,10
4856,1,ba,1,msk,cs,ami,9.2,200,61
4857,2,ba,1,msk,cs,ami,9,34,13
4858,2,ba,1,msk,cs,ami,9.2,157,84
4859,2,ba,1,msk,cs,ami,9.1,151,37
4860,2,ba,1,msk,cs,ami,8.7,116,55
4861,2,ba,1,msk,cs,ami,8.9,67,30
4862,1,ba,1,msk,cs,ami,8.5,221,57
4863,2,ba,1,msk,cs,ami,8.6,185,64
4864,2,ba,1,msk,cs,ami,8.6,113,23
4865,0,ba,1,msk,cs,ami,8.4,0,0
4866,2,ba,1,msk,cs,ami,9,108,30
4867,1,ba,1,msk,cs,ami,8.9,145,59
4868,2,ba,1,msk,cs,ami,8.5,67,33
4869,2,ba,1,msk,cs,ami,8.5,145,12
4870,2,ba,1,msk,cs,ami,8.4,223,34
4871,2,ba,1,msk,cs,ami,8.4,367,76
4872,1,ba,1,msk,cs,ami,8.5,235,65
4873,2,ba,1,msk,cs,ami,8.2,84,30
4874,1,ba,1,msk,cs,ami,8.6,159,27
4875,2,ba,1,msk,cs,ami,8.6,116,32
4876,2,ba,1,msk,cs,ami,8.1,0,0
4877,2,ba,1,msk,cs,ami,8.9,198,33
4878,2,ba,1,msk,cs,ami,8.6,257,56
4879,2,ba,1,msk,cs,ami,8.3,177,34
4880,2,ba,1,msk,cs,ami,8.1,50,10
4881,1,ba,1,msk,cs,ami,8.2,235,31
4882,2,ba,1,msk,cs,ami,7.9,170,53
4883,2,ba,1,msk,cs,ami,8.2,89,20
4884,2,ba,1,msk,cs,ami,8.1,91,38
4885,2,ba,1,msk,cs,ami,8.3,215,50
4886,2,ba,1,msk,cs,ami,8.1,56,22
4887,0,ba,1,msk,cs,ami,7.9,0,0
4888,2,ba,1,msk,cs,ami,8.4,108,43
4889,2,ba,1,msk,cs,ami,7.9,229,52
4890,1,ba,1,msk,cs,ami,8,401,66
4891,2,ba,1,msk,cs,ami,7.8,121,57
4892,1,ba,1,msk,cs,ami,7.8,174,32
4893,2,ba,1,msk,cs,ami,8,28,16
4894,2,ba,1,msk,cs,ami,7.8,303,100
4895,2,ba,1,msk,cs,ami,8,93,24
4896,1,ba,1,msk,cs,ami,7.9,154,51
4897,2,ba,1,msk,cs,ami,7.8,62,39
4898,2,ba,1,msk,cs,ami,7.6,63,20
4899,2,ba,1,msk,cs,ami,7.9,103,28
4900,2,ba,1,msk,cs,ami,7.8,85,45
4901,2,ba,1,msk,cs,ami,8,168,69
4902,2,ba,1,msk,cs,ami,8.1,104,32
4903,0,ba,1,msk,cs,ami,8.1,0,0
4904,2,ba,1,msk,cs,ami,7.6,222,71
4905,2,ba,1,msk,cs,ami,7.5,18,13
4906,2,ba,1,msk,cs,ami,8,304,46
4907,1,ba,1,msk,cs,ami,8,132,27
4908,1,ba,1,msk,cs,ami,7.8,73,14
4909,2,ba,1,msk,cs,ami,7.9,25,12
4910,2,ba,1,msk,cs,ami,7.8,129,39
4911,2,ba,1,msk,cs,ami,7.6,110,28
4912,2,ba,1,msk,cs,ami,7.6,23,19
4913,2,ba,1,msk,cs,ami,7.4,200,50
4914,1,ba,1,msk,cs,ami,7.3,142,61
4915,2,ba,1,msk,cs,ami,7.9,112,44
4916,2,ba,1,msk,cs,ami,7.6,261,54
4917,1,ba,1,msk,cs,ami,7.9,763,102
4918,2,ba,1,msk,cs,ami,7.6,164,105
4919,1,ba,1,msk,cs,ami,7.5,85,29
4920,2,ba,1,msk,cs,ami,7.4,213,15
4921,2,ba,1,msk,cs,ami,7.3,154,55
4922,2,ba,1,msk,cs,ami,7.2,102,19
4923,0,ba,1,msk,cs,ami,7.8,0,0
4924,2,ba,1,msk,cs,ami,7.6,161,63
4925,1,ba,1,msk,cs,ami,7.6,370,62
4926,2,ba,1,msk,cs,ami,7.4,309,43
4927,0,ba,1,msk,cs,ami,7.5,0,0
4928,2,ba,1,msk,cs,ami,7.4,275,28
4929,2,ba,1,msk,cs,ami,7,195,38
4930,2,ba,1,msk,cs,ami,7.4,73,12
4931,2,ba,1,msk,cs,ami,7.3,106,22
4932,2,ba,1,msk,cs,ami,7.3,328,39
4933,2,ba,1,msk,cs,ami,7.1,230,37
4934,0,ba,1,msk,cs,ami,7.4,0,0
4935,2,ba,1,msk,cs,ami,7.2,141,38
4936,2,ba,1,msk,cs,ami,7,41,22
4937,2,ba,1,msk,cs,ami,6.9,78,19
4938,1,ba,1,msk,cs,ami,7.4,125,82
4939,2,ba,1,msk,cs,ami,7.2,97,36
4940,2,ba,1,msk,cs,ami,7,382,43
4941,2,ba,1,msk,cs,ami,7.1,293,44
4942,2,ba,1,msk,cs,ami,7.1,126,41
4943,2,ba,1,msk,cs,ami,7.1,228,49
4944,2,ba,1,msk,cs,ami,6.8,117,18
4945,2,ba,1,msk,cs,ami,7.4,164,37
4946,2,ba,1,msk,cs,ami,7.2,56,26
4947,2,ba,1,msk,cs,ami,7,69,29
4948,1,ba,1,msk,cs,ami,6.8,544,52
4949,2,ba,1,msk,cs,ami,6.8,112,36
4950,2,ba,1,msk,cs,ami,7.1,20,11
4951,2,ba,1,msk,cs,ami,7.1,96,23
4952,1,ba,1,msk,cs,ami,7.1,240,51
4953,1,ba,1,msk,cs,ami,6.6,217,42
4954,2,ba,1,msk,cs,ami,6.5,51,19
4955,2,ba,1,msk,cs,ami,6.9,86,23
4956,2,ba,1,msk,cs,ami,7,149,40
4957,2,ba,1,msk,cs,ami,7,467,55
4958,2,ba,1,msk,cs,ami,7,233,48
4959,2,ba,1,msk,cs,ami,6.8,263,99
4960,1,ba,1,msk,cs,ami,6.6,106,35
4961,2,ba,1,msk,cs,ami,6.4,82,23
4962,2,ba,1,msk,cs,ami,6.6,74,19
4963,1,ba,1,msk,cs,ami,7,117,45
4964,2,ba,1,msk,cs,ami,6.9,189,47
4965,1,ba,1,msk,cs,ami,6.8,96,54
4966,2,ba,1,msk,cs,ami,6.8,174,42
4967,2,ba,1,msk,cs,ami,6.5,94,37
4968,2,ba,1,msk,cs,ami,6.4,492,91
4969,0,ba,1,msk,cs,ami,6.2,0,0
4970,2,ba,1,msk,cs,ami,6.3,276,82
4971,0,ba,1,msk,cs,ami,6.2,0,0
4972,0,ba,1,msk,cs,ami,6.8,0,0
4973,2,ba,1,msk,cs,ami,6.4,163,62
4974,2,ba,1,msk,cs,ami,6.2,206,23
4975,2,ba,1,msk,cs,ami,6.8,90,25
4976,0,ba,1,msk,cs,ami,6.4,0,0
4977,1,ba,1,msk,cs,ami,6.4,148,27
4978,2,ba,1,msk,cs,ami,6.2,128,50
4979,2,ba,1,msk,cs,ami,6.6,123,92
4980,2,ba,1,msk,cs,ami,6.2,57,16
4981,2,ba,1,msk,cs,ami,6.2,138,59
4982,2,ba,1,msk,cs,ami,6.2,111,17
4983,1,ba,1,msk,cs,ami,6.4,63,24
4984,2,ba,1,msk,cs,ami,6.4,110,24
4985,2,ba,1,msk,cs,ami,6.1,94,33
4986,2,ba,1,msk,cs,ami,6.2,109,33
4987,1,ba,1,msk,cs,ami,6.5,372,75
4988,2,ba,1,msk,cs,ami,5.9,115,50
4989,1,ba,1,msk,cs,ami,6.2,71,15
4990,2,ba,1,msk,cs,ami,6.2,247,32
4991,2,ba,1,msk,cs,ami,6.1,360,65
4992,2,ba,1,msk,cs,ami,6.1,274,44
4993,0,ba,1,msk,cs,ami,5.8,0,0
4994,2,ba,1,msk,cs,ami,6.1,165,90
4995,2,ba,1,msk,cs,ami,6,288,50
4996,2,ba,1,msk,cs,ami,5.8,145,39
4997,2,ba,1,msk,cs,ami,5.8,36,9
4998,1,ba,1,msk,cs,ami,6.5,176,56
4999,2,ba,1,msk,cs,ami,5.9,256,74
5000,2,ba,1,msk,cs,ami,5.9,46,11
5001,0,ba,1,msk,cs,ami,5.9,0,0
5002,0,ba,1,msk,cs,ami,5.7,0,0
5003,2,ba,1,msk,cs,ami,5.9,76,11
5004,2,ba,1,msk,cs,ami,5.6,160,11
5005,2,ba,1,msk,cs,ami,5.8,166,50
5006,2,ba,1,msk,cs,ami,5.6,41,26
5007,2,ba,1,msk,cs,ami,6.8,0,0
5008,1,ba,1,msk,cs,ami,5.9,93,42
5009,2,ba,1,msk,cs,ami,5.8,107,21
5010,2,ba,1,msk,cs,ami,5.3,236,36
5011,2,ba,1,msk,cs,ami,5.5,3213,23
5012,0,ba,1,msk,cs,ami,5.6,0,0
5013,2,ba,1,msk,cs,ami,5.4,70,32
5014,2,ba,1,msk,cs,ami,5.4,83,24
5015,2,ba,1,msk,cs,ami,5.4,121,51
5016,0,ba,1,msk,cs,ami,5.9,0,0
5017,0,ba,1,msk,cs,ami,8,0,0
5018,2,ba,1,msk,cs,ami,6.2,201,47
5019,1,ba,1,msk,cs,ami,5.8,13,6
5020,2,ba,1,msk,cs,ami,6.4,118,20
5021,2,ba,1,msk,bisandman,bi,9.6,258,136
5022,2,ba,1,msk,bisandman,bi,9.1,251,49
5023,2,ba,1,msk,bisandman,bi,8.9,88,34
5024,1,ba,1,msk,bisandman,bi,9.1,101,37
5025,2,ba,1,msk,bisandman,bi,8.9,113,44
5026,1,ba,1,msk,bisandman,bi,8.9,533,71
5027,1,ba,1,msk,bisandman,bi,8.6,397,68
5028,2,ba,1,msk,bisandman,bi,8.9,325,143
5029,1,ba,1,msk,bisandman,bi,8.8,110,42
5030,1,ba,1,msk,bisandman,bi,8.6,389,69
5031,2,ba,1,msk,bisandman,bi,8.4,467,111
5032,1,ba,1,msk,bisandman,bi,8.8,181,58
5033,2,ba,1,msk,bisandman,bi,8.6,105,43
5034,1,ba,1,msk,bisandman,bi,8.5,138,56
5035,1,ba,1,msk,bisandman,bi,8.6,441,49
5036,2,ba,1,msk,bisandman,bi,8.4,172,35
5037,1,ba,1,msk,bisandman,bi,8.1,232,110
5038,1,ba,1,msk,bisandman,bi,8.2,156,55
5039,2,ba,1,msk,bisandman,bi,8.1,231,81
5040,1,ba,1,msk,bisandman,bi,8.4,411,124
5041,2,ba,1,msk,bisandman,bi,8.4,39,18
5042,1,ba,1,msk,bisandman,bi,8.2,101,41
5043,1,ba,1,msk,bisandman,bi,8.5,276,152
5044,2,ba,1,msk,bisandman,bi,8.4,635,159
5045,2,ba,1,msk,bisandman,bi,8.2,90,17
5046,2,ba,1,msk,bisandman,bi,8.4,129,29
5047,1,ba,1,msk,bisandman,bi,8.2,152,59
5048,1,ba,1,msk,bisandman,bi,8.2,100,52
5049,1,ba,1,msk,bisandman,bi,8.2,310,77
5050,0,ba,1,msk,bisandman,bi,8.2,0,0
5051,2,ba,1,msk,bisandman,bi,8.1,76,25
5052,1,ba,1,msk,bisandman,bi,8,154,53
5053,1,ba,1,msk,bisandman,bi,8.1,64,2
5054,1,ba,1,msk,bisandman,bi,8,61,33
5055,2,ba,1,msk,bisandman,bi,8.2,57,16
5056,2,ba,1,msk,bisandman,bi,7.9,133,61
5057,1,ba,1,msk,bisandman,bi,7.8,91,39
5058,2,ba,1,msk,bisandman,bi,8,99,56
5059,1,ba,1,msk,bisandman,bi,8.2,164,92
5060,2,ba,1,msk,bisandman,bi,8,119,46
5061,1,ba,1,msk,bisandman,bi,8.1,151,36
5062,1,ba,1,msk,bisandman,bi,7.9,298,116
5063,0,ba,1,msk,bisandman,bi,7.8,0,0
5064,1,ba,1,msk,bisandman,bi,8.2,352,118
5065,1,ba,1,msk,bisandman,bi,8.1,280,114
5066,2,ba,1,msk,bisandman,bi,7.9,142,58
5067,0,ba,1,msk,bisandman,bi,7.9,0,0
5068,0,ba,1,msk,bisandman,bi,8,0,0
5069,1,ba,1,msk,bisandman,bi,7.9,135,52
5070,1,ba,1,msk,bisandman,bi,7.8,171,20
5071,2,ba,1,msk,bisandman,bi,7.6,178,76
5072,2,ba,1,msk,bisandman,bi,7.9,427,54
5073,2,ba,1,msk,bisandman,bi,7.6,103,34
5074,1,ba,1,msk,bisandman,bi,7.4,357,98
5075,1,ba,1,msk,bisandman,bi,7.5,328,42
5076,1,ba,1,msk,bisandman,bi,7.8,456,97
5077,2,ba,1,msk,bisandman,bi,7.1,181,45
5078,1,ba,1,msk,bisandman,bi,7.8,339,66
5079,0,ba,1,msk,bisandman,bi,7.6,0,0
5080,1,ba,1,msk,bisandman,bi,7.9,0,0
5081,2,ba,1,msk,bisandman,bi,8,328,109
5082,1,ba,1,msk,bisandman,bi,7.4,350,164
5083,1,ba,1,msk,bisandman,bi,7.2,252,61
5084,2,ba,1,msk,bisandman,bi,7.6,110,43
5085,2,ba,1,msk,bisandman,bi,7.6,884,79
5086,2,ba,1,msk,bisandman,bi,7.6,114,33
5087,1,ba,1,msk,bisandman,bi,7.4,189,45
5088,2,ba,1,msk,bisandman,bi,7.4,226,75
5089,1,ba,1,msk,bisandman,bi,7.4,85,34
5090,1,ba,1,msk,bisandman,bi,7.2,125,25
5091,1,ba,1,msk,bisandman,bi,7.1,253,58
5092,2,ba,1,msk,bisandman,bi,7.5,43,26
5093,2,ba,1,msk,bisandman,bi,7.5,295,74
5094,1,ba,1,msk,bisandman,bi,7.5,56,19
5095,2,ba,1,msk,bisandman,bi,7.5,204,57
5096,2,ba,1,msk,bisandman,bi,7.5,0,0
5097,2,ba,1,msk,bisandman,bi,7.4,217,73
5098,0,ba,1,msk,bisandman,bi,7.8,0,0
5099,2,ba,1,msk,bisandman,bi,7.5,101,39
5100,2,ba,1,msk,bisandman,bi,6.9,184,107
5101,1,ba,1,msk,bisandman,bi,7.2,49,30
5102,2,ba,1,msk,bisandman,bi,7.1,72,18
5103,2,ba,1,msk,bisandman,bi,7,175,39
5104,1,ba,1,msk,bisandman,bi,7.1,287,86
5105,1,ba,1,msk,bisandman,bi,7.5,0,0
5106,1,ba,1,msk,bisandman,bi,7.5,159,22
5107,1,ba,1,msk,bisandman,bi,6.9,161,65
5108,1,ba,1,msk,bisandman,bi,7.1,340,90
5109,1,ba,1,msk,bisandman,bi,7,306,69
5110,2,ba,1,msk,bisandman,bi,7,207,62
5111,2,ba,1,msk,bisandman,bi,7.4,227,88
5112,1,ba,1,msk,bisandman,bi,7.2,145,63
5113,2,ba,1,msk,bisandman,bi,7.2,67,25
5114,0,ba,1,msk,bisandman,bi,7.8,0,0
5115,1,ba,1,msk,bisandman,bi,7.5,73,32
5116,2,ba,1,msk,bisandman,bi,7.1,41,19
5117,0,ba,1,msk,bisandman,bi,7.2,0,0
5118,1,ba,1,msk,bisandman,bi,7.1,98,30
5119,1,ba,1,msk,bisandman,bi,6.9,62,32
5120,0,ba,1,msk,bisandman,bi,7.2,0,0
5121,2,ba,1,msk,bisandman,bi,7,103,27
5122,2,ba,1,msk,bisandman,bi,6.9,105,58
5123,2,ba,1,msk,bisandman,bi,7.4,151,37
5124,1,ba,1,msk,bisandman,bi,7,315,96
5125,0,ba,1,msk,bisandman,bi,6.9,0,0
5126,1,ba,1,msk,bisandman,bi,7.2,456,133
5127,1,ba,1,msk,bisandman,bi,6.9,270,48
5128,2,ba,1,msk,bisandman,bi,6.8,45,18
5129,1,ba,1,msk,bisandman,bi,7,244,41
5130,2,ba,1,msk,bisandman,bi,6.9,279,159
5131,0,ba,1,msk,bisandman,bi,6.9,0,0
5132,1,ba,1,msk,bisandman,bi,6.9,711,322
5133,2,ba,1,msk,bisandman,bi,6.9,343,177
5134,1,ba,1,msk,bisandman,bi,6.9,126,42
5135,2,ba,1,msk,bisandman,bi,6.9,238,61
5136,2,ba,1,msk,bisandman,bi,6.6,36,15
5137,2,ba,1,msk,bisandman,bi,6.5,73,11
5138,1,ba,1,msk,bisandman,bi,6.9,272,86
5139,2,ba,1,msk,bisandman,bi,7,101,37
5140,2,ba,1,msk,bisandman,bi,6.6,501,108
5141,1,ba,1,msk,bisandman,bi,6.6,126,43
5142,1,ba,1,msk,bisandman,bi,6.6,142,53
5143,2,ba,1,msk,bisandman,bi,6.8,243,102
5144,1,ba,1,msk,bisandman,bi,6.4,123,34
5145,2,ba,1,msk,bisandman,bi,6.8,48,28
5146,2,ba,1,msk,bisandman,bi,6.8,45,19
5147,2,ba,1,msk,bisandman,bi,6.2,165,36
5148,1,ba,1,msk,bisandman,bi,6.8,207,62
5149,2,ba,1,msk,bisandman,bi,6.6,197,57
5150,1,ba,1,msk,bisandman,bi,6.5,212,48
5151,1,ba,1,msk,bisandman,bi,6.1,182,89
5152,1,ba,1,msk,bisandman,bi,6,73,14
5153,1,ba,1,msk,bisandman,bi,6.4,156,23
5154,1,ba,1,msk,bisandman,bi,6.6,124,25
5155,2,ba,1,msk,bisandman,bi,6.9,103,65
5156,1,ba,1,msk,bisandman,bi,6.8,121,44
5157,2,ba,1,msk,bisandman,bi,6.2,237,66
5158,2,ba,1,msk,bisandman,bi,7,0,0
5159,2,ba,1,msk,bisandman,bi,6.2,144,69
5160,2,ba,1,msk,bisandman,bi,6.6,64,28
5161,2,ba,1,msk,bisandman,bi,6.5,106,28
5162,2,ba,1,msk,bisandman,bi,6.8,79,35
5163,1,ba,1,msk,bisandman,bi,6.4,74,61
5164,2,ba,1,msk,bisandman,bi,6.4,173,69
5165,2,ba,1,msk,bisandman,bi,6,201,82
5166,1,ba,1,msk,bisandman,bi,6.7,634,150
5167,2,ba,1,msk,bisandman,bi,6.2,168,27
5168,2,ba,1,msk,bisandman,bi,6.2,2086,77
5169,2,ba,1,msk,bisandman,bi,6.5,243,75
5170,1,ba,1,msk,bisandman,bi,6.4,28,10
5171,2,ba,1,msk,bisandman,bi,6.8,189,40
5172,1,ba,1,msk,bisandman,bi,6.6,28,5
5173,1,ba,1,msk,bisandman,bi,6.1,122,23
5174,2,ba,1,msk,bisandman,bi,6.1,212,31
5175,2,ba,1,msk,bisandman,bi,6.6,101,44
5176,2,ba,1,msk,bisandman,bi,6.6,196,68
5177,1,ba,1,msk,bisandman,bi,7,223,41
5178,0,ba,1,msk,bisandman,bi,6.2,0,0
5179,2,ba,1,msk,bisandman,bi,6.4,131,40
5180,2,ba,1,msk,bisandman,bi,6.2,0,0
5181,2,ba,1,msk,bisandman,bi,6.4,604,9
5182,1,ba,1,msk,bisandman,bi,6.4,171,51
5183,2,ba,1,msk,bisandman,bi,6.5,106,37
5184,2,ba,1,msk,bisandman,bi,5.9,70,38
5185,2,ba,1,msk,bisandman,bi,6.1,61,19
5186,2,ba,1,msk,bisandman,bi,5.6,51,13
5187,2,ba,1,msk,bisandman,bi,5.6,200,34
5188,1,ba,1,msk,bisandman,bi,5.9,231,64
5189,2,ba,1,msk,bisandman,bi,5.9,165,57
5190,0,ba,1,msk,bisandman,bi,5.8,0,0
5191,2,ba,1,msk,bisandman,bi,5.8,170,45
5192,0,ba,1,msk,bisandman,bi,5.8,0,0
5193,1,ba,1,msk,bisandman,bi,5.8,135,31
5194,2,ba,1,msk,bisandman,bi,6.1,73,36
5195,1,ba,1,msk,bisandman,bi,5.8,199,85
5196,0,ba,1,msk,bisandman,bi,6,0,0
5197,2,ba,1,msk,bisandman,bi,5.6,91,18
5198,1,ba,1,msk,bisandman,bi,5.5,164,59
5199,2,ba,1,msk,bisandman,bi,5.9,230,71
5200,2,ba,1,msk,bisandman,bi,5.1,62,24
5201,2,ba,1,msk,bisandman,bi,5.8,105,40
5202,1,ba,1,msk,bisandman,bi,5.4,64,35
5203,1,ba,1,msk,bisandman,bi,5.6,116,36
5204,2,ba,1,msk,bisandman,bi,5.4,106,35
5205,2,ba,1,msk,bisandman,bi,5.4,86,23
5206,2,ba,1,msk,bisandman,bi,5.8,116,39
5207,2,ba,1,msk,bisandman,bi,5.6,84,30
5208,2,ba,1,msk,bisandman,bi,5.6,168,31
5209,2,ba,1,msk,bisandman,bi,5.2,147,16
5210,2,ba,1,msk,bisandman,bi,5.2,90,29
5211,2,ba,1,msk,bisandman,bi,5,1896,4
5212,1,ba,1,msk,bisandman,bi,5.2,434,106
5213,1,ba,1,msk,bisandman,bi,5,437,105
5214,2,ba,1,msk,bisandman,bi,6.3,106,15
5215,2,ba,1,msk,bisandman,bi,4.9,90,52
5216,2,ba,1,msk,bisandman,bi,4.8,86,32
5217,2,ba,1,msk,bisandman,bi,6,4,3
5218,2,ba,1,msk,bisandman,bi,4.4,453,27
5219,2,ba,1,msk,bisandman,bi,3.9,218,58
5220,2,ba,1,msk,bisandman,bi,3.8,309,126
5221,2,ba,1,msk,miem,cosec,9.3,173,37
5222,1,ba,1,msk,miem,cosec,9.1,0,0
5223,1,ba,1,msk,miem,cosec,9.3,27,4
5224,2,ba,1,msk,miem,cosec,9.1,157,47
5225,2,ba,1,msk,miem,cosec,9.1,23,1
5226,1,ba,1,msk,miem,cosec,9.1,100,31
5227,2,ba,1,msk,miem,cosec,9,138,23
5228,1,ba,1,msk,miem,cosec,8.9,178,32
5229,1,ba,1,msk,miem,cosec,9,234,63
5230,2,ba,1,msk,miem,cosec,8.7,167,48
5231,1,ba,1,msk,miem,cosec,8.7,289,52
5232,2,ba,1,msk,miem,cosec,8.9,154,41
5233,2,ba,1,msk,miem,cosec,8.7,117,56
5234,2,ba,1,msk,miem,cosec,8.7,377,70
5235,2,ba,1,msk,miem,cosec,8.6,284,181
5236,1,ba,1,msk,miem,cosec,8.6,152,47
5237,1,ba,1,msk,miem,cosec,8.4,158,43
5238,2,ba,1,msk,miem,cosec,8.3,275,98
5239,2,ba,1,msk,miem,cosec,8,142,27
5240,2,ba,1,msk,miem,cosec,8.1,156,43
5241,2,ba,1,msk,miem,cosec,7.7,84,54
5242,2,ba,1,msk,miem,cosec,8.1,58,28
5243,1,ba,1,msk,miem,cosec,7.9,46,11
5244,2,ba,1,msk,miem,cosec,7.9,123,43
5245,2,ba,1,msk,miem,cosec,7.7,64,29
5246,1,ba,1,msk,miem,cosec,7.7,171,76
5247,2,ba,1,msk,miem,cosec,7.7,492,110
5248,1,ba,1,msk,miem,cosec,7.4,115,37
5249,1,ba,1,msk,miem,cosec,7.6,103,15
5250,2,ba,1,msk,miem,cosec,7.3,150,38
5251,2,ba,1,msk,miem,cosec,7.1,181,55
5252,2,ba,1,msk,miem,cosec,6.9,59,18
5253,2,ba,1,msk,miem,cosec,7.1,123,47
5254,2,ba,1,msk,miem,cosec,7,58,30
5255,1,ba,1,msk,miem,cosec,7.1,214,33
5256,2,ba,1,msk,miem,cosec,6.9,112,48
5257,2,ba,1,msk,miem,cosec,6.6,110,23
5258,2,ba,1,msk,miem,cosec,6.9,109,37
5259,2,ba,1,msk,miem,cosec,6.7,187,56
5260,2,ba,1,msk,miem,cosec,6.6,11,3
5261,2,ba,1,msk,miem,cosec,7,127,63
5262,2,ba,1,msk,miem,cosec,6.7,150,66
5263,2,ba,1,msk,miem,cosec,6.4,109,42
5264,2,ba,1,msk,miem,cosec,6.4,65,23
5265,2,ba,1,msk,miem,cosec,6.4,69,3
5266,2,ba,1,msk,miem,cosec,6.4,202,43
5267,2,ba,1,msk,miem,cosec,6.3,80,15
5268,2,ba,1,msk,miem,cosec,6,76,39
5269,2,ba,1,msk,miem,cosec,5.7,130,11
5270,2,ba,1,msk,miem,cosec,5.7,358,45
5271,2,ba,1,msk,miem,cosec,5.6,0,0
5272,2,ba,1,msk,miem,cosec,5.7,74,27
5273,2,ba,1,msk,miem,cosec,5.4,266,22
5274,2,ba,1,msk,miem,cosec,5.3,90,1
5275,0,ba,1,msk,miem,cosec,5.6,0,0
5276,2,ba,1,msk,miem,cosec,5,5000,6
5277,2,ba,1,msk,miem,cosec,4.4,32,9
5278,2,ba,1,msk,miem,cosec,4.9,329,42
5279,2,ba,1,msk,miem,cosec,4.3,34,4
5280,1,ba,1,msk,econsci,economics,9.7,69,47
5281,2,ba,1,msk,econsci,economics,9.3,142,35
5282,2,ba,1,msk,econsci,economics,9.3,882,59
5283,1,ba,1,msk,econsci,economics,9.3,211,52
5284,2,ba,1,msk,econsci,economics,9.1,275,84
5285,2,ba,1,msk,econsci,economics,9.1,358,105
5286,2,ba,1,msk,econsci,economics,8.9,179,98
5287,1,ba,1,msk,econsci,economics,9.1,37,16
5288,1,ba,1,msk,econsci,economics,9,125,32
5289,2,ba,1,msk,econsci,economics,8.9,197,79
5290,1,ba,1,msk,econsci,economics,8.9,125,23
5291,1,ba,1,msk,econsci,economics,9,249,81
5292,2,ba,1,msk,econsci,economics,8.7,528,114
5293,1,ba,1,msk,econsci,economics,8.6,93,52
5294,1,ba,1,msk,econsci,economics,8.9,63,33
5295,2,ba,1,msk,econsci,economics,8.6,260,71
5296,2,ba,1,msk,econsci,economics,8.6,1079,36
5297,2,ba,1,msk,econsci,economics,8.7,88,34
5298,2,ba,1,msk,econsci,economics,8.7,261,66
5299,1,ba,1,msk,econsci,economics,8.6,213,74
5300,1,ba,1,msk,econsci,economics,8.3,217,64
5301,2,ba,1,msk,econsci,economics,8.1,139,49
5302,1,ba,1,msk,econsci,economics,8.6,579,98
5303,2,ba,1,msk,econsci,economics,8.6,232,57
5304,1,ba,1,msk,econsci,economics,8.3,75,19
5305,2,ba,1,msk,econsci,economics,8.7,416,131
5306,1,ba,1,msk,econsci,economics,8.4,250,64
5307,1,ba,1,msk,econsci,economics,8.3,98,44
5308,2,ba,1,msk,econsci,economics,8.6,152,79
5309,2,ba,1,msk,econsci,economics,8.4,100,46
5310,1,ba,1,msk,econsci,economics,8.6,394,142
5311,1,ba,1,msk,econsci,economics,8.6,115,36
5312,1,ba,1,msk,econsci,economics,8.4,225,42
5313,0,ba,1,msk,econsci,economics,8.4,0,0
5314,1,ba,1,msk,econsci,economics,8.4,247,84
5315,1,ba,1,msk,econsci,economics,8,81,37
5316,1,ba,1,msk,econsci,economics,7.9,215,43
5317,2,ba,1,msk,econsci,economics,7.7,128,78
5318,1,ba,1,msk,econsci,economics,8.6,0,0
5319,2,ba,1,msk,econsci,economics,8.1,665,131
5320,1,ba,1,msk,econsci,economics,8.1,250,47
5321,1,ba,1,msk,econsci,economics,8.1,132,48
5322,2,ba,1,msk,econsci,economics,8.3,194,87
5323,1,ba,1,msk,econsci,economics,8.3,282,82
5324,1,ba,1,msk,econsci,economics,8.6,117,42
5325,2,ba,1,msk,econsci,economics,8.1,268,46
5326,2,ba,1,msk,econsci,economics,8.1,212,93
5327,1,ba,1,msk,econsci,economics,8,367,171
5328,2,ba,1,msk,econsci,economics,6.9,218,58
5329,1,ba,1,msk,econsci,economics,8,294,172
5330,2,ba,1,msk,econsci,economics,7.7,284,70
5331,1,ba,1,msk,econsci,economics,8,40,18
5332,2,ba,1,msk,econsci,economics,7.9,55,33
5333,1,ba,1,msk,econsci,economics,7.7,138,42
5334,2,ba,1,msk,econsci,economics,7.6,40,19
5335,2,ba,1,msk,econsci,economics,7.6,116,65
5336,1,ba,1,msk,econsci,economics,8.1,159,39
5337,1,ba,1,msk,econsci,economics,8,186,46
5338,1,ba,1,msk,econsci,economics,7.9,164,57
5339,2,ba,1,msk,econsci,economics,6.9,91,32
5340,1,ba,1,msk,econsci,economics,8.2,259,66
5341,2,ba,1,msk,econsci,economics,8.1,490,86
5342,2,ba,1,msk,econsci,economics,7.9,208,102
5343,1,ba,1,msk,econsci,economics,7.9,216,42
5344,1,ba,1,msk,econsci,economics,8.1,129,39
5345,2,ba,1,msk,econsci,economics,8,90,40
5346,1,ba,1,msk,econsci,economics,7.9,219,40
5347,1,ba,1,msk,econsci,economics,7.9,262,64
5348,2,ba,1,msk,econsci,economics,7.9,253,144
5349,1,ba,1,msk,econsci,economics,8,183,48
5350,2,ba,1,msk,econsci,economics,8,37,14
5351,2,ba,1,msk,econsci,economics,8,386,168
5352,1,ba,1,msk,econsci,economics,7.9,233,71
5353,2,ba,1,msk,econsci,economics,7.6,125,45
5354,1,ba,1,msk,econsci,economics,7.4,186,40
5355,2,ba,1,msk,econsci,economics,7.3,12,8
5356,1,ba,1,msk,econsci,economics,8,281,64
5357,1,ba,1,msk,econsci,economics,8,191,57
5358,2,ba,1,msk,econsci,economics,7.7,73,33
5359,2,ba,1,msk,econsci,economics,7.6,113,52
5360,2,ba,1,msk,econsci,economics,7.4,123,35
5361,2,ba,1,msk,econsci,economics,7.3,0,0
5362,2,ba,1,msk,econsci,economics,7.6,163,91
5363,1,ba,1,msk,econsci,economics,7.6,211,51
5364,2,ba,1,msk,econsci,economics,7.4,284,110
5365,1,ba,1,msk,econsci,economics,7.6,134,47
5366,1,ba,1,msk,econsci,economics,7.4,0,0
5367,1,ba,1,msk,econsci,economics,7,308,69
5368,1,ba,1,msk,econsci,economics,7.4,202,115
5369,1,ba,1,msk,econsci,economics,7.3,103,35
5370,2,ba,1,msk,econsci,economics,8,226,96
5371,1,ba,1,msk,econsci,economics,7.6,244,73
5372,2,ba,1,msk,econsci,economics,7.4,307,72
5373,2,ba,1,msk,econsci,economics,7.1,65,22
5374,1,ba,1,msk,econsci,economics,7.1,410,92
5375,2,ba,1,msk,econsci,economics,7.4,95,36
5376,2,ba,1,msk,econsci,economics,7.3,165,36
5377,1,ba,1,msk,econsci,economics,7.7,164,42
5378,1,ba,1,msk,econsci,economics,7.4,318,39
5379,0,ba,1,msk,econsci,economics,7.4,0,0
5380,0,ba,1,msk,econsci,economics,7.3,0,0
5381,2,ba,1,msk,econsci,economics,7.1,328,42
5382,2,ba,1,msk,econsci,economics,7.3,269,47
5383,1,ba,1,msk,econsci,economics,7.3,102,57
5384,1,ba,1,msk,econsci,economics,7.3,171,125
5385,2,ba,1,msk,econsci,economics,7.3,136,58
5386,2,ba,1,msk,econsci,economics,7.4,356,98
5387,2,ba,1,msk,econsci,economics,7.3,120,22
5388,2,ba,1,msk,econsci,economics,7.3,101,60
5389,1,ba,1,msk,econsci,economics,7.6,140,50
5390,2,ba,1,msk,econsci,economics,7.1,144,61
5391,2,ba,1,msk,econsci,economics,6.7,181,93
5392,2,ba,1,msk,econsci,economics,7.3,166,64
5393,1,ba,1,msk,econsci,economics,7.7,224,64
5394,1,ba,1,msk,econsci,economics,7.1,111,45
5395,1,ba,1,msk,econsci,economics,7.1,407,76
5396,2,ba,1,msk,econsci,economics,7,188,74
5397,2,ba,1,msk,econsci,economics,7.4,186,43
5398,1,ba,1,msk,econsci,economics,7.3,231,99
5399,1,ba,1,msk,econsci,economics,7.3,109,31
5400,1,ba,1,msk,econsci,economics,7.1,121,26
5401,1,ba,1,msk,econsci,economics,7,270,109
5402,1,ba,1,msk,econsci,economics,7,339,97
5403,2,ba,1,msk,econsci,economics,6.9,154,73
5404,1,ba,1,msk,econsci,economics,7.4,169,77
5405,1,ba,1,msk,econsci,economics,7.3,73,38
5406,1,ba,1,msk,econsci,economics,7.1,83,26
5407,1,ba,1,msk,econsci,economics,7.4,74,24
5408,0,ba,1,msk,econsci,economics,7.1,0,0
5409,1,ba,1,msk,econsci,economics,7,94,26
5410,1,ba,1,msk,econsci,economics,7.5,225,41
5411,1,ba,1,msk,econsci,economics,7.4,443,73
5412,1,ba,1,msk,econsci,economics,7,257,53
5413,0,ba,1,msk,econsci,economics,7.1,0,0
5414,2,ba,1,msk,econsci,economics,7.1,18,9
5415,2,ba,1,msk,econsci,economics,7,268,80
5416,2,ba,1,msk,econsci,economics,7,223,63
5417,1,ba,1,msk,econsci,economics,7,219,37
5418,1,ba,1,msk,econsci,economics,7,75,16
5419,1,ba,1,msk,econsci,economics,6.9,133,33
5420,2,ba,1,msk,econsci,economics,7.1,65,31
5421,2,ba,1,msk,econsci,economics,7,411,83
5422,2,ba,1,msk,econsci,economics,6.7,260,61
5423,1,ba,1,msk,econsci,economics,6.6,146,45
5424,1,ba,1,msk,econsci,economics,7.4,103,48
5425,1,ba,1,msk,econsci,economics,7.1,341,83
5426,0,ba,1,msk,econsci,economics,7,0,0
5427,1,ba,1,msk,econsci,economics,6.6,113,49
5428,2,ba,1,msk,econsci,economics,7.1,202,83
5429,1,ba,1,msk,econsci,economics,7.1,200,47
5430,1,ba,1,msk,econsci,economics,7.1,146,37
5431,1,ba,1,msk,econsci,economics,6.9,389,81
5432,1,ba,1,msk,econsci,economics,6.7,803,74
5433,2,ba,1,msk,econsci,economics,7.1,360,128
5434,1,ba,1,msk,econsci,economics,7,62,32
5435,2,ba,1,msk,econsci,economics,6.6,101,45
5436,1,ba,1,msk,econsci,economics,7.3,110,22
5437,0,ba,1,msk,econsci,economics,7.1,0,0
5438,1,ba,1,msk,econsci,economics,7.1,290,124
5439,2,ba,1,msk,econsci,economics,7.1,316,49
5440,1,ba,1,msk,econsci,economics,7,279,83
5441,2,ba,1,msk,econsci,economics,6.7,65,30
5442,1,ba,1,msk,econsci,economics,6.6,154,27
5443,2,ba,1,msk,econsci,economics,7.1,151,65
5444,2,ba,1,msk,econsci,economics,6.9,113,58
5445,1,ba,1,msk,econsci,economics,6.9,116,29
5446,2,ba,1,msk,econsci,economics,6.7,158,62
5447,1,ba,1,msk,econsci,economics,6.7,162,60
5448,1,ba,1,msk,econsci,economics,7,276,87
5449,2,ba,1,msk,econsci,economics,6.6,133,66
5450,1,ba,1,msk,econsci,economics,6.9,484,202
5451,2,ba,1,msk,econsci,economics,6.7,343,136
5452,1,ba,1,msk,econsci,economics,7,41,12
5453,1,ba,1,msk,econsci,economics,6.9,112,41
5454,1,ba,1,msk,econsci,economics,6.7,454,112
5455,2,ba,1,msk,econsci,economics,6.4,490,111
5456,1,ba,1,msk,econsci,economics,6.9,285,75
5457,2,ba,1,msk,econsci,economics,6.3,2887,2
5458,2,ba,1,msk,econsci,economics,6.7,88,29
5459,0,ba,1,msk,econsci,economics,6.6,0,0
5460,1,ba,1,msk,econsci,economics,7,170,33
5461,1,ba,1,msk,econsci,economics,7,302,100
5462,2,ba,1,msk,econsci,economics,6.7,102,23
5463,1,ba,1,msk,econsci,economics,6.4,190,43
5464,1,ba,1,msk,econsci,economics,6.7,228,55
5465,1,ba,1,msk,econsci,economics,6.4,7,6
5466,2,ba,1,msk,econsci,economics,6.4,52,18
5467,1,ba,1,msk,econsci,economics,6.4,404,108
5468,1,ba,1,msk,econsci,economics,6.4,244,55
5469,1,ba,1,msk,econsci,economics,6.7,121,41
5470,2,ba,1,msk,econsci,economics,6.7,42,27
5471,0,ba,1,msk,econsci,economics,6.6,0,0
5472,1,ba,1,msk,econsci,economics,7,238,88
5473,1,ba,1,msk,econsci,economics,6.7,393,119
5474,0,ba,1,msk,econsci,economics,6.6,0,0
5475,2,ba,1,msk,econsci,economics,6.6,73,17
5476,2,ba,1,msk,econsci,economics,6.3,96,31
5477,2,ba,1,msk,econsci,economics,7,106,37
5478,2,ba,1,msk,econsci,economics,6.3,171,44
5479,0,ba,1,msk,econsci,economics,6.3,0,0
5480,1,ba,1,msk,econsci,economics,6.1,206,57
5481,1,ba,1,msk,econsci,economics,6.3,259,54
5482,2,ba,1,msk,econsci,economics,6.3,356,96
5483,2,ba,1,msk,econsci,economics,6.1,87,40
5484,1,ba,1,msk,econsci,economics,6.6,226,66
5485,1,ba,1,msk,econsci,economics,6.1,212,52
5486,1,ba,1,msk,econsci,economics,6.4,0,0
5487,1,ba,1,msk,econsci,economics,6.1,132,31
5488,2,ba,1,msk,econsci,economics,6.6,87,32
5489,1,ba,1,msk,econsci,economics,6.3,159,43
5490,1,ba,1,msk,econsci,economics,6.3,289,61
5491,1,ba,1,msk,econsci,economics,6.1,59,0
5492,2,ba,1,msk,econsci,economics,6,179,50
5493,2,ba,1,msk,econsci,economics,6.3,245,76
5494,1,ba,1,msk,econsci,economics,6.3,60,11
5495,2,ba,1,msk,econsci,economics,5.9,177,48
5496,2,ba,1,msk,econsci,economics,5.9,187,64
5497,2,ba,1,msk,econsci,economics,6.6,42,26
5498,2,ba,1,msk,econsci,economics,6.2,127,17
5499,0,ba,1,msk,econsci,economics,5.9,0,0
5500,1,ba,1,msk,econsci,economics,6.3,0,0
5501,1,ba,1,msk,econsci,economics,6.1,201,63
5502,1,ba,1,msk,econsci,economics,6.1,231,62
5503,2,ba,1,msk,econsci,economics,6.1,202,28
5504,0,ba,1,msk,econsci,economics,5.9,0,0
5505,1,ba,1,msk,econsci,economics,6.1,71,34
5506,1,ba,1,msk,econsci,economics,6.1,132,55
5507,2,ba,1,msk,econsci,economics,6.3,39,22
5508,2,ba,1,msk,econsci,economics,6.3,195,52
5509,1,ba,1,msk,econsci,economics,6.1,119,30
5510,2,ba,1,msk,econsci,economics,5.9,137,35
5511,2,ba,1,msk,econsci,economics,5.7,328,112
5512,2,ba,1,msk,econsci,economics,6.6,129,25
5513,2,ba,1,msk,econsci,economics,6,98,35
5514,1,ba,1,msk,econsci,economics,5.6,142,45
5515,1,ba,1,msk,econsci,economics,6.1,180,29
5516,1,ba,1,msk,econsci,economics,5.9,126,80
5517,2,ba,1,msk,econsci,economics,5.7,172,81
5518,1,ba,1,msk,econsci,economics,6.1,156,54
5519,1,ba,1,msk,econsci,economics,5.9,215,37
5520,0,ba,1,msk,econsci,economics,5.9,0,0
5521,1,ba,1,msk,econsci,economics,5.7,138,34
5522,2,ba,1,msk,econsci,economics,5.7,90,15
5523,2,ba,1,msk,econsci,economics,5.7,204,49
5524,2,ba,1,msk,econsci,economics,5.4,143,39
5525,1,ba,1,msk,econsci,economics,6.1,159,52
5526,1,ba,1,msk,econsci,economics,6.1,52,30
5527,1,ba,1,msk,econsci,economics,5.7,172,33
5528,2,ba,1,msk,econsci,economics,5.6,271,70
5529,1,ba,1,msk,econsci,economics,5.7,102,16
5530,0,ba,1,msk,econsci,economics,5.6,0,0
5531,1,ba,1,msk,econsci,economics,5.9,153,24
5532,2,ba,1,msk,econsci,economics,5.4,106,23
5533,1,ba,1,msk,econsci,economics,5.4,268,39
5534,0,ba,1,msk,econsci,economics,6,0,0
5535,1,ba,1,msk,econsci,economics,6,488,39
5536,2,ba,1,msk,econsci,economics,5.7,37,19
5537,0,ba,1,msk,econsci,economics,5.6,0,0
5538,0,ba,1,msk,econsci,economics,5.4,0,0
5539,2,ba,1,msk,econsci,economics,5.4,90,40
5540,2,ba,1,msk,econsci,economics,5.4,158,43
5541,2,ba,1,msk,econsci,economics,5.4,150,32
5542,2,ba,1,msk,econsci,economics,5.3,264,59
5543,2,ba,1,msk,econsci,economics,5.4,0,0
5544,0,ba,1,msk,econsci,economics,5.9,0,0
5545,2,ba,1,msk,econsci,economics,5.7,168,39
5546,2,ba,1,msk,econsci,economics,5.1,80,25
5547,2,ba,1,msk,econsci,economics,5.4,43,25
5548,1,ba,1,msk,econsci,economics,5.3,278,50
5549,2,ba,1,msk,econsci,economics,5.6,80,25
5550,2,ba,1,msk,econsci,economics,5.1,338,34
5551,1,ba,1,msk,econsci,economics,5.4,154,73
5552,2,ba,1,msk,econsci,economics,5.1,163,39
5553,0,ba,1,msk,econsci,economics,4.6,0,0
5554,2,ba,1,msk,econsci,economics,4.4,177,23
5555,2,ba,1,msk,econsci,economics,4.4,17,7
5556,1,ba,1,msk,econsci,economics,5.1,244,93
5557,2,ba,1,msk,econsci,economics,4.7,179,63
5558,2,ba,1,msk,econsci,economics,5,81,22
5559,1,ba,1,msk,econsci,economics,4.6,130,34
5560,2,ba,1,msk,econsci,economics,4.3,148,8
5561,2,ba,1,msk,econsci,economics,4.9,205,114
5562,1,ba,1,msk,econsci,economics,4.1,173,24
5563,2,ba,1,msk,econsci,economics,4.3,2663,25
5564,2,ba,1,msk,econsci,economics,4,155,48
5565,1,ba,1,msk,econsci,economics,3.9,553,64
5566,1,ba,1,msk,econsci,economics,3.9,91,31
5567,0,ba,1,msk,econsci,economics,3.7,0,0
5568,1,ba,1,msk,econsci,economics,9,205,30
5569,1,ba,1,msk,socsci,gmu,9,266,103
5570,2,ba,1,msk,socsci,gmu,9,150,92
5571,1,ba,1,msk,socsci,gmu,8.9,396,67
5572,2,ba,1,msk,socsci,gmu,9,99,50
5573,2,ba,1,msk,socsci,gmu,8.9,348,137
5574,1,ba,1,msk,socsci,gmu,8.7,145,52
5575,1,ba,1,msk,socsci,gmu,8.7,249,70
5576,1,ba,1,msk,socsci,gmu,8.6,176,69
5577,0,ba,1,msk,socsci,gmu,8.8,0,0
5578,1,ba,1,msk,socsci,gmu,8.4,205,91
5579,0,ba,1,msk,socsci,gmu,8.4,0,0
5580,1,ba,1,msk,socsci,gmu,8.6,117,41
5581,1,ba,1,msk,socsci,gmu,8.4,74,26
5582,2,ba,1,msk,socsci,gmu,8.6,165,48
5583,2,ba,1,msk,socsci,gmu,8.1,227,79
5584,1,ba,1,msk,socsci,gmu,8.4,196,89
5585,1,ba,1,msk,socsci,gmu,8.3,675,48
5586,2,ba,1,msk,socsci,gmu,8.3,234,76
5587,2,ba,1,msk,socsci,gmu,8.4,230,63
5588,2,ba,1,msk,socsci,gmu,8.4,350,102
5589,1,ba,1,msk,socsci,gmu,8.1,68,35
5590,2,ba,1,msk,socsci,gmu,8.1,258,58
5591,1,ba,1,msk,socsci,gmu,8.4,567,104
5592,2,ba,1,msk,socsci,gmu,8,532,156
5593,1,ba,1,msk,socsci,gmu,8,89,27
5594,1,ba,1,msk,socsci,gmu,8,178,65
5595,1,ba,1,msk,socsci,gmu,7.9,173,58
5596,2,ba,1,msk,socsci,gmu,8.1,110,49
5597,1,ba,1,msk,socsci,gmu,8,221,60
5598,1,ba,1,msk,socsci,gmu,8,204,63
5599,0,ba,1,msk,socsci,gmu,8,0,0
5600,1,ba,1,msk,socsci,gmu,7.9,149,59
5601,2,ba,1,msk,socsci,gmu,7.7,88,44
5602,1,ba,1,msk,socsci,gmu,7.6,144,75
5603,1,ba,1,msk,socsci,gmu,7.9,519,92
5604,1,ba,1,msk,socsci,gmu,7.6,147,84
5605,1,ba,1,msk,socsci,gmu,7.4,109,35
5606,1,ba,1,msk,socsci,gmu,7.7,177,81
5607,1,ba,1,msk,socsci,gmu,7.6,346,68
5608,1,ba,1,msk,socsci,gmu,7.4,189,69
5609,2,ba,1,msk,socsci,gmu,7.6,87,32
5610,1,ba,1,msk,socsci,gmu,7.6,75,30
5611,2,ba,1,msk,socsci,gmu,7.3,126,44
5612,2,ba,1,msk,socsci,gmu,7.7,89,35
5613,1,ba,1,msk,socsci,gmu,7.6,64,11
5614,1,ba,1,msk,socsci,gmu,7.3,191,103
5615,1,ba,1,msk,socsci,gmu,7.3,134,69
5616,2,ba,1,msk,socsci,gmu,7.4,253,66
5617,1,ba,1,msk,socsci,gmu,7.4,342,114
5618,1,ba,1,msk,socsci,gmu,7.3,205,73
5619,1,ba,1,msk,socsci,gmu,7.3,179,63
5620,2,ba,1,msk,socsci,gmu,7.3,191,110
5621,1,ba,1,msk,socsci,gmu,7.3,198,68
5622,1,ba,1,msk,socsci,gmu,7.1,59,26
5623,1,ba,1,msk,socsci,gmu,7.4,180,51
5624,1,ba,1,msk,socsci,gmu,7.1,125,69
5625,2,ba,1,msk,socsci,gmu,7.1,62,33
5626,1,ba,1,msk,socsci,gmu,7.3,112,26
5627,1,ba,1,msk,socsci,gmu,7.1,220,62
5628,2,ba,1,msk,socsci,gmu,7.1,69,31
5629,2,ba,1,msk,socsci,gmu,7.3,53,32
5630,1,ba,1,msk,socsci,gmu,7,117,67
5631,0,ba,1,msk,socsci,gmu,7.1,0,0
5632,2,ba,1,msk,socsci,gmu,6.9,519,220
5633,1,ba,1,msk,socsci,gmu,6.4,85,41
5634,2,ba,1,msk,socsci,gmu,7.1,214,117
5635,1,ba,1,msk,socsci,gmu,7,165,41
5636,1,ba,1,msk,socsci,gmu,6.7,51,20
5637,0,ba,1,msk,socsci,gmu,7.1,0,0
5638,1,ba,1,msk,socsci,gmu,6.7,128,61
5639,1,ba,1,msk,socsci,gmu,6.6,256,8
5640,0,ba,1,msk,socsci,gmu,6.7,0,0
5641,1,ba,1,msk,socsci,gmu,7,159,76
5642,1,ba,1,msk,socsci,gmu,7,55,23
5643,2,ba,1,msk,socsci,gmu,7,180,59
5644,2,ba,1,msk,socsci,gmu,7.1,423,83
5645,1,ba,1,msk,socsci,gmu,6.6,251,37
5646,2,ba,1,msk,socsci,gmu,6.9,143,53
5647,1,ba,1,msk,socsci,gmu,6.6,244,55
5648,1,ba,1,msk,socsci,gmu,6.4,254,44
5649,1,ba,1,msk,socsci,gmu,6.7,196,49
5650,1,ba,1,msk,socsci,gmu,6.7,102,28
5651,2,ba,1,msk,socsci,gmu,6.9,143,60
5652,1,ba,1,msk,socsci,gmu,6.9,228,62
5653,1,ba,1,msk,socsci,gmu,6.1,217,88
5654,1,ba,1,msk,socsci,gmu,6.6,183,48
5655,1,ba,1,msk,socsci,gmu,6.3,133,43
5656,1,ba,1,msk,socsci,gmu,6.6,144,49
5657,1,ba,1,msk,socsci,gmu,6.4,144,41
5658,1,ba,1,msk,socsci,gmu,6.4,128,53
5659,1,ba,1,msk,socsci,gmu,6.7,162,44
5660,2,ba,1,msk,socsci,gmu,6.4,70,39
5661,1,ba,1,msk,socsci,gmu,6,924,52
5662,2,ba,1,msk,socsci,gmu,6.1,9,8
5663,1,ba,1,msk,socsci,gmu,6.4,190,65
5664,1,ba,1,msk,socsci,gmu,6.1,120,54
5665,0,ba,1,msk,socsci,gmu,5.3,0,0
5666,1,ba,1,msk,socsci,gmu,5.4,209,92
5667,2,ba,1,msk,socsci,gmu,5.1,135,35
5668,2,ba,1,msk,socsci,gmu,4.4,130,27
5669,1,ba,1,msk,socsci,gmu,6.8,53,14
5670,1,ba,1,msk,humanities,hist,9.2,491,121
5671,2,ba,1,msk,humanities,hist,9,292,61
5672,2,ba,1,msk,humanities,hist,9.7,400,58
5673,2,ba,1,msk,humanities,hist,8.7,344,70
5674,2,ba,1,msk,humanities,hist,8.9,188,30
5675,2,ba,1,msk,humanities,hist,9.2,246,69
5676,1,ba,1,msk,humanities,hist,9.2,333,114
5677,1,ba,1,msk,humanities,hist,8.7,153,64
5678,1,ba,1,msk,humanities,hist,9,350,72
5679,1,ba,1,msk,humanities,hist,8.8,95,42
5680,2,ba,1,msk,humanities,hist,8.3,77,16
5681,2,ba,1,msk,humanities,hist,8.3,70,20
5682,0,ba,1,msk,humanities,hist,8.5,0,0
5683,0,ba,1,msk,humanities,hist,8.5,0,0
5684,0,ba,1,msk,humanities,hist,7.6,0,0
5685,1,ba,1,msk,humanities,hist,8.7,107,35
5686,1,ba,1,msk,humanities,hist,8.3,108,40
5687,1,ba,1,msk,humanities,hist,8.3,100,20
5688,2,ba,1,msk,humanities,hist,8.3,41,33
5689,1,ba,1,msk,humanities,hist,8.3,108,35
5690,1,ba,1,msk,humanities,hist,8.7,143,50
5691,1,ba,1,msk,humanities,hist,8.7,149,49
5692,1,ba,1,msk,humanities,hist,8.5,298,65
5693,2,ba,1,msk,humanities,hist,7.8,168,45
5694,1,ba,1,msk,humanities,hist,8.5,108,36
5695,1,ba,1,msk,humanities,hist,8.2,159,55
5696,1,ba,1,msk,humanities,hist,7.8,162,56
5697,2,ba,1,msk,humanities,hist,7.8,88,28
5698,0,ba,1,msk,humanities,hist,8.3,0,0
5699,2,ba,1,msk,humanities,hist,8.2,42,20
5700,2,ba,1,msk,humanities,hist,8,59,27
5701,1,ba,1,msk,humanities,hist,7.7,121,27
5702,1,ba,1,msk,humanities,hist,8,156,64
5703,2,ba,1,msk,humanities,hist,8.2,109,14
5704,2,ba,1,msk,humanities,hist,8.2,51,22
5705,2,ba,1,msk,humanities,hist,7.5,136,33
5706,1,ba,1,msk,humanities,hist,8.2,95,29
5707,1,ba,1,msk,humanities,hist,8,129,60
5708,2,ba,1,msk,humanities,hist,7.7,95,33
5709,1,ba,1,msk,humanities,hist,7.7,85,36
5710,2,ba,1,msk,humanities,hist,7.3,157,52
5711,1,ba,1,msk,humanities,hist,7.8,382,59
5712,2,ba,1,msk,humanities,hist,7,258,53
5713,0,ba,1,msk,humanities,hist,7.9,0,0
5714,2,ba,1,msk,humanities,hist,7,65,15
5715,1,ba,1,msk,humanities,hist,7,136,1
5716,2,ba,1,msk,humanities,hist,7.7,112,24
5717,2,ba,1,msk,humanities,hist,7.1,270,75
5718,1,ba,1,msk,humanities,hist,7.5,50,24
5719,1,ba,1,msk,humanities,hist,7.5,173,49
5720,0,ba,1,msk,humanities,hist,7.2,0,0
5721,1,ba,1,msk,humanities,hist,7.2,142,40
5722,2,ba,1,msk,humanities,hist,6.7,143,23
5723,2,ba,1,msk,humanities,hist,7.2,95,21
5724,1,ba,1,msk,humanities,hist,7.5,192,60
5725,1,ba,1,msk,humanities,hist,7.3,110,22
5726,1,ba,1,msk,humanities,hist,7.6,87,42
5727,1,ba,1,msk,humanities,hist,7.3,90,42
5728,1,ba,1,msk,humanities,hist,7.2,363,55
5729,1,ba,1,msk,humanities,hist,7.2,61,18
5730,2,ba,1,msk,humanities,hist,7,128,32
5731,2,ba,1,msk,humanities,hist,6.7,75,31
5732,1,ba,1,msk,humanities,hist,7.3,96,35
5733,2,ba,1,msk,humanities,hist,7.2,324,23
5734,2,ba,1,msk,humanities,hist,7.2,98,30
5735,1,ba,1,msk,humanities,hist,7,389,67
5736,2,ba,1,msk,humanities,hist,6.6,256,81
5737,1,ba,1,msk,humanities,hist,7.2,195,43
5738,1,ba,1,msk,humanities,hist,6.5,143,72
5739,2,ba,1,msk,humanities,hist,7.2,120,41
5740,1,ba,1,msk,humanities,hist,7,82,17
5741,1,ba,1,msk,humanities,hist,7,157,31
5742,0,ba,1,msk,humanities,hist,7,0,0
5743,1,ba,1,msk,humanities,hist,7.2,77,44
5744,1,ba,1,msk,humanities,hist,7.2,397,29
5745,1,ba,1,msk,humanities,hist,7,219,38
5746,2,ba,1,msk,humanities,hist,6.8,93,28
5747,1,ba,1,msk,humanities,hist,6.2,227,37
5748,1,ba,1,msk,humanities,hist,7.3,45,9
5749,2,ba,1,msk,humanities,hist,6,32,22
5750,2,ba,1,msk,humanities,hist,6.8,93,18
5751,1,ba,1,msk,humanities,hist,7.3,82,25
5752,0,ba,1,msk,humanities,hist,6.3,0,0
5753,2,ba,1,msk,humanities,hist,6.8,245,50
5754,0,ba,1,msk,humanities,hist,6.3,0,0
5755,2,ba,1,msk,humanities,hist,6.3,131,28
5756,1,ba,1,msk,wordecon,ia,10,213,87
5757,2,ba,1,msk,wordecon,ia,9.7,524,52
5758,1,ba,1,msk,wordecon,ia,9.5,208,83
5759,1,ba,1,msk,wordecon,ia,9.3,145,61
5760,2,ba,1,msk,wordecon,ia,9.3,205,64
5761,1,ba,1,msk,wordecon,ia,9.3,183,24
5762,1,ba,1,msk,wordecon,ia,9.3,279,43
5763,1,ba,1,msk,wordecon,ia,9.3,93,43
5764,1,ba,1,msk,wordecon,ia,9.2,246,109
5765,1,ba,1,msk,wordecon,ia,9,260,66
5766,2,ba,1,msk,wordecon,ia,8.2,256,92
5767,1,ba,1,msk,wordecon,ia,8.8,224,75
5768,2,ba,1,msk,wordecon,ia,8.3,106,40
5769,0,ba,1,msk,wordecon,ia,8.5,0,0
5770,2,ba,1,msk,wordecon,ia,8.7,224,44
5771,1,ba,1,msk,wordecon,ia,8.7,294,55
5772,1,ba,1,msk,wordecon,ia,8.3,179,55
5773,1,ba,1,msk,wordecon,ia,8.2,140,61
5774,2,ba,1,msk,wordecon,ia,8.3,155,42
5775,2,ba,1,msk,wordecon,ia,7.8,150,61
5776,0,ba,1,msk,wordecon,ia,8.2,0,0
5777,1,ba,1,msk,wordecon,ia,8.2,113,28
5778,2,ba,1,msk,wordecon,ia,8,44,18
5779,2,ba,1,msk,wordecon,ia,8,196,65
5780,1,ba,1,msk,wordecon,ia,8.2,238,66
5781,1,ba,1,msk,wordecon,ia,7.8,168,66
5782,1,ba,1,msk,wordecon,ia,8.2,235,80
5783,1,ba,1,msk,wordecon,ia,7.5,145,62
5784,1,ba,1,msk,wordecon,ia,7.8,221,67
5785,2,ba,1,msk,wordecon,ia,7.5,109,43
5786,1,ba,1,msk,wordecon,ia,8.2,110,43
5787,1,ba,1,msk,wordecon,ia,8,225,52
5788,1,ba,1,msk,wordecon,ia,7.8,89,56
5789,2,ba,1,msk,wordecon,ia,7.3,137,41
5790,1,ba,1,msk,wordecon,ia,7.2,161,51
5791,1,ba,1,msk,wordecon,ia,7.7,278,40
5792,1,ba,1,msk,wordecon,ia,7.7,142,60
5793,2,ba,1,msk,wordecon,ia,7.2,148,59
5794,2,ba,1,msk,wordecon,ia,7.8,64,46
5795,1,ba,1,msk,wordecon,ia,7.2,200,77
5796,2,ba,1,msk,wordecon,ia,7,514,86
5797,0,ba,1,msk,wordecon,ia,7,0,0
5798,2,ba,1,msk,wordecon,ia,7.2,141,58
5799,1,ba,1,msk,wordecon,ia,7,284,97
5800,0,ba,1,msk,wordecon,ia,7.3,0,0
5801,2,ba,1,msk,wordecon,ia,7.2,0,0
5802,1,ba,1,msk,wordecon,ia,7,117,72
5803,2,ba,1,msk,wordecon,ia,7,51,43
5804,1,ba,1,msk,wordecon,ia,7.2,219,29
5805,1,ba,1,msk,wordecon,ia,6.8,167,61
5806,1,ba,1,msk,wordecon,ia,6.7,171,38
5807,2,ba,1,msk,wordecon,ia,6.5,173,49
5808,2,ba,1,msk,wordecon,ia,6.5,179,37
5809,1,ba,1,msk,wordecon,ia,7,197,54
5810,1,ba,1,msk,wordecon,ia,6.5,83,53
5811,1,ba,1,msk,wordecon,ia,6,172,25
5812,1,ba,1,msk,wordecon,ia,6.5,418,54
5813,0,ba,1,msk,wordecon,ia,6.7,0,0
5814,1,ba,1,msk,wordecon,ia,6.5,57,42
5815,1,ba,1,msk,wordecon,ia,6.5,401,64
5816,2,ba,1,msk,wordecon,ia,5.7,93,51
5817,2,ba,1,msk,wordecon,ia,6.3,219,39
5818,2,ba,1,msk,wordecon,ia,6,159,62
5819,1,ba,1,msk,wordecon,ia,6.3,119,54
5820,2,ba,1,msk,wordecon,ia,5.8,104,26
5821,1,ba,1,msk,wordecon,ia,5.8,137,27
5822,1,ba,1,msk,wordecon,ia,5.3,33,25
5823,1,ba,1,msk,wordecon,ia,6.2,195,37
5824,1,ba,1,msk,wordecon,ia,5.8,145,38
5825,1,ba,1,msk,wordecon,ia,6,415,68
5826,1,ba,1,msk,wordecon,ia,6.2,150,37
5827,1,ba,1,msk,wordecon,ia,5.7,184,42
5828,0,ba,1,msk,wordecon,ia,5.7,0,0
5829,2,ba,1,msk,wordecon,ia,5.3,170,75
5830,2,ba,1,msk,wordecon,ia,5.8,119,63
5831,0,ba,1,msk,wordecon,ia,6,0,0
5832,1,ba,1,msk,wordecon,ia,5.9,205,56
5833,2,ba,1,msk,wordecon,ia,5.3,176,89
5834,1,ba,1,msk,wordecon,ia,4.5,0,0
5835,2,ba,1,msk,wordecon,ia,4.3,80,32
5836,1,ba,1,msk,wordecon,ia,7.8,0,0
5837,1,ba,1,msk,wordecon,ia,4.2,37,1
5838,1,ba,1,msk,wordecon,ia,4.4,59,22
5839,0,ba,1,msk,wordecon,ia,5,0,0
5840,2,ba,1,msk,miem,isct,9.1,116,17
5841,1,ba,1,msk,miem,isct,9.1,201,60
5842,1,ba,1,msk,miem,isct,8.6,313,70
5843,2,ba,1,msk,miem,isct,9,136,37
5844,2,ba,1,msk,miem,isct,8.6,130,38
5845,2,ba,1,msk,miem,isct,8.6,171,51
5846,2,ba,1,msk,miem,isct,8.6,115,27
5847,1,ba,1,msk,miem,isct,8.4,33,25
5848,2,ba,1,msk,miem,isct,8.6,88,24
5849,1,ba,1,msk,miem,isct,8.4,109,23
5850,2,ba,1,msk,miem,isct,8.1,92,33
5851,2,ba,1,msk,miem,isct,8.9,175,19
5852,2,ba,1,msk,miem,isct,8.6,119,19
5853,2,ba,1,msk,miem,isct,8.4,120,31
5854,2,ba,1,msk,miem,isct,8.4,65,18
5855,1,ba,1,msk,miem,isct,8.1,212,64
5856,2,ba,1,msk,miem,isct,8.1,130,56
5857,2,ba,1,msk,miem,isct,8.1,31,20
5858,2,ba,1,msk,miem,isct,8.1,2213,10
5859,1,ba,1,msk,miem,isct,8,218,25
5860,0,ba,1,msk,miem,isct,7.9,0,0
5861,1,ba,1,msk,miem,isct,8.3,118,63
5862,0,ba,1,msk,miem,isct,8.1,0,0
5863,2,ba,1,msk,miem,isct,8.1,137,0
5864,2,ba,1,msk,miem,isct,8.6,347,168
5865,2,ba,1,msk,miem,isct,8.4,128,46
5866,2,ba,1,msk,miem,isct,8.4,73,29
5867,2,ba,1,msk,miem,isct,8.3,221,92
5868,2,ba,1,msk,miem,isct,8.3,1499,82
5869,1,ba,1,msk,miem,isct,8.1,100,32
5870,0,ba,1,msk,miem,isct,8,0,0
5871,1,ba,1,msk,miem,isct,8.4,133,50
5872,2,ba,1,msk,miem,isct,8.3,103,35
5873,1,ba,1,msk,miem,isct,8.3,5000,2
5874,2,ba,1,msk,miem,isct,8.1,367,32
5875,2,ba,1,msk,miem,isct,7.9,148,29
5876,1,ba,1,msk,miem,isct,8.3,347,65
5877,1,ba,1,msk,miem,isct,8.1,89,36
5878,1,ba,1,msk,miem,isct,8.1,276,29
5879,1,ba,1,msk,miem,isct,7.9,378,38
5880,2,ba,1,msk,miem,isct,8.1,152,61
5881,2,ba,1,msk,miem,isct,8.1,69,24
5882,2,ba,1,msk,miem,isct,8,101,52
5883,2,ba,1,msk,miem,isct,8.3,115,43
5884,1,ba,1,msk,miem,isct,8.3,100,28
5885,2,ba,1,msk,miem,isct,8.1,20,11
5886,1,ba,1,msk,miem,isct,8,439,85
5887,2,ba,1,msk,miem,isct,8,55,9
5888,2,ba,1,msk,miem,isct,8.1,210,26
5889,1,ba,1,msk,miem,isct,8,29,13
5890,2,ba,1,msk,miem,isct,7.9,76,24
5891,0,ba,1,msk,miem,isct,7.9,0,0
5892,2,ba,1,msk,miem,isct,7.9,103,23
5893,2,ba,1,msk,miem,isct,7.9,0,0
5894,2,ba,1,msk,miem,isct,7.9,5,1
5895,2,ba,1,msk,miem,isct,8,79,21
5896,2,ba,1,msk,miem,isct,7.7,231,37
5897,2,ba,1,msk,miem,isct,8,365,80
5898,1,ba,1,msk,miem,isct,8,41,24
5899,1,ba,1,msk,miem,isct,7.9,84,25
5900,2,ba,1,msk,miem,isct,7.9,234,88
5901,2,ba,1,msk,miem,isct,7.6,194,38
5902,2,ba,1,msk,miem,isct,8,55,15
5903,2,ba,1,msk,miem,isct,8,124,20
5904,2,ba,1,msk,miem,isct,8,935,119
5905,1,ba,1,msk,miem,isct,7.9,638,188
5906,2,ba,1,msk,miem,isct,7.6,159,54
5907,1,ba,1,msk,miem,isct,7.4,169,36
5908,2,ba,1,msk,miem,isct,7.4,144,20
5909,2,ba,1,msk,miem,isct,8.1,106,30
5910,2,ba,1,msk,miem,isct,7.7,106,27
5911,0,ba,1,msk,miem,isct,7.4,0,0
5912,2,ba,1,msk,miem,isct,7.9,61,23
5913,0,ba,1,msk,miem,isct,7.6,0,0
5914,1,ba,1,msk,miem,isct,7.4,143,78
5915,2,ba,1,msk,miem,isct,7.7,367,56
5916,2,ba,1,msk,miem,isct,7.7,202,42
5917,2,ba,1,msk,miem,isct,7.4,166,47
5918,2,ba,1,msk,miem,isct,7.9,39,15
5919,2,ba,1,msk,miem,isct,7.7,318,93
5920,2,ba,1,msk,miem,isct,7.7,66,17
5921,2,ba,1,msk,miem,isct,7.6,98,28
5922,2,ba,1,msk,miem,isct,7.4,236,79
5923,2,ba,1,msk,miem,isct,7.7,108,40
5924,2,ba,1,msk,miem,isct,7.7,157,14
5925,1,ba,1,msk,miem,isct,7.7,104,37
5926,2,ba,1,msk,miem,isct,7.4,146,32
5927,2,ba,1,msk,miem,isct,7.4,447,70
5928,2,ba,1,msk,miem,isct,7.4,74,29
5929,0,ba,1,msk,miem,isct,7.4,0,0
5930,2,ba,1,msk,miem,isct,7.3,194,45
5931,1,ba,1,msk,miem,isct,7.6,60,14
5932,2,ba,1,msk,miem,isct,7.6,44,22
5933,2,ba,1,msk,miem,isct,7.1,41,21
5934,2,ba,1,msk,miem,isct,7.9,91,33
5935,2,ba,1,msk,miem,isct,7.6,166,26
5936,1,ba,1,msk,miem,isct,7.6,328,111
5937,1,ba,1,msk,miem,isct,7.4,71,28
5938,2,ba,1,msk,miem,isct,7.3,115,53
5939,2,ba,1,msk,miem,isct,7.3,138,35
5940,2,ba,1,msk,miem,isct,7.6,270,106
5941,2,ba,1,msk,miem,isct,7.4,87,18
5942,2,ba,1,msk,miem,isct,7.3,166,68
5943,2,ba,1,msk,miem,isct,7.3,149,38
5944,2,ba,1,msk,miem,isct,7.1,388,25
5945,2,ba,1,msk,miem,isct,7.1,68,25
5946,2,ba,1,msk,miem,isct,7.1,454,26
5947,0,ba,1,msk,miem,isct,7.7,0,0
5948,2,ba,1,msk,miem,isct,7.6,19,15
5949,2,ba,1,msk,miem,isct,7.6,528,54
5950,0,ba,1,msk,miem,isct,7.6,0,0
5951,1,ba,1,msk,miem,isct,7.4,138,39
5952,2,ba,1,msk,miem,isct,7.4,209,66
5953,0,ba,1,msk,miem,isct,7.4,0,0
5954,1,ba,1,msk,miem,isct,7.6,42,17
5955,2,ba,1,msk,miem,isct,7.4,36,12
5956,2,ba,1,msk,miem,isct,7.1,152,51
5957,2,ba,1,msk,miem,isct,7.6,55,18
5958,2,ba,1,msk,miem,isct,7.4,67,11
5959,2,ba,1,msk,miem,isct,7.3,71,31
5960,2,ba,1,msk,miem,isct,7.1,148,35
5961,2,ba,1,msk,miem,isct,7.1,104,35
5962,2,ba,1,msk,miem,isct,7.1,195,67
5963,1,ba,1,msk,miem,isct,7.3,115,39
5964,2,ba,1,msk,miem,isct,7.3,61,39
5965,2,ba,1,msk,miem,isct,7.1,0,0
5966,2,ba,1,msk,miem,isct,7.6,0,0
5967,2,ba,1,msk,miem,isct,7.3,511,46
5968,2,ba,1,msk,miem,isct,7.3,24,10
5969,2,ba,1,msk,miem,isct,6.9,367,53
5970,1,ba,1,msk,miem,isct,6.9,175,41
5971,1,ba,1,msk,miem,isct,6.7,53,33
5972,2,ba,1,msk,miem,isct,7.4,218,32
5973,2,ba,1,msk,miem,isct,7.3,169,28
5974,2,ba,1,msk,miem,isct,7.1,154,25
5975,1,ba,1,msk,miem,isct,7.1,89,25
5976,0,ba,1,msk,miem,isct,6.9,0,0
5977,0,ba,1,msk,miem,isct,7.1,0,0
5978,2,ba,1,msk,miem,isct,7,275,53
5979,1,ba,1,msk,miem,isct,7.1,73,32
5980,2,ba,1,msk,miem,isct,7,195,58
5981,2,ba,1,msk,miem,isct,6.9,28,17
5982,1,ba,1,msk,miem,isct,6.9,700,88
5983,2,ba,1,msk,miem,isct,7,262,31
5984,2,ba,1,msk,miem,isct,7,122,27
5985,2,ba,1,msk,miem,isct,7.3,94,35
5986,1,ba,1,msk,miem,isct,7.1,256,51
5987,2,ba,1,msk,miem,isct,7,102,43
5988,2,ba,1,msk,miem,isct,7,567,200
5989,2,ba,1,msk,miem,isct,6.7,43,13
5990,2,ba,1,msk,miem,isct,6.7,108,36
5991,2,ba,1,msk,miem,isct,7.2,98,37
5992,2,ba,1,msk,miem,isct,6.9,125,38
5993,2,ba,1,msk,miem,isct,6.4,35,15
5994,2,ba,1,msk,miem,isct,6.9,37,15
5995,1,ba,1,msk,miem,isct,6.9,106,42
5996,2,ba,1,msk,miem,isct,7,30,0
5997,2,ba,1,msk,miem,isct,6.7,105,30
5998,2,ba,1,msk,miem,isct,6.6,89,13
5999,2,ba,1,msk,miem,isct,6.3,183,19
6000,2,ba,1,msk,miem,isct,6.1,43,11
6001,2,ba,1,msk,miem,isct,6.7,38,17
6002,2,ba,1,msk,miem,isct,6.7,144,26
6003,2,ba,1,msk,miem,isct,6.4,113,29
6004,2,ba,1,msk,miem,isct,6.3,150,56
6005,2,ba,1,msk,miem,isct,6.3,23,0
6006,2,ba,1,msk,miem,isct,6.5,74,14
6007,2,ba,1,msk,miem,isct,6.4,232,20
6008,0,ba,1,msk,miem,isct,5.6,0,0
6009,2,ba,1,msk,miem,isct,6.9,260,41
6010,1,ba,1,msk,miem,isct,6.8,116,37
6011,0,ba,1,msk,miem,isct,6.3,0,0
6012,2,ba,1,msk,miem,isct,6.1,109,13
6013,1,ba,1,msk,miem,isct,6.1,388,43
6014,2,ba,1,msk,miem,isct,6.7,232,71
6015,2,ba,1,msk,miem,isct,6.6,171,19
6016,2,ba,1,msk,miem,isct,6.4,126,18
6017,2,ba,1,msk,miem,isct,6.7,60,18
6018,2,ba,1,msk,miem,isct,6.1,77,32
6019,2,ba,1,msk,miem,isct,6.6,366,130
6020,2,ba,1,msk,miem,isct,5.9,217,34
6021,2,ba,1,msk,miem,isct,6.3,266,27
6022,2,ba,1,msk,miem,isct,6.1,221,0
6023,2,ba,1,msk,miem,isct,5,92,28
6024,0,ba,1,msk,miem,isct,6.6,0,0
6025,2,ba,1,msk,miem,isct,6,121,38
6026,2,ba,1,msk,miem,isct,6.3,87,20
6027,0,ba,1,msk,miem,isct,6,0,0
6028,2,ba,1,msk,miem,isct,6.1,160,35
6029,2,ba,1,msk,miem,isct,5.4,178,18
6030,0,ba,1,msk,miem,isct,6.5,0,0
6031,2,ba,1,msk,miem,isct,5.8,97,19
6032,2,ba,1,msk,miem,isct,5.5,349,95
6033,2,ba,1,msk,miem,it,9.2,96,27
6034,1,ba,1,msk,miem,it,9.2,307,51
6035,1,ba,1,msk,miem,it,9.2,178,37
6036,2,ba,1,msk,miem,it,9.2,129,52
6037,2,ba,1,msk,miem,it,9,138,82
6038,2,ba,1,msk,miem,it,8.7,294,69
6039,1,ba,1,msk,miem,it,8.7,318,102
6040,2,ba,1,msk,miem,it,9,50,25
6041,1,ba,1,msk,miem,it,8.8,93,28
6042,2,ba,1,msk,miem,it,9,79,24
6043,2,ba,1,msk,miem,it,9,139,38
6044,2,ba,1,msk,miem,it,9,240,40
6045,1,ba,1,msk,miem,it,8.8,78,42
6046,2,ba,1,msk,miem,it,8.8,147,43
6047,1,ba,1,msk,miem,it,8.7,344,154
6048,1,ba,1,msk,miem,it,8.7,148,54
6049,2,ba,1,msk,miem,it,8.7,105,37
6050,1,ba,1,msk,miem,it,8.7,171,30
6051,1,ba,1,msk,miem,it,8.7,151,43
6052,1,ba,1,msk,miem,it,8.7,326,120
6053,1,ba,1,msk,miem,it,8.7,373,111
6054,2,ba,1,msk,miem,it,8.5,163,59
6055,1,ba,1,msk,miem,it,8.2,505,109
6056,2,ba,1,msk,miem,it,8.7,176,34
6057,0,ba,1,msk,miem,it,8.2,0,0
6058,1,ba,1,msk,miem,it,8.7,78,28
6059,1,ba,1,msk,miem,it,8.5,544,138
6060,2,ba,1,msk,miem,it,8.8,117,29
6061,1,ba,1,msk,miem,it,8.8,106,37
6062,1,ba,1,msk,miem,it,8.7,174,71
6063,2,ba,1,msk,miem,it,8.5,88,25
6064,1,ba,1,msk,miem,it,8.5,901,70
6065,2,ba,1,msk,miem,it,8.3,40,17
6066,0,ba,1,msk,miem,it,8.8,0,0
6067,1,ba,1,msk,miem,it,8.7,0,0
6068,1,ba,1,msk,miem,it,8.7,241,52
6069,2,ba,1,msk,miem,it,8.7,256,56
6070,2,ba,1,msk,miem,it,8.7,282,48
6071,2,ba,1,msk,miem,it,8.5,219,103
6072,2,ba,1,msk,miem,it,8.5,161,27
6073,2,ba,1,msk,miem,it,8.5,316,141
6074,2,ba,1,msk,miem,it,8.5,173,59
6075,1,ba,1,msk,miem,it,8.5,104,30
6076,1,ba,1,msk,miem,it,8.3,197,45
6077,2,ba,1,msk,miem,it,8.3,117,35
6078,1,ba,1,msk,miem,it,8.3,476,81
6079,2,ba,1,msk,miem,it,8.3,117,26
6080,2,ba,1,msk,miem,it,8.3,226,68
6081,2,ba,1,msk,miem,it,8.5,3978,19
6082,2,ba,1,msk,miem,it,8.3,112,30
6083,2,ba,1,msk,miem,it,8.2,86,19
6084,2,ba,1,msk,miem,it,8,61,16
6085,2,ba,1,msk,miem,it,7.8,174,67
6086,2,ba,1,msk,miem,it,8.7,191,34
6087,2,ba,1,msk,miem,it,8.7,377,0
6088,2,ba,1,msk,miem,it,8.5,128,59
6089,2,ba,1,msk,miem,it,8.3,178,55
6090,1,ba,1,msk,miem,it,8.2,78,15
6091,2,ba,1,msk,miem,it,8.2,113,16
6092,2,ba,1,msk,miem,it,8.5,107,30
6093,1,ba,1,msk,miem,it,8.5,323,168
6094,2,ba,1,msk,miem,it,8.3,50,12
6095,2,ba,1,msk,miem,it,8.2,191,65
6096,1,ba,1,msk,miem,it,8.2,158,51
6097,2,ba,1,msk,miem,it,8.2,198,28
6098,2,ba,1,msk,miem,it,8,89,29
6099,2,ba,1,msk,miem,it,7.7,221,40
6100,2,ba,1,msk,miem,it,8.2,66,23
6101,2,ba,1,msk,miem,it,8,99,21
6102,2,ba,1,msk,miem,it,7.8,136,41
6103,2,ba,1,msk,miem,it,7.8,823,5
6104,2,ba,1,msk,miem,it,8.3,31,19
6105,1,ba,1,msk,miem,it,7.8,41,12
6106,1,ba,1,msk,miem,it,8.2,133,73
6107,2,ba,1,msk,miem,it,7.8,168,66
6108,0,ba,1,msk,miem,it,7,0,0
6109,1,ba,1,msk,miem,it,7.7,299,98
6110,2,ba,1,msk,miem,it,8,353,120
6111,2,ba,1,msk,miem,it,7.8,211,64
6112,2,ba,1,msk,miem,it,7.7,28,15
6113,2,ba,1,msk,miem,it,7.8,36,9
6114,2,ba,1,msk,miem,it,7.5,111,11
6115,2,ba,1,msk,miem,it,7.7,263,41
6116,2,ba,1,msk,miem,it,7.5,109,42
6117,1,ba,1,msk,miem,it,7.8,155,27
6118,2,ba,1,msk,miem,it,8,203,31
6119,2,ba,1,msk,miem,it,7.5,133,15
6120,2,ba,1,msk,miem,it,7.5,185,60
6121,2,ba,1,msk,miem,it,7.2,221,52
6122,2,ba,1,msk,miem,it,7.7,113,17
6123,2,ba,1,msk,miem,it,7.3,84,22
6124,2,ba,1,msk,miem,it,7.2,224,13
6125,2,ba,1,msk,miem,it,7.2,46,4
6126,2,ba,1,msk,miem,it,7.7,97,29
6127,2,ba,1,msk,miem,it,7.5,102,44
6128,2,ba,1,msk,miem,it,7.2,70,25
6129,2,ba,1,msk,miem,it,6.7,140,29
6130,2,ba,1,msk,miem,it,6.8,110,31
6131,2,ba,1,msk,miem,it,6.8,165,24
6132,2,ba,1,msk,miem,it,7,138,34
6133,0,ba,1,msk,miem,it,6.7,0,0
6134,2,ba,1,msk,miem,it,6,51,7
6135,1,ba,1,msk,mediades,journ,9.8,214,79
6136,0,ba,1,msk,mediades,journ,9.6,0,0
6137,1,ba,1,msk,mediades,journ,9.4,228,76
6138,1,ba,1,msk,mediades,journ,9.4,185,86
6139,2,ba,1,msk,mediades,journ,9.2,107,59
6140,1,ba,1,msk,mediades,journ,9.6,189,44
6141,2,ba,1,msk,mediades,journ,9.4,233,79
6142,1,ba,1,msk,mediades,journ,9.3,385,69
6143,0,ba,1,msk,mediades,journ,9.2,0,0
6144,1,ba,1,msk,mediades,journ,9.2,99,35
6145,0,ba,1,msk,mediades,journ,9,0,0
6146,1,ba,1,msk,mediades,journ,9.2,135,46
6147,1,ba,1,msk,mediades,journ,9.1,204,57
6148,1,ba,1,msk,mediades,journ,9,217,52
6149,1,ba,1,msk,mediades,journ,9.2,324,89
6150,0,ba,1,msk,mediades,journ,9.2,0,0
6151,1,ba,1,msk,mediades,journ,9.1,210,62
6152,1,ba,1,msk,mediades,journ,8.9,445,123
6153,1,ba,1,msk,mediades,journ,8.9,391,53
6154,0,ba,1,msk,mediades,journ,9.1,0,0
6155,1,ba,1,msk,mediades,journ,9,117,53
6156,1,ba,1,msk,mediades,journ,8.9,269,82
6157,1,ba,1,msk,mediades,journ,8.9,230,40
6158,1,ba,1,msk,mediades,journ,8.8,647,25
6159,1,ba,1,msk,mediades,journ,9,110,41
6160,1,ba,1,msk,mediades,journ,8.9,624,94
6161,1,ba,1,msk,mediades,journ,8.8,136,32
6162,1,ba,1,msk,mediades,journ,8.8,200,42
6163,1,ba,1,msk,mediades,journ,9,155,26
6164,0,ba,1,msk,mediades,journ,8.9,0,0
6165,1,ba,1,msk,mediades,journ,8.8,480,64
6166,1,ba,1,msk,mediades,journ,9,263,92
6167,1,ba,1,msk,mediades,journ,9,217,66
6168,2,ba,1,msk,mediades,journ,8.7,387,45
6169,0,ba,1,msk,mediades,journ,8.7,0,0
6170,1,ba,1,msk,mediades,journ,8.9,226,92
6171,1,ba,1,msk,mediades,journ,8.9,241,56
6172,1,ba,1,msk,mediades,journ,8.8,266,47
6173,2,ba,1,msk,mediades,journ,8.7,239,70
6174,1,ba,1,msk,mediades,journ,8.9,4681,15
6175,2,ba,1,msk,mediades,journ,8.6,523,88
6176,2,ba,1,msk,mediades,journ,9,106,37
6177,1,ba,1,msk,mediades,journ,8.9,260,60
6178,1,ba,1,msk,mediades,journ,8.7,176,66
6179,1,ba,1,msk,mediades,journ,8.7,132,64
6180,1,ba,1,msk,mediades,journ,8.9,228,83
6181,1,ba,1,msk,mediades,journ,8.7,119,31
6182,0,ba,1,msk,mediades,journ,8.6,0,0
6183,1,ba,1,msk,mediades,journ,8.4,120,27
6184,1,ba,1,msk,mediades,journ,8.4,343,55
6185,0,ba,1,msk,mediades,journ,8.6,0,0
6186,1,ba,1,msk,mediades,journ,8.6,396,89
6187,0,ba,1,msk,mediades,journ,8.2,0,0
6188,2,ba,1,msk,mediades,journ,8.3,49,26
6189,2,ba,1,msk,mediades,journ,8,209,91
6190,1,ba,1,msk,mediades,journ,8.2,88,9
6191,2,ba,1,msk,mediades,journ,8.7,251,84
6192,1,ba,1,msk,mediades,journ,8.6,217,23
6193,1,ba,1,msk,mediades,journ,8.4,108,30
6194,1,ba,1,msk,mediades,journ,8.1,311,25
6195,2,ba,1,msk,mediades,journ,8,260,32
6196,0,ba,1,msk,mediades,journ,8,0,0
6197,2,ba,1,msk,mediades,journ,8.2,219,88
6198,1,ba,1,msk,mediades,journ,8.1,170,4
6199,1,ba,1,msk,mediades,journ,8.2,178,69
6200,1,ba,1,msk,mediades,journ,7.7,185,57
6201,1,ba,1,msk,mediades,journ,8.1,167,44
6202,1,ba,1,msk,mediades,journ,8,97,24
6203,0,ba,1,msk,mediades,journ,7.9,0,0
6204,1,ba,1,msk,mediades,journ,7.8,232,81
6205,1,ba,1,msk,mediades,journ,8.1,169,47
6206,1,ba,1,msk,mediades,journ,8.1,188,38
6207,1,ba,1,msk,mediades,journ,7.7,105,24
6208,0,ba,1,msk,mediades,journ,7.6,0,0
6209,2,ba,1,msk,mediades,journ,7.9,403,64
6210,1,ba,1,msk,mediades,journ,7.6,110,17
6211,1,ba,1,msk,mediades,journ,6.8,283,59
6212,0,ba,1,msk,mediades,journ,6.7,0,0
6213,1,ba,1,msk,mediades,journ,7.6,28,6
6214,1,ba,1,msk,law,law,9.1,548,59
6215,2,ba,1,msk,law,law,9.3,175,50
6216,1,ba,1,msk,law,law,9,177,46
6217,1,ba,1,msk,law,law,9.3,100,67
6218,2,ba,1,msk,law,law,9,326,182
6219,1,ba,1,msk,law,law,8.6,279,124
6220,2,ba,1,msk,law,law,8.9,119,69
6221,2,ba,1,msk,law,law,8.6,377,131
6222,1,ba,1,msk,law,law,9,350,61
6223,1,ba,1,msk,law,law,9,315,130
6224,1,ba,1,msk,law,law,8.9,432,122
6225,0,ba,1,msk,law,law,8.9,0,0
6226,2,ba,1,msk,law,law,9,161,74
6227,2,ba,1,msk,law,law,9,186,77
6228,1,ba,1,msk,law,law,8.9,137,38
6229,1,ba,1,msk,law,law,8.7,193,36
6230,1,ba,1,msk,law,law,8.6,91,52
6231,1,ba,1,msk,law,law,8.7,498,51
6232,1,ba,1,msk,law,law,9.1,156,36
6233,0,ba,1,msk,law,law,9,0,0
6234,2,ba,1,msk,law,law,8.9,124,39
6235,1,ba,1,msk,law,law,8.9,69,23
6236,0,ba,1,msk,law,law,8.6,0,0
6237,2,ba,1,msk,law,law,8.9,339,109
6238,1,ba,1,msk,law,law,8.9,275,121
6239,2,ba,1,msk,law,law,8.6,62,35
6240,2,ba,1,msk,law,law,8.4,490,151
6241,1,ba,1,msk,law,law,9,269,61
6242,1,ba,1,msk,law,law,8.9,207,65
6243,1,ba,1,msk,law,law,8.4,519,173
6244,2,ba,1,msk,law,law,8.7,279,66
6245,1,ba,1,msk,law,law,8.6,209,85
6246,2,ba,1,msk,law,law,8.4,162,63
6247,2,ba,1,msk,law,law,8.3,77,39
6248,2,ba,1,msk,law,law,8.3,98,34
6249,1,ba,1,msk,law,law,8.7,253,85
6250,1,ba,1,msk,law,law,8.7,166,47
6251,1,ba,1,msk,law,law,8.6,189,62
6252,1,ba,1,msk,law,law,8.9,181,70
6253,1,ba,1,msk,law,law,8.6,178,68
6254,1,ba,1,msk,law,law,8.6,391,147
6255,2,ba,1,msk,law,law,8.6,273,39
6256,1,ba,1,msk,law,law,8.6,217,89
6257,1,ba,1,msk,law,law,8.1,62,32
6258,2,ba,1,msk,law,law,7.9,402,160
6259,1,ba,1,msk,law,law,8.6,145,4
6260,1,ba,1,msk,law,law,8.4,145,51
6261,1,ba,1,msk,law,law,8.4,176,60
6262,2,ba,1,msk,law,law,8.1,335,122
6263,2,ba,1,msk,law,law,7.9,79,50
6264,1,ba,1,msk,law,law,8.5,101,36
6265,1,ba,1,msk,law,law,8.6,74,19
6266,2,ba,1,msk,law,law,8.6,181,78
6267,2,ba,1,msk,law,law,8.4,146,52
6268,1,ba,1,msk,law,law,8.3,388,68
6269,2,ba,1,msk,law,law,8.3,173,70
6270,1,ba,1,msk,law,law,8.3,93,25
6271,2,ba,1,msk,law,law,8.3,292,100
6272,2,ba,1,msk,law,law,8.9,239,111
6273,1,ba,1,msk,law,law,8.6,105,66
6274,2,ba,1,msk,law,law,8.4,248,51
6275,1,ba,1,msk,law,law,8.4,672,180
6276,2,ba,1,msk,law,law,8.4,309,79
6277,1,ba,1,msk,law,law,8.4,342,102
6278,1,ba,1,msk,law,law,8.4,90,36
6279,1,ba,1,msk,law,law,8.3,176,72
6280,1,ba,1,msk,law,law,8.3,196,76
6281,1,ba,1,msk,law,law,8.1,91,50
6282,1,ba,1,msk,law,law,8.1,128,47
6283,1,ba,1,msk,law,law,8,197,141
6284,1,ba,1,msk,law,law,8.4,133,46
6285,2,ba,1,msk,law,law,8.4,265,72
6286,1,ba,1,msk,law,law,8.3,285,55
6287,2,ba,1,msk,law,law,8.9,278,92
6288,2,ba,1,msk,law,law,8.6,105,58
6289,1,ba,1,msk,law,law,8.4,64,36
6290,2,ba,1,msk,law,law,8.3,166,64
6291,1,ba,1,msk,law,law,8.3,101,52
6292,2,ba,1,msk,law,law,8.3,73,43
6293,2,ba,1,msk,law,law,8.1,142,85
6294,1,ba,1,msk,law,law,7.9,304,51
6295,1,ba,1,msk,law,law,7.7,225,71
6296,1,ba,1,msk,law,law,8.2,318,70
6297,2,ba,1,msk,law,law,8.6,272,91
6298,2,ba,1,msk,law,law,8.3,84,47
6299,1,ba,1,msk,law,law,8.3,64,24
6300,1,ba,1,msk,law,law,8.3,179,96
6301,1,ba,1,msk,law,law,8.1,209,97
6302,1,ba,1,msk,law,law,8,104,26
6303,1,ba,1,msk,law,law,8.4,68,31
6304,2,ba,1,msk,law,law,8.3,132,24
6305,2,ba,1,msk,law,law,8.3,512,62
6306,1,ba,1,msk,law,law,8,617,182
6307,2,ba,1,msk,law,law,7.7,241,74
6308,1,ba,1,msk,law,law,8,65,35
6309,2,ba,1,msk,law,law,8,34,12
6310,1,ba,1,msk,law,law,8.6,58,35
6311,1,ba,1,msk,law,law,8.3,129,48
6312,2,ba,1,msk,law,law,8.3,34,26
6313,2,ba,1,msk,law,law,8.1,408,139
6314,2,ba,1,msk,law,law,8,48,16
6315,1,ba,1,msk,law,law,7.9,413,166
6316,1,ba,1,msk,law,law,8.4,630,114
6317,2,ba,1,msk,law,law,8.3,159,101
6318,2,ba,1,msk,law,law,8.1,186,57
6319,2,ba,1,msk,law,law,7.9,534,148
6320,2,ba,1,msk,law,law,7.7,274,115
6321,1,ba,1,msk,law,law,7.7,86,55
6322,2,ba,1,msk,law,law,7.6,316,130
6323,1,ba,1,msk,law,law,8.4,126,51
6324,1,ba,1,msk,law,law,8.3,566,124
6325,1,ba,1,msk,law,law,8.1,60,30
6326,1,ba,1,msk,law,law,7.9,301,56
6327,1,ba,1,msk,law,law,8,98,40
6328,2,ba,1,msk,law,law,8.6,150,32
6329,1,ba,1,msk,law,law,8.3,304,118
6330,1,ba,1,msk,law,law,8.3,172,30
6331,2,ba,1,msk,law,law,8,76,20
6332,2,ba,1,msk,law,law,7.7,17,13
6333,1,ba,1,msk,law,law,7.7,183,112
6334,1,ba,1,msk,law,law,8.1,233,97
6335,1,ba,1,msk,law,law,8.1,0,0
6336,2,ba,1,msk,law,law,8,112,38
6337,2,ba,1,msk,law,law,7.9,192,38
6338,1,ba,1,msk,law,law,8.2,231,75
6339,0,ba,1,msk,law,law,8.3,0,0
6340,2,ba,1,msk,law,law,8.3,438,88
6341,2,ba,1,msk,law,law,8.3,415,116
6342,1,ba,1,msk,law,law,8.2,114,46
6343,2,ba,1,msk,law,law,8.1,152,71
6344,1,ba,1,msk,law,law,8,219,104
6345,1,ba,1,msk,law,law,8,72,25
6346,2,ba,1,msk,law,law,8,219,59
6347,1,ba,1,msk,law,law,8,141,26
6348,2,ba,1,msk,law,law,7.7,229,104
6349,1,ba,1,msk,law,law,7.7,314,47
6350,1,ba,1,msk,law,law,7.7,825,119
6351,1,ba,1,msk,law,law,7.7,200,106
6352,2,ba,1,msk,law,law,7.6,82,57
6353,1,ba,1,msk,law,law,7.9,166,41
6354,1,ba,1,msk,law,law,7.9,253,77
6355,2,ba,1,msk,law,law,7.9,496,187
6356,1,ba,1,msk,law,law,7.9,594,67
6357,2,ba,1,msk,law,law,7.7,304,87
6358,2,ba,1,msk,law,law,7.3,97,44
6359,1,ba,1,msk,law,law,8.3,151,52
6360,2,ba,1,msk,law,law,8.1,304,102
6361,2,ba,1,msk,law,law,7.9,121,56
6362,2,ba,1,msk,law,law,7.9,56,19
6363,2,ba,1,msk,law,law,7.7,87,25
6364,1,ba,1,msk,law,law,8.1,134,44
6365,1,ba,1,msk,law,law,8.1,192,51
6366,2,ba,1,msk,law,law,8,86,42
6367,2,ba,1,msk,law,law,8,271,120
6368,1,ba,1,msk,law,law,7.9,337,126
6369,0,ba,1,msk,law,law,7.9,0,0
6370,1,ba,1,msk,law,law,7.7,180,71
6371,1,ba,1,msk,law,law,7.7,106,49
6372,1,ba,1,msk,law,law,7.6,307,43
6373,1,ba,1,msk,law,law,8.1,99,43
6374,2,ba,1,msk,law,law,8.4,193,33
6375,1,ba,1,msk,law,law,8.1,192,38
6376,2,ba,1,msk,law,law,8.1,136,63
6377,2,ba,1,msk,law,law,7.7,188,42
6378,1,ba,1,msk,law,law,7.7,232,43
6379,1,ba,1,msk,law,law,7.9,258,122
6380,2,ba,1,msk,law,law,8.1,166,54
6381,0,ba,1,msk,law,law,8.1,0,0
6382,2,ba,1,msk,law,law,7.9,194,48
6383,1,ba,1,msk,law,law,7.9,354,66
6384,2,ba,1,msk,law,law,7.9,150,37
6385,1,ba,1,msk,law,law,7.7,116,50
6386,2,ba,1,msk,law,law,7.6,349,82
6387,1,ba,1,msk,law,law,8.1,88,18
6388,2,ba,1,msk,law,law,8.1,129,60
6389,1,ba,1,msk,law,law,6.9,128,33
6390,2,ba,1,msk,law,law,8.1,403,57
6391,1,ba,1,msk,law,law,8,230,49
6392,1,ba,1,msk,law,law,8,156,44
6393,1,ba,1,msk,law,law,8,154,46
6394,1,ba,1,msk,law,law,7.9,327,49
6395,1,ba,1,msk,law,law,7.7,202,38
6396,1,ba,1,msk,law,law,7.6,506,232
6397,1,ba,1,msk,law,law,7.6,274,117
6398,1,ba,1,msk,law,law,7.4,158,60
6399,1,ba,1,msk,law,law,7.3,133,63
6400,2,ba,1,msk,law,law,8.1,922,229
6401,2,ba,1,msk,law,law,7.9,177,1
6402,1,ba,1,msk,law,law,7.9,283,149
6403,1,ba,1,msk,law,law,7.7,107,51
6404,2,ba,1,msk,law,law,7.7,172,41
6405,1,ba,1,msk,law,law,7.7,392,58
6406,1,ba,1,msk,law,law,7.7,133,45
6407,2,ba,1,msk,law,law,7.6,433,122
6408,1,ba,1,msk,law,law,7.6,153,81
6409,0,ba,1,msk,law,law,7.3,0,0
6410,0,ba,1,msk,law,law,7.7,0,0
6411,1,ba,1,msk,law,law,7.6,76,30
6412,1,ba,1,msk,law,law,7.9,173,39
6413,1,ba,1,msk,law,law,7.7,113,55
6414,1,ba,1,msk,law,law,7.6,149,35
6415,1,ba,1,msk,law,law,7.1,158,39
6416,1,ba,1,msk,law,law,7.9,162,54
6417,1,ba,1,msk,law,law,7.7,44,25
6418,1,ba,1,msk,law,law,7.3,1377,39
6419,2,ba,1,msk,law,law,6.7,353,113
6420,1,ba,1,msk,law,law,7.5,217,83
6421,1,ba,1,msk,law,law,7.4,213,29
6422,1,ba,1,msk,law,law,7.6,104,34
6423,2,ba,1,msk,law,law,7.4,0,0
6424,1,ba,1,msk,law,law,7.3,159,29
6425,1,ba,1,msk,law,law,7.1,168,70
6426,2,ba,1,msk,law,law,7.9,320,129
6427,1,ba,1,msk,law,law,7.7,204,73
6428,1,ba,1,msk,law,law,7.6,304,51
6429,1,ba,1,msk,law,law,7.6,150,35
6430,1,ba,1,msk,law,law,7.4,567,57
6431,2,ba,1,msk,law,law,7.3,91,34
6432,1,ba,1,msk,law,law,7,312,35
6433,0,ba,1,msk,law,law,6.9,0,0
6434,2,ba,1,msk,law,law,7.6,315,31
6435,1,ba,1,msk,law,law,7.1,89,45
6436,1,ba,1,msk,law,law,7.6,386,49
6437,2,ba,1,msk,law,law,7.2,199,75
6438,1,ba,1,msk,law,law,7.4,33,29
6439,2,ba,1,msk,law,law,7.3,45,16
6440,1,ba,1,msk,law,law,7.3,164,72
6441,1,ba,1,msk,law,law,6.9,53,20
6442,1,ba,1,msk,law,law,7.4,325,41
6443,1,ba,1,msk,law,law,7.1,181,39
6444,1,ba,1,msk,law,law,7.4,1094,11
6445,2,ba,1,msk,law,law,7.6,213,23
6446,1,ba,1,msk,law,law,7.4,78,34
6447,2,ba,1,msk,law,law,7.4,104,29
6448,2,ba,1,msk,law,law,7.1,319,82
6449,1,ba,1,msk,law,law,6.9,220,75
6450,2,ba,1,msk,law,law,7.6,91,41
6451,2,ba,1,msk,law,law,7,528,225
6452,2,ba,1,msk,law,law,7.1,187,58
6453,2,ba,1,msk,law,law,6.7,193,73
6454,1,ba,1,msk,law,law,7.4,72,33
6455,2,ba,1,msk,law,law,7.3,78,16
6456,1,ba,1,msk,law,law,7.1,103,36
6457,2,ba,1,msk,law,law,7,96,41
6458,1,ba,1,msk,law,law,7.2,51,26
6459,1,ba,1,msk,law,law,7,592,197
6460,1,ba,1,msk,law,law,6.7,196,54
6461,2,ba,1,msk,law,law,6.6,225,79
6462,1,ba,1,msk,law,law,7,74,20
6463,2,ba,1,msk,law,law,7,0,0
6464,2,ba,1,msk,law,law,7,162,69
6465,1,ba,1,msk,law,law,7.4,147,48
6466,0,ba,1,msk,law,law,7.4,0,0
6467,2,ba,1,msk,law,law,7,148,32
6468,2,ba,1,msk,law,law,7,355,125
6469,2,ba,1,msk,law,law,6.7,97,25
6470,1,ba,1,msk,law,law,6.4,65,23
6471,1,ba,1,msk,law,law,7,194,39
6472,1,ba,1,msk,law,law,7,83,35
6473,2,ba,1,msk,law,law,6.7,252,47
6474,1,ba,1,msk,law,law,7,226,67
6475,2,ba,1,msk,law,law,6.7,125,24
6476,1,ba,1,msk,law,law,7,55,32
6477,2,ba,1,msk,law,law,6.1,101,17
6478,2,ba,1,msk,law,law,6.5,553,75
6479,1,ba,1,msk,law,law,6.4,90,1
6480,1,ba,1,msk,law,law,6.3,114,44
6481,1,ba,1,msk,law,law,7,106,38
6482,0,ba,1,msk,law,law,6.9,0,0
6483,1,ba,1,msk,law,law,6.1,74,45
6484,1,ba,1,msk,law,law,6.7,103,49
6485,2,ba,1,msk,law,law,6.4,124,49
6486,1,ba,1,msk,law,law,7.1,140,51
6487,1,ba,1,msk,law,law,6.6,234,67
6488,1,ba,1,msk,law,law,6.6,226,56
6489,1,ba,1,msk,law,law,6.6,138,50
6490,2,ba,1,msk,law,law,6.9,288,57
6491,1,ba,1,msk,law,law,6.9,154,89
6492,1,ba,1,msk,law,law,6.9,45,25
6493,1,ba,1,msk,law,law,6.1,214,63
6494,1,ba,1,msk,law,law,6.8,110,43
6495,1,ba,1,msk,law,law,6.3,181,48
6496,2,ba,1,msk,law,law,5.9,213,89
6497,1,ba,1,msk,law,law,7,276,77
6498,1,ba,1,msk,law,law,7,158,39
6499,2,ba,1,msk,law,law,6.4,141,73
6500,2,ba,1,msk,law,law,6.1,101,23
6501,1,ba,1,msk,law,law,6.1,256,109
6502,1,ba,1,msk,law,law,6.1,87,31
6503,1,ba,1,msk,law,law,6,321,187
6504,2,ba,1,msk,law,law,6.1,143,19
6505,2,ba,1,msk,law,law,6,0,0
6506,1,ba,1,msk,law,law,5.9,135,45
6507,2,ba,1,msk,law,law,5.3,106,10
6508,2,ba,1,msk,law,law,5.7,86,14
6509,2,ba,1,msk,law,law,6,161,38
6510,2,ba,1,msk,law,law,5.9,796,25
6511,2,ba,1,msk,law,law,5.6,0,0
6512,1,ba,1,msk,law,law,0,317,83
6513,1,ba,1,msk,bisandman,logistics,9.6,381,71
6514,1,ba,1,msk,bisandman,logistics,9.6,192,64
6515,1,ba,1,msk,bisandman,logistics,9.1,352,71
6516,1,ba,1,msk,bisandman,logistics,9.1,365,47
6517,1,ba,1,msk,bisandman,logistics,9.3,257,59
6518,1,ba,1,msk,bisandman,logistics,9.1,597,132
6519,1,ba,1,msk,bisandman,logistics,9,189,46
6520,1,ba,1,msk,bisandman,logistics,8.9,76,48
6521,1,ba,1,msk,bisandman,logistics,8.9,290,96
6522,1,ba,1,msk,bisandman,logistics,9,167,93
6523,2,ba,1,msk,bisandman,logistics,8.7,564,111
6524,1,ba,1,msk,bisandman,logistics,8.9,555,130
6525,1,ba,1,msk,bisandman,logistics,9,250,60
6526,1,ba,1,msk,bisandman,logistics,8.7,122,55
6527,1,ba,1,msk,bisandman,logistics,8.7,367,75
6528,2,ba,1,msk,bisandman,logistics,8.7,301,52
6529,1,ba,1,msk,bisandman,logistics,8.7,168,38
6530,1,ba,1,msk,bisandman,logistics,8.3,128,40
6531,2,ba,1,msk,bisandman,logistics,8.6,102,29
6532,2,ba,1,msk,bisandman,logistics,8.7,294,97
6533,1,ba,1,msk,bisandman,logistics,8.7,61,26
6534,1,ba,1,msk,bisandman,logistics,8.4,201,53
6535,2,ba,1,msk,bisandman,logistics,8.4,153,23
6536,1,ba,1,msk,bisandman,logistics,8.3,85,35
6537,2,ba,1,msk,bisandman,logistics,8.3,80,34
6538,2,ba,1,msk,bisandman,logistics,8.3,75,27
6539,2,ba,1,msk,bisandman,logistics,8.1,161,58
6540,1,ba,1,msk,bisandman,logistics,8,323,71
6541,1,ba,1,msk,bisandman,logistics,8.3,87,31
6542,1,ba,1,msk,bisandman,logistics,8.1,67,34
6543,1,ba,1,msk,bisandman,logistics,8.1,269,89
6544,1,ba,1,msk,bisandman,logistics,8.3,252,55
6545,2,ba,1,msk,bisandman,logistics,8.1,53,25
6546,1,ba,1,msk,bisandman,logistics,8.3,161,30
6547,1,ba,1,msk,bisandman,logistics,8.3,101,44
6548,1,ba,1,msk,bisandman,logistics,8.1,113,23
6549,2,ba,1,msk,bisandman,logistics,8.1,297,57
6550,1,ba,1,msk,bisandman,logistics,8.1,286,100
6551,1,ba,1,msk,bisandman,logistics,8,185,58
6552,1,ba,1,msk,bisandman,logistics,7.9,181,77
6553,1,ba,1,msk,bisandman,logistics,8,114,34
6554,1,ba,1,msk,bisandman,logistics,7.7,125,25
6555,2,ba,1,msk,bisandman,logistics,7.9,260,40
6556,0,ba,1,msk,bisandman,logistics,7.9,0,0
6557,2,ba,1,msk,bisandman,logistics,7.9,111,32
6558,1,ba,1,msk,bisandman,logistics,7.9,119,34
6559,1,ba,1,msk,bisandman,logistics,8,170,43
6560,2,ba,1,msk,bisandman,logistics,7.9,131,28
6561,1,ba,1,msk,bisandman,logistics,7.7,210,49
6562,1,ba,1,msk,bisandman,logistics,7.4,302,63
6563,2,ba,1,msk,bisandman,logistics,7.9,52,16
6564,2,ba,1,msk,bisandman,logistics,7.7,137,51
6565,2,ba,1,msk,bisandman,logistics,7.6,101,37
6566,2,ba,1,msk,bisandman,logistics,7.4,214,74
6567,2,ba,1,msk,bisandman,logistics,7.9,256,70
6568,1,ba,1,msk,bisandman,logistics,7.9,139,45
6569,2,ba,1,msk,bisandman,logistics,7.4,192,53
6570,2,ba,1,msk,bisandman,logistics,7.4,58,18
6571,2,ba,1,msk,bisandman,logistics,7.6,101,34
6572,1,ba,1,msk,bisandman,logistics,7.4,123,26
6573,2,ba,1,msk,bisandman,logistics,7.4,339,56
6574,2,ba,1,msk,bisandman,logistics,7.4,192,30
6575,1,ba,1,msk,bisandman,logistics,7.4,73,48
6576,1,ba,1,msk,bisandman,logistics,7.3,36,17
6577,2,ba,1,msk,bisandman,logistics,7.6,104,73
6578,1,ba,1,msk,bisandman,logistics,7.1,100,42
6579,2,ba,1,msk,bisandman,logistics,7.1,514,148
6580,2,ba,1,msk,bisandman,logistics,7,2411,21
6581,2,ba,1,msk,bisandman,logistics,7.4,137,45
6582,2,ba,1,msk,bisandman,logistics,7.4,155,57
6583,1,ba,1,msk,bisandman,logistics,7.3,143,25
6584,1,ba,1,msk,bisandman,logistics,7,148,106
6585,0,ba,1,msk,bisandman,logistics,6.9,0,0
6586,2,ba,1,msk,bisandman,logistics,6.7,362,120
6587,1,ba,1,msk,bisandman,logistics,7.1,32,28
6588,0,ba,1,msk,bisandman,logistics,7.1,0,0
6589,1,ba,1,msk,bisandman,logistics,7.3,123,41
6590,1,ba,1,msk,bisandman,logistics,7.3,144,45
6591,1,ba,1,msk,bisandman,logistics,7.1,180,73
6592,1,ba,1,msk,bisandman,logistics,7.1,130,40
6593,1,ba,1,msk,bisandman,logistics,7.1,57,31
6594,2,ba,1,msk,bisandman,logistics,7.3,162,65
6595,1,ba,1,msk,bisandman,logistics,7,121,52
6596,0,ba,1,msk,bisandman,logistics,6.9,0,0
6597,1,ba,1,msk,bisandman,logistics,7.1,286,1
6598,0,ba,1,msk,bisandman,logistics,6.7,0,0
6599,2,ba,1,msk,bisandman,logistics,6.7,272,89
6600,1,ba,1,msk,bisandman,logistics,7,88,23
6601,1,ba,1,msk,bisandman,logistics,6.6,31,2
6602,2,ba,1,msk,bisandman,logistics,6.7,214,31
6603,2,ba,1,msk,bisandman,logistics,6.3,41,7
6604,1,ba,1,msk,bisandman,logistics,6.6,525,119
6605,0,ba,1,msk,bisandman,logistics,6.6,0,0
6606,2,ba,1,msk,bisandman,logistics,6.6,108,38
6607,1,ba,1,msk,bisandman,logistics,6.4,215,58
6608,1,ba,1,msk,bisandman,logistics,6.7,209,48
6609,2,ba,1,msk,bisandman,logistics,6.7,234,73
6610,2,ba,1,msk,bisandman,logistics,6.6,225,73
6611,2,ba,1,msk,bisandman,logistics,6.4,57,11
6612,0,ba,1,msk,bisandman,logistics,6.3,0,0
6613,2,ba,1,msk,bisandman,logistics,6.3,65,31
6614,2,ba,1,msk,bisandman,logistics,6.7,163,50
6615,0,ba,1,msk,bisandman,logistics,6.5,0,0
6616,1,ba,1,msk,bisandman,logistics,6.6,0,0
6617,0,ba,1,msk,bisandman,logistics,6.7,0,0
6618,1,ba,1,msk,bisandman,logistics,6.6,117,39
6619,1,ba,1,msk,bisandman,logistics,6.4,421,1
6620,0,ba,1,msk,bisandman,logistics,6,0,0
6621,1,ba,1,msk,bisandman,logistics,6,2,0
6622,2,ba,1,msk,bisandman,logistics,5.6,108,34
6623,2,ba,1,msk,bisandman,logistics,6.7,189,22
6624,2,ba,1,msk,bisandman,logistics,6.3,573,132
6625,2,ba,1,msk,bisandman,logistics,6.3,197,54
6626,1,ba,1,msk,bisandman,logistics,6.3,99,44
6627,1,ba,1,msk,bisandman,logistics,6.1,48,21
6628,2,ba,1,msk,bisandman,logistics,5.9,694,239
6629,2,ba,1,msk,bisandman,logistics,5.4,584,150
6630,2,ba,1,msk,bisandman,logistics,5.7,200,19
6631,2,ba,1,msk,bisandman,logistics,6.1,154,38
6632,2,ba,1,msk,bisandman,logistics,6,51,16
6633,2,ba,1,msk,bisandman,logistics,5.9,154,44
6634,2,ba,1,msk,bisandman,logistics,5.7,172,20
6635,0,ba,1,msk,bisandman,logistics,5.7,0,0
6636,0,ba,1,msk,bisandman,logistics,5.7,0,0
6637,2,ba,1,msk,bisandman,logistics,5.6,214,41
6638,2,ba,1,msk,bisandman,logistics,5.7,125,29
6639,2,ba,1,msk,bisandman,logistics,5.9,145,36
6640,1,ba,1,msk,bisandman,logistics,4.9,28,5
6641,1,ba,1,msk,bisandman,logistics,4.6,44,5
6642,2,ba,1,msk,bisandman,logistics,4,117,1
6643,1,ba,1,msk,bisandman,management,9.3,367,84
6644,1,ba,1,msk,bisandman,management,8.8,87,31
6645,1,ba,1,msk,bisandman,management,9.2,232,72
6646,2,ba,1,msk,bisandman,management,9.2,395,144
6647,1,ba,1,msk,bisandman,management,9.2,218,98
6648,1,ba,1,msk,bisandman,management,9,125,41
6649,1,ba,1,msk,bisandman,management,9.2,100,41
6650,1,ba,1,msk,bisandman,management,8.7,564,171
6651,1,ba,1,msk,bisandman,management,8.3,141,72
6652,0,ba,1,msk,bisandman,management,8.8,0,0
6653,1,ba,1,msk,bisandman,management,8.5,199,57
6654,1,ba,1,msk,bisandman,management,8.7,152,82
6655,1,ba,1,msk,bisandman,management,8.7,182,46
6656,1,ba,1,msk,bisandman,management,9,317,50
6657,1,ba,1,msk,bisandman,management,8.7,151,62
6658,2,ba,1,msk,bisandman,management,8.7,48,31
6659,1,ba,1,msk,bisandman,management,8.7,366,115
6660,1,ba,1,msk,bisandman,management,8.7,231,92
6661,1,ba,1,msk,bisandman,management,8.7,251,67
6662,1,ba,1,msk,bisandman,management,8.5,144,57
6663,1,ba,1,msk,bisandman,management,8.5,165,61
6664,1,ba,1,msk,bisandman,management,8.7,318,122
6665,1,ba,1,msk,bisandman,management,8.5,223,71
6666,1,ba,1,msk,bisandman,management,8.5,222,61
6667,2,ba,1,msk,bisandman,management,8.5,80,32
6668,1,ba,1,msk,bisandman,management,8.3,126,53
6669,1,ba,1,msk,bisandman,management,8.5,493,77
6670,2,ba,1,msk,bisandman,management,8.2,174,59
6671,1,ba,1,msk,bisandman,management,8,308,134
6672,1,ba,1,msk,bisandman,management,8.8,266,63
6673,1,ba,1,msk,bisandman,management,8.7,206,46
6674,2,ba,1,msk,bisandman,management,8.7,215,73
6675,2,ba,1,msk,bisandman,management,8.5,611,88
6676,1,ba,1,msk,bisandman,management,8.5,265,68
6677,1,ba,1,msk,bisandman,management,8.3,124,37
6678,0,ba,1,msk,bisandman,management,8.3,0,0
6679,0,ba,1,msk,bisandman,management,8.3,0,0
6680,2,ba,1,msk,bisandman,management,8.2,84,33
6681,2,ba,1,msk,bisandman,management,8.2,232,45
6682,2,ba,1,msk,bisandman,management,8.2,193,67
6683,1,ba,1,msk,bisandman,management,8,136,47
6684,1,ba,1,msk,bisandman,management,8.3,409,99
6685,1,ba,1,msk,bisandman,management,8.2,107,48
6686,2,ba,1,msk,bisandman,management,7.8,271,59
6687,2,ba,1,msk,bisandman,management,7.8,178,90
6688,0,ba,1,msk,bisandman,management,8.3,0,0
6689,1,ba,1,msk,bisandman,management,8,153,59
6690,0,ba,1,msk,bisandman,management,8.5,0,0
6691,1,ba,1,msk,bisandman,management,8.5,142,37
6692,1,ba,1,msk,bisandman,management,8.5,92,21
6693,2,ba,1,msk,bisandman,management,8.2,134,57
6694,1,ba,1,msk,bisandman,management,8.3,154,40
6695,1,ba,1,msk,bisandman,management,8.2,140,49
6696,1,ba,1,msk,bisandman,management,8.2,120,36
6697,2,ba,1,msk,bisandman,management,8.2,218,93
6698,2,ba,1,msk,bisandman,management,8.2,177,25
6699,2,ba,1,msk,bisandman,management,8,432,138
6700,1,ba,1,msk,bisandman,management,8,183,60
6701,1,ba,1,msk,bisandman,management,8,390,44
6702,1,ba,1,msk,bisandman,management,8.3,421,85
6703,1,ba,1,msk,bisandman,management,8.3,243,94
6704,1,ba,1,msk,bisandman,management,8.3,174,83
6705,2,ba,1,msk,bisandman,management,8.2,91,43
6706,2,ba,1,msk,bisandman,management,8.2,172,40
6707,2,ba,1,msk,bisandman,management,8.2,124,80
6708,1,ba,1,msk,bisandman,management,8.2,154,37
6709,1,ba,1,msk,bisandman,management,7.8,60,31
6710,1,ba,1,msk,bisandman,management,7.7,239,59
6711,1,ba,1,msk,bisandman,management,8.2,280,29
6712,2,ba,1,msk,bisandman,management,8.2,403,57
6713,1,ba,1,msk,bisandman,management,8.3,425,89
6714,1,ba,1,msk,bisandman,management,8.3,122,34
6715,1,ba,1,msk,bisandman,management,8.2,179,63
6716,1,ba,1,msk,bisandman,management,8,175,63
6717,1,ba,1,msk,bisandman,management,7.7,379,98
6718,1,ba,1,msk,bisandman,management,8.2,113,12
6719,1,ba,1,msk,bisandman,management,8.2,182,69
6720,1,ba,1,msk,bisandman,management,8,105,58
6721,1,ba,1,msk,bisandman,management,8,497,82
6722,1,ba,1,msk,bisandman,management,7.8,269,21
6723,2,ba,1,msk,bisandman,management,7.8,277,115
6724,1,ba,1,msk,bisandman,management,7.7,176,89
6725,1,ba,1,msk,bisandman,management,8.2,104,42
6726,1,ba,1,msk,bisandman,management,8.2,215,96
6727,1,ba,1,msk,bisandman,management,8,84,28
6728,1,ba,1,msk,bisandman,management,8,154,38
6729,2,ba,1,msk,bisandman,management,8,148,63
6730,0,ba,1,msk,bisandman,management,7.8,0,0
6731,1,ba,1,msk,bisandman,management,7.8,197,58
6732,2,ba,1,msk,bisandman,management,7.8,180,44
6733,2,ba,1,msk,bisandman,management,7.5,173,76
6734,1,ba,1,msk,bisandman,management,7.5,78,46
6735,2,ba,1,msk,bisandman,management,8.2,135,38
6736,1,ba,1,msk,bisandman,management,7.8,134,59
6737,1,ba,1,msk,bisandman,management,7.8,226,32
6738,2,ba,1,msk,bisandman,management,7.8,144,33
6739,1,ba,1,msk,bisandman,management,7.7,551,128
6740,2,ba,1,msk,bisandman,management,7.5,187,55
6741,2,ba,1,msk,bisandman,management,8.2,336,47
6742,1,ba,1,msk,bisandman,management,8,263,50
6743,1,ba,1,msk,bisandman,management,8,129,90
6744,2,ba,1,msk,bisandman,management,7.7,433,101
6745,2,ba,1,msk,bisandman,management,7.5,93,42
6746,2,ba,1,msk,bisandman,management,7.2,229,79
6747,1,ba,1,msk,bisandman,management,8,53,28
6748,1,ba,1,msk,bisandman,management,8,101,45
6749,0,ba,1,msk,bisandman,management,7.8,0,0
6750,2,ba,1,msk,bisandman,management,7.8,90,43
6751,2,ba,1,msk,bisandman,management,7.7,252,79
6752,1,ba,1,msk,bisandman,management,7.5,370,208
6753,1,ba,1,msk,bisandman,management,7.8,59,1
6754,2,ba,1,msk,bisandman,management,7.8,347,56
6755,1,ba,1,msk,bisandman,management,7.8,125,57
6756,0,ba,1,msk,bisandman,management,7.8,0,0
6757,1,ba,1,msk,bisandman,management,7.7,447,48
6758,1,ba,1,msk,bisandman,management,7.7,370,11
6759,1,ba,1,msk,bisandman,management,7.3,167,96
6760,1,ba,1,msk,bisandman,management,7.3,159,50
6761,2,ba,1,msk,bisandman,management,7.8,479,78
6762,1,ba,1,msk,bisandman,management,7.8,747,64
6763,1,ba,1,msk,bisandman,management,7.5,311,100
6764,1,ba,1,msk,bisandman,management,7.7,185,77
6765,1,ba,1,msk,bisandman,management,7.5,100,19
6766,1,ba,1,msk,bisandman,management,7.7,149,103
6767,2,ba,1,msk,bisandman,management,7.7,390,171
6768,1,ba,1,msk,bisandman,management,7.5,241,44
6769,1,ba,1,msk,bisandman,management,7.5,242,64
6770,1,ba,1,msk,bisandman,management,8,163,41
6771,1,ba,1,msk,bisandman,management,7.7,123,38
6772,1,ba,1,msk,bisandman,management,7.5,277,80
6773,2,ba,1,msk,bisandman,management,7.5,176,37
6774,2,ba,1,msk,bisandman,management,7.3,205,72
6775,1,ba,1,msk,bisandman,management,7.5,510,150
6776,2,ba,1,msk,bisandman,management,7.5,146,54
6777,1,ba,1,msk,bisandman,management,7.3,249,69
6778,0,ba,1,msk,bisandman,management,7.3,0,0
6779,2,ba,1,msk,bisandman,management,7.3,178,41
6780,2,ba,1,msk,bisandman,management,7.2,68,33
6781,2,ba,1,msk,bisandman,management,7,96,23
6782,1,ba,1,msk,bisandman,management,7.2,492,142
6783,1,ba,1,msk,bisandman,management,7.3,230,85
6784,1,ba,1,msk,bisandman,management,7.3,165,45
6785,1,ba,1,msk,bisandman,management,7.2,468,49
6786,1,ba,1,msk,bisandman,management,7.2,54,25
6787,2,ba,1,msk,bisandman,management,6.8,250,57
6788,1,ba,1,msk,bisandman,management,6.8,300,74
6789,1,ba,1,msk,bisandman,management,7.3,265,133
6790,2,ba,1,msk,bisandman,management,7,265,72
6791,1,ba,1,msk,bisandman,management,7,173,82
6792,2,ba,1,msk,bisandman,management,7,1105,181
6793,1,ba,1,msk,bisandman,management,7,205,51
6794,2,ba,1,msk,bisandman,management,7,552,115
6795,0,ba,1,msk,bisandman,management,6.7,0,0
6796,2,ba,1,msk,bisandman,management,6.8,213,115
6797,2,ba,1,msk,bisandman,management,6.5,156,41
6798,2,ba,1,msk,bisandman,management,7.3,291,57
6799,2,ba,1,msk,bisandman,management,7.3,540,57
6800,2,ba,1,msk,bisandman,management,7.2,85,48
6801,2,ba,1,msk,bisandman,management,7.2,161,55
6802,2,ba,1,msk,bisandman,management,7,189,59
6803,1,ba,1,msk,bisandman,management,6.8,210,50
6804,2,ba,1,msk,bisandman,management,6.8,116,23
6805,2,ba,1,msk,bisandman,management,6.7,213,69
6806,1,ba,1,msk,bisandman,management,7.2,321,68
6807,1,ba,1,msk,bisandman,management,7.2,260,41
6808,1,ba,1,msk,bisandman,management,7,304,54
6809,2,ba,1,msk,bisandman,management,7,220,58
6810,1,ba,1,msk,bisandman,management,6.8,123,33
6811,1,ba,1,msk,bisandman,management,6.5,264,81
6812,1,ba,1,msk,bisandman,management,6.5,468,77
6813,1,ba,1,msk,bisandman,management,7,490,154
6814,2,ba,1,msk,bisandman,management,6.8,88,56
6815,1,ba,1,msk,bisandman,management,6.8,164,23
6816,2,ba,1,msk,bisandman,management,6.8,175,51
6817,2,ba,1,msk,bisandman,management,6.7,136,31
6818,1,ba,1,msk,bisandman,management,6.7,162,24
6819,1,ba,1,msk,bisandman,management,6.7,166,68
6820,0,ba,1,msk,bisandman,management,6.5,0,0
6821,2,ba,1,msk,bisandman,management,6.5,19,12
6822,2,ba,1,msk,bisandman,management,6.3,157,59
6823,1,ba,1,msk,bisandman,management,7,278,40
6824,2,ba,1,msk,bisandman,management,5.8,73,28
6825,2,ba,1,msk,bisandman,management,6.2,97,53
6826,0,ba,1,msk,bisandman,management,6.7,0,0
6827,2,ba,1,msk,bisandman,management,6.7,97,5
6828,2,ba,1,msk,bisandman,management,6.5,236,77
6829,2,ba,1,msk,bisandman,management,6.5,612,157
6830,2,ba,1,msk,bisandman,management,6.5,132,31
6831,2,ba,1,msk,bisandman,management,6.5,1010,252
6832,0,ba,1,msk,bisandman,management,6.5,0,0
6833,1,ba,1,msk,bisandman,management,6.5,463,90
6834,1,ba,1,msk,bisandman,management,6.5,196,58
6835,1,ba,1,msk,bisandman,management,5.7,163,70
6836,2,ba,1,msk,bisandman,management,6.5,272,33
6837,2,ba,1,msk,bisandman,management,6,97,16
6838,2,ba,1,msk,bisandman,management,6,214,36
6839,2,ba,1,msk,bisandman,management,6.2,176,45
6840,2,ba,1,msk,bisandman,management,5.8,146,80
6841,2,ba,1,msk,bisandman,management,6.3,165,68
6842,1,ba,1,msk,bisandman,management,5.5,147,56
6843,0,ba,1,msk,bisandman,management,6.3,0,0
6844,2,ba,1,msk,bisandman,management,6.2,385,62
6845,2,ba,1,msk,bisandman,management,6,420,100
6846,2,ba,1,msk,bisandman,management,5.7,266,67
6847,0,ba,1,msk,bisandman,management,5.7,0,0
6848,2,ba,1,msk,bisandman,management,5.2,138,17
6849,1,ba,1,msk,bisandman,management,7,4,0
6850,2,ba,1,msk,bisandman,management,5,226,29
6851,2,ba,1,msk,bisandman,management,5.6,271,113
6852,1,ba,1,msk,econsci,nes,9.8,503,155
6853,2,ba,1,msk,econsci,nes,9.7,119,47
6854,0,ba,1,msk,econsci,nes,9.7,0,0
6855,2,ba,1,msk,econsci,nes,9.5,367,160
6856,2,ba,1,msk,econsci,nes,9.5,237,79
6857,2,ba,1,msk,econsci,nes,9.5,191,90
6858,1,ba,1,msk,econsci,nes,9.2,140,78
6859,2,ba,1,msk,econsci,nes,9.2,49,22
6860,2,ba,1,msk,econsci,nes,9.2,192,63
6861,1,ba,1,msk,econsci,nes,9.2,277,110
6862,1,ba,1,msk,econsci,nes,9.2,278,107
6863,1,ba,1,msk,econsci,nes,9.2,658,183
6864,1,ba,1,msk,econsci,nes,9,110,60
6865,2,ba,1,msk,econsci,nes,9,762,231
6866,1,ba,1,msk,econsci,nes,8.8,270,78
6867,2,ba,1,msk,econsci,nes,9,109,59
6868,1,ba,1,msk,econsci,nes,9,215,54
6869,1,ba,1,msk,econsci,nes,9,679,161
6870,1,ba,1,msk,econsci,nes,8.9,108,55
6871,2,ba,1,msk,econsci,nes,8.7,243,57
6872,1,ba,1,msk,econsci,nes,8.7,88,60
6873,2,ba,1,msk,econsci,nes,8.7,267,92
6874,2,ba,1,msk,econsci,nes,8.7,775,227
6875,2,ba,1,msk,econsci,nes,8.5,294,94
6876,1,ba,1,msk,econsci,nes,8.3,184,97
6877,2,ba,1,msk,econsci,nes,8.3,40,26
6878,2,ba,1,msk,econsci,nes,8.3,398,128
6879,1,ba,1,msk,econsci,nes,8.3,383,117
6880,2,ba,1,msk,econsci,nes,8.3,138,91
6881,2,ba,1,msk,econsci,nes,8.2,184,75
6882,2,ba,1,msk,econsci,nes,8.3,262,83
6883,1,ba,1,msk,econsci,nes,8.2,114,39
6884,2,ba,1,msk,econsci,nes,8.2,126,57
6885,1,ba,1,msk,econsci,nes,8.2,73,33
6886,2,ba,1,msk,econsci,nes,8.2,128,67
6887,0,ba,1,msk,econsci,nes,8.2,0,0
6888,2,ba,1,msk,econsci,nes,7.7,115,34
6889,1,ba,1,msk,econsci,nes,8,219,114
6890,2,ba,1,msk,econsci,nes,8,240,102
6891,2,ba,1,msk,econsci,nes,7.8,430,94
6892,2,ba,1,msk,econsci,nes,7.3,119,45
6893,2,ba,1,msk,econsci,nes,7.8,619,277
6894,2,ba,1,msk,econsci,nes,7.8,442,111
6895,1,ba,1,msk,econsci,nes,7.8,88,53
6896,2,ba,1,msk,econsci,nes,7.8,0,0
6897,2,ba,1,msk,econsci,nes,7.8,98,32
6898,1,ba,1,msk,econsci,nes,7.7,200,88
6899,2,ba,1,msk,econsci,nes,7.7,0,0
6900,2,ba,1,msk,econsci,nes,7.7,316,94
6901,1,ba,1,msk,econsci,nes,7.3,234,92
6902,2,ba,1,msk,econsci,nes,7.7,311,108
6903,2,ba,1,msk,econsci,nes,7.7,603,170
6904,2,ba,1,msk,econsci,nes,7.5,101,30
6905,2,ba,1,msk,econsci,nes,7.5,355,77
6906,2,ba,1,msk,econsci,nes,7.5,171,50
6907,1,ba,1,msk,econsci,nes,7.2,306,144
6908,2,ba,1,msk,econsci,nes,6.8,446,127
6909,2,ba,1,msk,econsci,nes,7.3,452,165
6910,2,ba,1,msk,econsci,nes,7.3,231,113
6911,1,ba,1,msk,econsci,nes,7.3,160,42
6912,1,ba,1,msk,econsci,nes,7.2,170,78
6913,2,ba,1,msk,econsci,nes,7,84,39
6914,2,ba,1,msk,econsci,nes,7.2,160,97
6915,2,ba,1,msk,econsci,nes,6.5,335,91
6916,2,ba,1,msk,econsci,nes,7.2,246,98
6917,2,ba,1,msk,econsci,nes,7.2,238,88
6918,2,ba,1,msk,econsci,nes,6.3,53,13
6919,1,ba,1,msk,econsci,nes,7,163,71
6920,2,ba,1,msk,econsci,nes,7,234,100
6921,1,ba,1,msk,econsci,nes,7,344,117
6922,2,ba,1,msk,econsci,nes,6.8,129,53
6923,2,ba,1,msk,econsci,nes,6.7,140,24
6924,1,ba,1,msk,econsci,nes,6.5,0,0
6925,1,ba,1,msk,econsci,nes,6.5,262,119
6926,2,ba,1,msk,econsci,nes,6,192,79
6927,2,ba,1,msk,econsci,nes,6.3,265,89
6928,2,ba,1,msk,econsci,nes,6.2,113,37
6929,2,ba,1,msk,econsci,nes,5.2,229,94
6930,2,ba,1,msk,econsci,nes,5.3,61,28
6931,2,ba,1,msk,econsci,nes,5.5,146,80
6932,2,ba,1,msk,econsci,nes,4.7,188,48
6933,2,ba,1,msk,econsci,nes,4.2,132,61
6934,1,ba,1,msk,wordecon,oriental,9.5,504,41
6935,1,ba,1,msk,wordecon,oriental,9.5,105,17
6936,1,ba,1,msk,wordecon,oriental,8.7,80,29
6937,0,ba,1,msk,wordecon,oriental,9.5,0,0
6938,1,ba,1,msk,wordecon,oriental,9.2,308,27
6939,2,ba,1,msk,wordecon,oriental,8.8,70,22
6940,1,ba,1,msk,wordecon,oriental,9,150,35
6941,1,ba,1,msk,wordecon,oriental,9.3,189,42
6942,1,ba,1,msk,wordecon,oriental,9.3,154,27
6943,1,ba,1,msk,wordecon,oriental,8.8,161,38
6944,0,ba,1,msk,wordecon,oriental,9.2,0,0
6945,1,ba,1,msk,wordecon,oriental,9,105,39
6946,1,ba,1,msk,wordecon,oriental,8.5,80,26
6947,1,ba,1,msk,wordecon,oriental,9,321,58
6948,1,ba,1,msk,wordecon,oriental,8.8,214,38
6949,1,ba,1,msk,wordecon,oriental,8.7,273,61
6950,0,ba,1,msk,wordecon,oriental,8.7,0,0
6951,1,ba,1,msk,wordecon,oriental,8.8,284,39
6952,1,ba,1,msk,wordecon,oriental,8.7,199,54
6953,1,ba,1,msk,wordecon,oriental,8.7,50,15
6954,1,ba,1,msk,wordecon,oriental,9.2,87,28
6955,1,ba,1,msk,wordecon,oriental,8.8,287,42
6956,2,ba,1,msk,wordecon,oriental,8.7,608,144
6957,1,ba,1,msk,wordecon,oriental,8.5,39,13
6958,1,ba,1,msk,wordecon,oriental,8.8,94,18
6959,1,ba,1,msk,wordecon,oriental,8.7,389,113
6960,1,ba,1,msk,wordecon,oriental,8.2,90,39
6961,1,ba,1,msk,wordecon,oriental,8.8,76,19
6962,1,ba,1,msk,wordecon,oriental,8.7,311,42
6963,0,ba,1,msk,wordecon,oriental,8.3,0,0
6964,2,ba,1,msk,wordecon,oriental,8.3,157,59
6965,1,ba,1,msk,wordecon,oriental,8.5,158,33
6966,2,ba,1,msk,wordecon,oriental,8.5,83,19
6967,1,ba,1,msk,wordecon,oriental,8.8,1411,79
6968,1,ba,1,msk,wordecon,oriental,8.7,177,20
6969,1,ba,1,msk,wordecon,oriental,9.2,118,37
6970,1,ba,1,msk,wordecon,oriental,8.8,153,33
6971,1,ba,1,msk,wordecon,oriental,8.8,104,28
6972,0,ba,1,msk,wordecon,oriental,8.7,0,0
6973,1,ba,1,msk,wordecon,oriental,8.3,102,25
6974,1,ba,1,msk,wordecon,oriental,8.3,104,31
6975,1,ba,1,msk,wordecon,oriental,8.3,120,44
6976,1,ba,1,msk,wordecon,oriental,8.5,211,32
6977,1,ba,1,msk,wordecon,oriental,8.5,78,21
6978,2,ba,1,msk,wordecon,oriental,8.5,124,42
6979,1,ba,1,msk,wordecon,oriental,8.2,129,24
6980,1,ba,1,msk,wordecon,oriental,9,105,52
6981,1,ba,1,msk,wordecon,oriental,8.3,211,81
6982,1,ba,1,msk,wordecon,oriental,8.2,278,86
6983,0,ba,1,msk,wordecon,oriental,8,0,0
6984,1,ba,1,msk,wordecon,oriental,7.8,297,4
6985,1,ba,1,msk,wordecon,oriental,8.3,129,33
6986,1,ba,1,msk,wordecon,oriental,8.3,357,79
6987,1,ba,1,msk,wordecon,oriental,8.2,72,28
6988,1,ba,1,msk,wordecon,oriental,8,427,2
6989,1,ba,1,msk,wordecon,oriental,8.2,106,11
6990,1,ba,1,msk,wordecon,oriental,8,96,23
6991,0,ba,1,msk,wordecon,oriental,8.7,0,0
6992,1,ba,1,msk,wordecon,oriental,8.3,69,16
6993,2,ba,1,msk,wordecon,oriental,8,128,42
6994,1,ba,1,msk,wordecon,oriental,8,0,0
6995,2,ba,1,msk,wordecon,oriental,7.7,93,17
6996,1,ba,1,msk,wordecon,oriental,7.5,0,0
6997,1,ba,1,msk,wordecon,oriental,8.2,52,13
6998,1,ba,1,msk,wordecon,oriental,8.2,0,0
6999,1,ba,1,msk,wordecon,oriental,8,20,10
7000,1,ba,1,msk,wordecon,oriental,7.8,109,30
7001,1,ba,1,msk,wordecon,oriental,7.8,85,38
7002,2,ba,1,msk,wordecon,oriental,7.8,276,88
7003,1,ba,1,msk,wordecon,oriental,7.7,270,25
7004,1,ba,1,msk,wordecon,oriental,7.5,50,23
7005,1,ba,1,msk,wordecon,oriental,7.8,62,20
7006,1,ba,1,msk,wordecon,oriental,8,301,69
7007,2,ba,1,msk,wordecon,oriental,7.8,265,86
7008,2,ba,1,msk,wordecon,oriental,7.8,160,40
7009,2,ba,1,msk,wordecon,oriental,7.5,148,24
7010,1,ba,1,msk,wordecon,oriental,7.5,110,39
7011,0,ba,1,msk,wordecon,oriental,7.3,0,0
7012,1,ba,1,msk,wordecon,oriental,8,80,30
7013,0,ba,1,msk,wordecon,oriental,7.7,0,0
7014,1,ba,1,msk,wordecon,oriental,7.8,104,42
7015,2,ba,1,msk,wordecon,oriental,7.8,975,352
7016,1,ba,1,msk,wordecon,oriental,7.7,113,38
7017,1,ba,1,msk,wordecon,oriental,7.5,143,42
7018,1,ba,1,msk,wordecon,oriental,8.2,204,42
7019,2,ba,1,msk,wordecon,oriental,8,101,29
7020,1,ba,1,msk,wordecon,oriental,7,130,17
7021,1,ba,1,msk,wordecon,oriental,8,101,30
7022,1,ba,1,msk,wordecon,oriental,7.7,98,42
7023,1,ba,1,msk,wordecon,oriental,7.3,191,37
7024,1,ba,1,msk,wordecon,oriental,8,198,25
7025,1,ba,1,msk,wordecon,oriental,8,309,76
7026,1,ba,1,msk,wordecon,oriental,7.8,148,30
7027,1,ba,1,msk,wordecon,oriental,8,63,23
7028,1,ba,1,msk,wordecon,oriental,7.7,146,26
7029,0,ba,1,msk,wordecon,oriental,7.3,0,0
7030,2,ba,1,msk,wordecon,oriental,7.2,32,20
7031,1,ba,1,msk,wordecon,oriental,7.3,77,31
7032,1,ba,1,msk,wordecon,oriental,7.5,459,62
7033,1,ba,1,msk,wordecon,oriental,7.7,124,36
7034,2,ba,1,msk,wordecon,oriental,7.7,132,42
7035,2,ba,1,msk,wordecon,oriental,6.8,94,28
7036,1,ba,1,msk,wordecon,oriental,8,65,25
7037,1,ba,1,msk,wordecon,oriental,7.5,139,24
7038,1,ba,1,msk,wordecon,oriental,7.5,91,28
7039,1,ba,1,msk,wordecon,oriental,7.5,139,42
7040,2,ba,1,msk,wordecon,oriental,7.5,56,19
7041,2,ba,1,msk,wordecon,oriental,7.5,47,23
7042,0,ba,1,msk,wordecon,oriental,7.5,0,0
7043,1,ba,1,msk,wordecon,oriental,7.7,107,16
7044,1,ba,1,msk,wordecon,oriental,7.8,161,28
7045,1,ba,1,msk,wordecon,oriental,6.7,66,25
7046,1,ba,1,msk,wordecon,oriental,7.3,114,38
7047,0,ba,1,msk,wordecon,oriental,6.8,0,0
7048,1,ba,1,msk,wordecon,oriental,7.5,86,29
7049,2,ba,1,msk,wordecon,oriental,7.2,103,35
7050,0,ba,1,msk,wordecon,oriental,7,0,0
7051,1,ba,1,msk,wordecon,oriental,7,297,62
7052,1,ba,1,msk,wordecon,oriental,6.8,120,28
7053,2,ba,1,msk,wordecon,oriental,6.3,195,38
7054,1,ba,1,msk,wordecon,oriental,7.8,222,8
7055,2,ba,1,msk,wordecon,oriental,7.2,190,89
7056,1,ba,1,msk,wordecon,oriental,7,112,47
7057,1,ba,1,msk,wordecon,oriental,6.3,81,16
7058,2,ba,1,msk,wordecon,oriental,6.3,49,19
7059,1,ba,1,msk,wordecon,oriental,6.2,61,35
7060,1,ba,1,msk,wordecon,oriental,6,111,20
7061,1,ba,1,msk,wordecon,oriental,6.7,481,56
7062,2,ba,1,msk,wordecon,oriental,7.2,272,68
7063,1,ba,1,msk,wordecon,oriental,6.8,95,25
7064,1,ba,1,msk,wordecon,oriental,6.7,220,54
7065,0,ba,1,msk,wordecon,oriental,6.2,0,0
7066,1,ba,1,msk,wordecon,oriental,6.7,163,20
7067,1,ba,1,msk,wordecon,oriental,6.2,152,39
7068,1,ba,1,msk,wordecon,oriental,6,44,14
7069,1,ba,1,msk,wordecon,oriental,6.8,175,42
7070,1,ba,1,msk,wordecon,oriental,6.2,141,24
7071,1,ba,1,msk,wordecon,oriental,6,368,38
7072,2,ba,1,msk,wordecon,oriental,6.7,380,57
7073,0,ba,1,msk,wordecon,oriental,5.7,0,0
7074,2,ba,1,msk,wordecon,oriental,6,208,63
7075,1,ba,1,msk,wordecon,oriental,6.3,1925,54
7076,1,ba,1,msk,wordecon,oriental,6.2,116,25
7077,2,ba,1,msk,wordecon,oriental,5.5,127,51
7078,1,ba,1,msk,wordecon,oriental,6.2,111,29
7079,2,ba,1,msk,wordecon,oriental,5.8,228,40
7080,1,ba,1,msk,wordecon,oriental,6.7,203,22
7081,1,ba,1,msk,wordecon,oriental,6,118,49
7082,2,ba,1,msk,wordecon,oriental,5.9,290,114
7083,1,ba,1,msk,wordecon,oriental,5.8,166,26
7084,1,ba,1,msk,wordecon,oriental,5.5,200,17
7085,0,ba,1,msk,wordecon,oriental,5.8,0,0
7086,0,ba,1,msk,wordecon,oriental,5.2,0,0
7087,2,ba,1,msk,wordecon,oriental,5.2,23,14
7088,2,ba,1,msk,wordecon,oriental,5.7,139,29
7089,1,ba,1,msk,wordecon,oriental,5.2,190,50
7090,2,ba,1,msk,wordecon,oriental,5,289,48
7091,2,ba,1,msk,wordecon,oriental,4.8,238,38
7092,0,ba,1,msk,wordecon,oriental,0,0,0
7093,1,ba,1,msk,wordecon,oriental,0,302,50
7094,1,ba,1,msk,humanities,phil,8.9,95,44
7095,1,ba,1,msk,humanities,phil,8.8,130,39
7096,1,ba,1,msk,humanities,phil,8.7,142,34
7097,1,ba,1,msk,humanities,phil,8.4,145,31
7098,1,ba,1,msk,humanities,phil,8.3,94,36
7099,2,ba,1,msk,humanities,phil,8.2,141,56
7100,1,ba,1,msk,humanities,phil,8,177,50
7101,2,ba,1,msk,humanities,phil,8.1,211,37
7102,1,ba,1,msk,humanities,phil,7.9,79,23
7103,1,ba,1,msk,humanities,phil,8.1,204,85
7104,1,ba,1,msk,humanities,phil,7.9,194,24
7105,1,ba,1,msk,humanities,phil,8,244,26
7106,0,ba,1,msk,humanities,phil,7.6,0,0
7107,1,ba,1,msk,humanities,phil,7.8,73,21
7108,1,ba,1,msk,humanities,phil,7.6,58,21
7109,2,ba,1,msk,humanities,phil,7.6,24,4
7110,1,ba,1,msk,humanities,phil,7.6,128,43
7111,1,ba,1,msk,humanities,phil,7.6,278,45
7112,1,ba,1,msk,humanities,phil,7.3,87,25
7113,1,ba,1,msk,humanities,phil,7.2,508,163
7114,1,ba,1,msk,humanities,phil,7.7,146,23
7115,1,ba,1,msk,humanities,phil,7.6,196,41
7116,1,ba,1,msk,humanities,phil,7.2,58,23
7117,0,ba,1,msk,humanities,phil,7.7,0,0
7118,1,ba,1,msk,humanities,phil,7.1,84,14
7119,1,ba,1,msk,humanities,phil,7.3,201,25
7120,1,ba,1,msk,humanities,phil,7.2,175,51
7121,2,ba,1,msk,humanities,phil,7.2,99,34
7122,0,ba,1,msk,humanities,phil,6.8,0,0
7123,0,ba,1,msk,humanities,phil,7.1,0,0
7124,1,ba,1,msk,humanities,phil,7.2,243,93
7125,0,ba,1,msk,humanities,phil,7.2,0,0
7126,1,ba,1,msk,humanities,phil,7,172,78
7127,2,ba,1,msk,humanities,phil,7.1,209,37
7128,2,ba,1,msk,humanities,phil,7,129,38
7129,1,ba,1,msk,humanities,phil,7,138,30
7130,1,ba,1,msk,humanities,phil,6.7,191,46
7131,0,ba,1,msk,humanities,phil,7.1,0,0
7132,1,ba,1,msk,humanities,phil,7,64,11
7133,2,ba,1,msk,humanities,phil,6.4,3,2
7134,1,ba,1,msk,humanities,phil,7,710,72
7135,2,ba,1,msk,humanities,phil,6.9,71,44
7136,2,ba,1,msk,humanities,phil,6.9,58,23
7137,1,ba,1,msk,humanities,phil,6.9,104,24
7138,1,ba,1,msk,humanities,phil,7,123,54
7139,1,ba,1,msk,humanities,phil,6.8,177,19
7140,1,ba,1,msk,humanities,phil,7,326,69
7141,1,ba,1,msk,humanities,phil,6.9,101,33
7142,2,ba,1,msk,humanities,phil,6.7,158,72
7143,1,ba,1,msk,humanities,phil,6.4,69,26
7144,1,ba,1,msk,humanities,phil,6.8,48,29
7145,1,ba,1,msk,humanities,phil,6.6,219,82
7146,0,ba,1,msk,humanities,phil,6.7,0,0
7147,2,ba,1,msk,humanities,phil,6.4,160,29
7148,2,ba,1,msk,humanities,phil,6.8,37,7
7149,1,ba,1,msk,humanities,phil,6.6,0,0
7150,1,ba,1,msk,humanities,phil,6.4,198,39
7151,0,ba,1,msk,humanities,phil,6.6,0,0
7152,2,ba,1,msk,humanities,phil,6.2,141,40
7153,1,ba,1,msk,humanities,phil,6.4,60,31
7154,0,ba,1,msk,humanities,phil,6.4,0,0
7155,2,ba,1,msk,humanities,phil,6.4,95,19
7156,0,ba,1,msk,humanities,phil,6.3,0,0
7157,1,ba,1,msk,humanities,phil,6.2,41,9
7158,1,ba,1,msk,humanities,phil,6.2,155,61
7159,0,ba,1,msk,humanities,phil,6.2,0,0
7160,1,ba,1,msk,humanities,phil,5.9,111,43
7161,2,ba,1,msk,humanities,phil,6.2,1,0
7162,1,ba,1,msk,humanities,phil,6.6,199,51
7163,2,ba,1,msk,humanities,phil,5.8,121,15
7164,0,ba,1,msk,humanities,phil,6.1,0,0
7165,2,ba,1,msk,humanities,phil,6.1,113,27
7166,0,ba,1,msk,humanities,phil,6.3,0,0
7167,2,ba,1,msk,humanities,phil,5.3,175,19
7168,1,ba,1,msk,humanities,phil,6.1,498,130
7169,0,ba,1,msk,humanities,phil,5.7,0,0
7170,2,ba,1,msk,humanities,phil,6.1,320,111
7171,2,ba,1,msk,humanities,phil,5.9,119,8
7172,0,ba,1,msk,humanities,phil,6.1,0,0
7173,0,ba,1,msk,humanities,phil,5.9,0,0
7174,1,ba,1,msk,humanities,phil,5.8,770,179
7175,2,ba,1,msk,humanities,phil,5.9,71,23
7176,2,ba,1,msk,humanities,phil,5.3,125,38
7177,1,ba,1,msk,humanities,phil,5.4,50,15
7178,1,ba,1,msk,humanities,phil,5.6,318,64
7179,2,ba,1,msk,humanities,phil,5.4,232,25
7180,2,ba,1,msk,humanities,phil,5,52,11
7181,0,ba,1,msk,humanities,phil,5.8,0,0
7182,0,ba,1,msk,humanities,phil,5.6,0,0
7183,0,ba,1,msk,humanities,phil,4.8,0,0
7184,0,ba,1,msk,humanities,phil,6.2,0,0
7185,2,ba,1,msk,socsci,political,9.5,400,114
7186,2,ba,1,msk,socsci,political,9.1,193,87
7187,1,ba,1,msk,socsci,political,8.8,261,71
7188,1,ba,1,msk,socsci,political,8.4,262,59
7189,2,ba,1,msk,socsci,political,8.4,390,130
7190,1,ba,1,msk,socsci,political,8,290,5
7191,1,ba,1,msk,socsci,political,8.2,118,44
7192,1,ba,1,msk,socsci,political,8.1,103,51
7193,1,ba,1,msk,socsci,political,8.1,258,90
7194,2,ba,1,msk,socsci,political,8.1,56,30
7195,2,ba,1,msk,socsci,political,8,102,54
7196,2,ba,1,msk,socsci,political,8,305,74
7197,2,ba,1,msk,socsci,political,7.9,214,76
7198,2,ba,1,msk,socsci,political,7.8,415,142
7199,1,ba,1,msk,socsci,political,7.8,199,77
7200,2,ba,1,msk,socsci,political,7.9,198,54
7201,0,ba,1,msk,socsci,political,7.8,0,0
7202,1,ba,1,msk,socsci,political,7.6,243,67
7203,2,ba,1,msk,socsci,political,7.9,107,50
7204,2,ba,1,msk,socsci,political,7.4,114,65
7205,1,ba,1,msk,socsci,political,7.4,204,81
7206,2,ba,1,msk,socsci,political,7.1,210,70
7207,2,ba,1,msk,socsci,political,7.4,237,53
7208,1,ba,1,msk,socsci,political,7.2,216,40
7209,1,ba,1,msk,socsci,political,7.1,333,75
7210,1,ba,1,msk,socsci,political,7.4,181,56
7211,1,ba,1,msk,socsci,political,7.4,152,35
7212,2,ba,1,msk,socsci,political,7.4,198,42
7213,2,ba,1,msk,socsci,political,7.2,242,64
7214,1,ba,1,msk,socsci,political,7.2,66,34
7215,2,ba,1,msk,socsci,political,7.2,138,42
7216,2,ba,1,msk,socsci,political,7.2,200,66
7217,1,ba,1,msk,socsci,political,7,179,67
7218,1,ba,1,msk,socsci,political,7,174,78
7219,1,ba,1,msk,socsci,political,7.4,1310,136
7220,1,ba,1,msk,socsci,political,7.2,308,68
7221,2,ba,1,msk,socsci,political,7.2,219,53
7222,1,ba,1,msk,socsci,political,6.9,201,66
7223,1,ba,1,msk,socsci,political,6.9,533,234
7224,1,ba,1,msk,socsci,political,7.1,348,64
7225,1,ba,1,msk,socsci,political,7,208,67
7226,1,ba,1,msk,socsci,political,7,212,48
7227,1,ba,1,msk,socsci,political,6.8,149,47
7228,2,ba,1,msk,socsci,political,7,368,124
7229,2,ba,1,msk,socsci,political,6.8,440,53
7230,2,ba,1,msk,socsci,political,6.5,353,118
7231,1,ba,1,msk,socsci,political,7,217,48
7232,2,ba,1,msk,socsci,political,6.9,314,95
7233,2,ba,1,msk,socsci,political,6.5,42,11
7234,0,ba,1,msk,socsci,political,6.5,0,0
7235,1,ba,1,msk,socsci,political,6.6,170,38
7236,2,ba,1,msk,socsci,political,7,12,0
7237,2,ba,1,msk,socsci,political,6.8,46,24
7238,1,ba,1,msk,socsci,political,6.8,126,47
7239,1,ba,1,msk,socsci,political,6.8,276,65
7240,2,ba,1,msk,socsci,political,6.6,465,148
7241,2,ba,1,msk,socsci,political,6.6,111,75
7242,1,ba,1,msk,socsci,political,6.5,294,75
7243,1,ba,1,msk,socsci,political,6.5,140,58
7244,1,ba,1,msk,socsci,political,6.2,263,81
7245,2,ba,1,msk,socsci,political,6.2,177,51
7246,2,ba,1,msk,socsci,political,6.6,95,40
7247,2,ba,1,msk,socsci,political,6.6,59,37
7248,2,ba,1,msk,socsci,political,6.5,149,30
7249,1,ba,1,msk,socsci,political,6.5,144,47
7250,1,ba,1,msk,socsci,political,6.2,294,122
7251,2,ba,1,msk,socsci,political,6.9,1,0
7252,1,ba,1,msk,socsci,political,6.6,0,0
7253,0,ba,1,msk,socsci,political,6.9,0,0
7254,0,ba,1,msk,socsci,political,6.5,0,0
7255,0,ba,1,msk,socsci,political,6.2,0,0
7256,2,ba,1,msk,socsci,political,6,67,44
7257,1,ba,1,msk,socsci,political,5.9,234,82
7258,1,ba,1,msk,socsci,political,6.1,127,22
7259,2,ba,1,msk,socsci,political,6.1,180,42
7260,2,ba,1,msk,socsci,political,5.9,130,40
7261,1,ba,1,msk,socsci,political,7,283,111
7262,2,ba,1,msk,socsci,political,5.9,174,72
7263,1,ba,1,msk,socsci,political,6,460,40
7264,2,ba,1,msk,socsci,political,5.9,222,60
7265,2,ba,1,msk,socsci,political,5.6,12,7
7266,1,ba,1,msk,socsci,political,5.9,105,55
7267,1,ba,1,msk,socsci,political,5.5,126,38
7268,1,ba,1,msk,socsci,political,7.3,252,71
7269,1,ba,1,msk,socsci,psy,9,92,36
7270,1,ba,1,msk,socsci,psy,8.6,107,44
7271,1,ba,1,msk,socsci,psy,8.6,170,39
7272,1,ba,1,msk,socsci,psy,8.1,189,94
7273,1,ba,1,msk,socsci,psy,8.1,264,116
7274,1,ba,1,msk,socsci,psy,7.8,295,70
7275,2,ba,1,msk,socsci,psy,8.1,315,154
7276,1,ba,1,msk,socsci,psy,7.6,365,114
7277,1,ba,1,msk,socsci,psy,7.6,98,46
7278,1,ba,1,msk,socsci,psy,7.5,399,103
7279,1,ba,1,msk,socsci,psy,7.9,355,97
7280,1,ba,1,msk,socsci,psy,7.6,300,103
7281,1,ba,1,msk,socsci,psy,7.6,222,104
7282,1,ba,1,msk,socsci,psy,7.6,175,48
7283,1,ba,1,msk,socsci,psy,7.6,256,100
7284,2,ba,1,msk,socsci,psy,7.4,532,136
7285,1,ba,1,msk,socsci,psy,7.6,102,61
7286,1,ba,1,msk,socsci,psy,7.5,271,140
7287,1,ba,1,msk,socsci,psy,7.2,113,34
7288,2,ba,1,msk,socsci,psy,7.2,301,127
7289,1,ba,1,msk,socsci,psy,7.2,213,70
7290,1,ba,1,msk,socsci,psy,7,362,156
7291,2,ba,1,msk,socsci,psy,7.1,182,39
7292,1,ba,1,msk,socsci,psy,7.2,162,56
7293,1,ba,1,msk,socsci,psy,7.2,296,91
7294,1,ba,1,msk,socsci,psy,6.9,379,85
7295,1,ba,1,msk,socsci,psy,6.5,117,4
7296,1,ba,1,msk,socsci,psy,7.2,48,21
7297,1,ba,1,msk,socsci,psy,7.1,153,68
7298,1,ba,1,msk,socsci,psy,6.5,194,39
7299,2,ba,1,msk,socsci,psy,7,147,61
7300,0,ba,1,msk,socsci,psy,6.9,0,0
7301,2,ba,1,msk,socsci,psy,6.8,141,47
7302,1,ba,1,msk,socsci,psy,7.1,50,28
7303,1,ba,1,msk,socsci,psy,6.9,95,29
7304,1,ba,1,msk,socsci,psy,6.4,121,67
7305,1,ba,1,msk,socsci,psy,6.9,171,75
7306,1,ba,1,msk,socsci,psy,7,307,126
7307,1,ba,1,msk,socsci,psy,6.6,121,60
7308,1,ba,1,msk,socsci,psy,6.4,109,42
7309,1,ba,1,msk,socsci,psy,6.8,78,32
7310,1,ba,1,msk,socsci,psy,6.5,438,102
7311,1,ba,1,msk,socsci,psy,6.4,207,83
7312,1,ba,1,msk,socsci,psy,6.1,619,164
7313,1,ba,1,msk,socsci,psy,6.6,80,27
7314,1,ba,1,msk,socsci,psy,6.4,591,261
7315,1,ba,1,msk,socsci,psy,6.5,111,45
7316,1,ba,1,msk,socsci,psy,6.5,369,65
7317,0,ba,1,msk,socsci,psy,6.5,0,0
7318,1,ba,1,msk,socsci,psy,6.6,96,26
7319,2,ba,1,msk,socsci,psy,6,581,107
7320,1,ba,1,msk,socsci,psy,6.4,107,47
7321,1,ba,1,msk,socsci,psy,6.4,72,18
7322,2,ba,1,msk,socsci,psy,6.1,96,49
7323,1,ba,1,msk,socsci,psy,5.9,228,60
7324,2,ba,1,msk,socsci,psy,5.9,284,74
7325,1,ba,1,msk,socsci,psy,5.9,367,114
7326,2,ba,1,msk,socsci,psy,6.2,280,93
7327,1,ba,1,msk,socsci,psy,5.4,203,68
7328,1,ba,1,msk,socsci,psy,5.6,173,73
7329,1,ba,1,msk,socsci,psy,5.8,312,26
7330,2,ba,1,msk,socsci,psy,5.8,162,74
7331,1,ba,1,msk,socsci,psy,5.4,907,60
7332,1,ba,1,msk,socsci,psy,5.1,204,61
7333,1,ba,1,msk,socsci,psy,5.8,273,104
7334,1,ba,1,msk,socsci,psy,5.8,125,57
7335,1,ba,1,msk,socsci,psy,5.5,359,15
7336,1,ba,1,msk,socsci,psy,5.2,188,50
7337,1,ba,1,msk,socsci,psy,5.5,276,89
7338,1,ba,1,msk,socsci,psy,4.9,197,109
7339,1,ba,1,msk,socsci,psy,5.2,51,30
7340,1,ba,1,msk,socsci,psy,5.4,2,0
7341,1,ba,1,msk,socsci,psy,4.9,133,58
7342,2,ba,1,msk,socsci,psy,4.8,204,79
7343,0,ba,1,msk,socsci,psy,5,0,0
7344,2,ba,1,msk,socsci,psy,5.1,461,150
7345,2,ba,1,msk,socsci,psy,4.8,224,80
7346,1,ba,1,msk,socsci,psy,5.4,147,3
7347,2,ba,1,msk,socsci,psy,5.1,109,26
7348,1,ba,1,msk,socsci,psy,4.8,19,15
7349,1,ba,1,msk,socsci,psy,7.2,622,123
7350,1,ba,1,msk,socsci,psy,4.4,0,0
7351,1,ba,1,msk,socsci,psy,5.2,89,12
7352,2,ba,1,msk,socsci,psy,4.7,63,10
7353,2,ba,1,msk,cs,se,8.8,48,18
7354,2,ba,1,msk,cs,se,8.6,175,41
7355,1,ba,1,msk,cs,se,8.8,82,49
7356,2,ba,1,msk,cs,se,8.8,154,45
7357,2,ba,1,msk,cs,se,8.2,81,17
7358,2,ba,1,msk,cs,se,8.1,99,37
7359,2,ba,1,msk,cs,se,8.2,36,14
7360,2,ba,1,msk,cs,se,7.8,90,18
7361,2,ba,1,msk,cs,se,8.4,77,27
7362,2,ba,1,msk,cs,se,8.2,107,31
7363,2,ba,1,msk,cs,se,8,167,32
7364,2,ba,1,msk,cs,se,7.9,3971,37
7365,1,ba,1,msk,cs,se,7.7,246,4
7366,2,ba,1,msk,cs,se,7.8,87,31
7367,1,ba,1,msk,cs,se,7.7,259,79
7368,2,ba,1,msk,cs,se,7.9,94,50
7369,1,ba,1,msk,cs,se,7.7,130,28
7370,2,ba,1,msk,cs,se,7.5,107,22
7371,2,ba,1,msk,cs,se,7.5,226,67
7372,2,ba,1,msk,cs,se,7.4,467,138
7373,2,ba,1,msk,cs,se,7.2,162,34
7374,2,ba,1,msk,cs,se,7.2,128,29
7375,2,ba,1,msk,cs,se,7.6,82,40
7376,2,ba,1,msk,cs,se,7.5,103,18
7377,1,ba,1,msk,cs,se,7.4,171,43
7378,2,ba,1,msk,cs,se,7.2,295,87
7379,2,ba,1,msk,cs,se,7.8,117,40
7380,0,ba,1,msk,cs,se,7.2,0,0
7381,0,ba,1,msk,cs,se,7.1,0,0
7382,2,ba,1,msk,cs,se,7.5,243,50
7383,2,ba,1,msk,cs,se,7.3,125,52
7384,2,ba,1,msk,cs,se,7.3,45,4
7385,2,ba,1,msk,cs,se,7.8,81,27
7386,2,ba,1,msk,cs,se,7.1,102,55
7387,2,ba,1,msk,cs,se,7.4,24,17
7388,2,ba,1,msk,cs,se,7.4,63,13
7389,2,ba,1,msk,cs,se,7.2,126,51
7390,2,ba,1,msk,cs,se,7.3,58,26
7391,2,ba,1,msk,cs,se,7,200,92
7392,2,ba,1,msk,cs,se,7.2,59,33
7393,2,ba,1,msk,cs,se,7.1,96,27
7394,2,ba,1,msk,cs,se,7,229,42
7395,2,ba,1,msk,cs,se,6.9,0,0
7396,1,ba,1,msk,cs,se,7.4,382,60
7397,2,ba,1,msk,cs,se,7,377,55
7398,2,ba,1,msk,cs,se,6.9,71,27
7399,2,ba,1,msk,cs,se,7.2,147,37
7400,2,ba,1,msk,cs,se,6.8,75,14
7401,1,ba,1,msk,cs,se,7.2,147,47
7402,2,ba,1,msk,cs,se,7.1,63,19
7403,2,ba,1,msk,cs,se,7,81,37
7404,2,ba,1,msk,cs,se,6.8,149,38
7405,2,ba,1,msk,cs,se,6.6,53,18
7406,2,ba,1,msk,cs,se,6.8,99,26
7407,1,ba,1,msk,cs,se,6.5,235,64
7408,2,ba,1,msk,cs,se,6.9,142,37
7409,2,ba,1,msk,cs,se,6.4,86,27
7410,2,ba,1,msk,cs,se,6.9,98,47
7411,2,ba,1,msk,cs,se,6.5,116,34
7412,1,ba,1,msk,cs,se,7,196,50
7413,2,ba,1,msk,cs,se,7,92,48
7414,2,ba,1,msk,cs,se,6.9,90,20
7415,2,ba,1,msk,cs,se,6.7,157,62
7416,2,ba,1,msk,cs,se,6.6,116,28
7417,2,ba,1,msk,cs,se,6.4,146,45
7418,1,ba,1,msk,cs,se,6.3,136,44
7419,2,ba,1,msk,cs,se,6.9,121,36
7420,2,ba,1,msk,cs,se,6.8,213,78
7421,2,ba,1,msk,cs,se,6.6,29,17
7422,2,ba,1,msk,cs,se,6.9,235,76
7423,1,ba,1,msk,cs,se,6.9,113,19
7424,2,ba,1,msk,cs,se,6.8,112,41
7425,2,ba,1,msk,cs,se,6.6,96,26
7426,1,ba,1,msk,cs,se,6.9,0,0
7427,2,ba,1,msk,cs,se,6.5,60,16
7428,2,ba,1,msk,cs,se,6.6,134,68
7429,2,ba,1,msk,cs,se,6.6,302,154
7430,2,ba,1,msk,cs,se,6.4,288,70
7431,0,ba,1,msk,cs,se,6.8,0,0
7432,0,ba,1,msk,cs,se,6.4,0,0
7433,2,ba,1,msk,cs,se,6.4,59,22
7434,1,ba,1,msk,cs,se,6.7,198,64
7435,2,ba,1,msk,cs,se,6.7,48,28
7436,2,ba,1,msk,cs,se,6.6,267,71
7437,2,ba,1,msk,cs,se,6.6,68,15
7438,2,ba,1,msk,cs,se,6.4,65,26
7439,2,ba,1,msk,cs,se,6.5,101,36
7440,2,ba,1,msk,cs,se,6.4,120,25
7441,2,ba,1,msk,cs,se,6.2,186,64
7442,2,ba,1,msk,cs,se,6.1,261,43
7443,2,ba,1,msk,cs,se,6.6,49,19
7444,1,ba,1,msk,cs,se,6.4,305,41
7445,2,ba,1,msk,cs,se,6.5,121,29
7446,2,ba,1,msk,cs,se,6.1,193,37
7447,0,ba,1,msk,cs,se,6.1,0,0
7448,2,ba,1,msk,cs,se,6,61,16
7449,0,ba,1,msk,cs,se,6,0,0
7450,1,ba,1,msk,cs,se,6.5,514,70
7451,2,ba,1,msk,cs,se,6.4,82,22
7452,2,ba,1,msk,cs,se,6.1,106,30
7453,1,ba,1,msk,cs,se,5.9,204,35
7454,2,ba,1,msk,cs,se,6.1,54,24
7455,2,ba,1,msk,cs,se,6,0,0
7456,2,ba,1,msk,cs,se,6.1,14,3
7457,2,ba,1,msk,cs,se,6,168,82
7458,2,ba,1,msk,cs,se,5.9,137,74
7459,2,ba,1,msk,cs,se,6.1,77,29
7460,2,ba,1,msk,cs,se,5.9,73,16
7461,0,ba,1,msk,cs,se,5.8,0,0
7462,2,ba,1,msk,cs,se,5.9,136,31
7463,1,ba,1,msk,cs,se,6.2,109,37
7464,0,ba,1,msk,cs,se,6,0,0
7465,2,ba,1,msk,cs,se,5.9,231,19
7466,2,ba,1,msk,cs,se,6,110,63
7467,2,ba,1,msk,cs,se,5.9,418,155
7468,1,ba,1,msk,cs,se,5.6,69,29
7469,2,ba,1,msk,cs,se,5.6,96,22
7470,1,ba,1,msk,cs,se,6,220,16
7471,2,ba,1,msk,cs,se,5.4,695,68
7472,2,ba,1,msk,cs,se,5.7,232,55
7473,1,ba,1,msk,cs,se,5.6,161,51
7474,2,ba,1,msk,cs,se,5.4,161,16
7475,2,ba,1,msk,cs,se,6.3,109,13
7476,2,ba,1,msk,cs,se,5.6,113,29
7477,1,ba,1,msk,cs,se,5.7,76,23
7478,2,ba,1,msk,cs,se,5.4,79,35
7479,2,ba,1,msk,cs,se,5.2,23,1
7480,2,ba,1,msk,cs,se,5.2,101,28
7481,2,ba,1,msk,cs,se,5.8,93,21
7482,0,ba,1,msk,cs,se,6,0,0
7483,2,ba,1,msk,cs,se,5.1,77,27
7484,2,ba,1,msk,cs,se,4.3,98,38
7485,2,ba,1,msk,cs,se,8,107,24
7486,2,ba,1,msk,cs,se,7,81,25
7487,1,ba,1,msk,socsci,soc,9.5,283,113
7488,2,ba,1,msk,socsci,soc,9.2,272,132
7489,1,ba,1,msk,socsci,soc,8.8,76,24
7490,2,ba,1,msk,socsci,soc,9,355,179
7491,1,ba,1,msk,socsci,soc,8.5,88,32
7492,1,ba,1,msk,socsci,soc,8.7,165,53
7493,1,ba,1,msk,socsci,soc,8.7,207,54
7494,1,ba,1,msk,socsci,soc,8.7,553,120
7495,1,ba,1,msk,socsci,soc,8.3,118,31
7496,1,ba,1,msk,socsci,soc,8.3,303,108
7497,1,ba,1,msk,socsci,soc,8.3,59,25
7498,1,ba,1,msk,socsci,soc,8.3,590,216
7499,2,ba,1,msk,socsci,soc,8.2,93,44
7500,1,ba,1,msk,socsci,soc,8.7,437,128
7501,1,ba,1,msk,socsci,soc,8.5,239,71
7502,1,ba,1,msk,socsci,soc,8.5,200,54
7503,0,ba,1,msk,socsci,soc,8.2,0,0
7504,1,ba,1,msk,socsci,soc,8,300,41
7505,1,ba,1,msk,socsci,soc,8.7,84,33
7506,2,ba,1,msk,socsci,soc,8.5,210,80
7507,1,ba,1,msk,socsci,soc,8.2,92,48
7508,1,ba,1,msk,socsci,soc,8.2,159,44
7509,2,ba,1,msk,socsci,soc,7.5,204,104
7510,2,ba,1,msk,socsci,soc,8.2,141,66
7511,0,ba,1,msk,socsci,soc,8,0,0
7512,0,ba,1,msk,socsci,soc,8,0,0
7513,1,ba,1,msk,socsci,soc,8,300,82
7514,1,ba,1,msk,socsci,soc,8.2,336,74
7515,1,ba,1,msk,socsci,soc,8.2,303,79
7516,1,ba,1,msk,socsci,soc,7.7,430,139
7517,1,ba,1,msk,socsci,soc,7.8,112,22
7518,1,ba,1,msk,socsci,soc,7.8,272,78
7519,1,ba,1,msk,socsci,soc,8.3,193,42
7520,1,ba,1,msk,socsci,soc,8,0,0
7521,2,ba,1,msk,socsci,soc,8,115,65
7522,1,ba,1,msk,socsci,soc,7.7,168,21
7523,2,ba,1,msk,socsci,soc,7.7,66,41
7524,2,ba,1,msk,socsci,soc,7.3,93,27
7525,1,ba,1,msk,socsci,soc,7.8,184,34
7526,1,ba,1,msk,socsci,soc,7.8,64,26
7527,1,ba,1,msk,socsci,soc,7.8,92,33
7528,0,ba,1,msk,socsci,soc,7.5,0,0
7529,1,ba,1,msk,socsci,soc,7.7,322,32
7530,1,ba,1,msk,socsci,soc,7.7,542,61
7531,1,ba,1,msk,socsci,soc,7.7,148,77
7532,2,ba,1,msk,socsci,soc,7.5,130,43
7533,1,ba,1,msk,socsci,soc,7.5,131,42
7534,0,ba,1,msk,socsci,soc,7.5,0,0
7535,1,ba,1,msk,socsci,soc,7.2,201,65
7536,1,ba,1,msk,socsci,soc,7.8,201,64
7537,1,ba,1,msk,socsci,soc,7.5,386,73
7538,2,ba,1,msk,socsci,soc,7.3,175,55
7539,2,ba,1,msk,socsci,soc,7.7,81,34
7540,1,ba,1,msk,socsci,soc,7.7,139,29
7541,1,ba,1,msk,socsci,soc,7.5,315,115
7542,2,ba,1,msk,socsci,soc,7.5,107,32
7543,1,ba,1,msk,socsci,soc,7.3,297,97
7544,1,ba,1,msk,socsci,soc,7.5,227,95
7545,1,ba,1,msk,socsci,soc,7.5,270,59
7546,1,ba,1,msk,socsci,soc,7.5,201,31
7547,0,ba,1,msk,socsci,soc,7.3,0,0
7548,2,ba,1,msk,socsci,soc,7.7,261,57
7549,1,ba,1,msk,socsci,soc,7.5,148,30
7550,0,ba,1,msk,socsci,soc,7.3,0,0
7551,1,ba,1,msk,socsci,soc,7.2,172,53
7552,2,ba,1,msk,socsci,soc,7,0,0
7553,1,ba,1,msk,socsci,soc,7.2,356,49
7554,1,ba,1,msk,socsci,soc,7,119,31
7555,1,ba,1,msk,socsci,soc,6.8,151,39
7556,1,ba,1,msk,socsci,soc,7.7,201,85
7557,1,ba,1,msk,socsci,soc,7.6,225,38
7558,1,ba,1,msk,socsci,soc,7.5,132,32
7559,2,ba,1,msk,socsci,soc,7.5,147,38
7560,1,ba,1,msk,socsci,soc,7.5,227,78
7561,0,ba,1,msk,socsci,soc,7.3,0,0
7562,1,ba,1,msk,socsci,soc,7.3,149,101
7563,1,ba,1,msk,socsci,soc,7.3,0,0
7564,1,ba,1,msk,socsci,soc,7.2,229,51
7565,1,ba,1,msk,socsci,soc,7,15,12
7566,2,ba,1,msk,socsci,soc,7.3,536,206
7567,1,ba,1,msk,socsci,soc,7.2,126,68
7568,1,ba,1,msk,socsci,soc,7.2,331,57
7569,1,ba,1,msk,socsci,soc,7,203,59
7570,1,ba,1,msk,socsci,soc,6.8,419,90
7571,1,ba,1,msk,socsci,soc,6.7,245,46
7572,1,ba,1,msk,socsci,soc,7.5,332,86
7573,1,ba,1,msk,socsci,soc,7.2,566,55
7574,0,ba,1,msk,socsci,soc,7,0,0
7575,2,ba,1,msk,socsci,soc,7.9,191,91
7576,1,ba,1,msk,socsci,soc,7.3,163,43
7577,1,ba,1,msk,socsci,soc,7,267,35
7578,2,ba,1,msk,socsci,soc,7,70,35
7579,1,ba,1,msk,socsci,soc,7,72,37
7580,1,ba,1,msk,socsci,soc,6.7,317,55
7581,1,ba,1,msk,socsci,soc,7.2,223,120
7582,1,ba,1,msk,socsci,soc,7.2,287,53
7583,2,ba,1,msk,socsci,soc,6.8,249,68
7584,2,ba,1,msk,socsci,soc,6.5,276,94
7585,1,ba,1,msk,socsci,soc,7,367,62
7586,1,ba,1,msk,socsci,soc,6.7,71,21
7587,1,ba,1,msk,socsci,soc,7.2,279,14
7588,1,ba,1,msk,socsci,soc,6.8,159,44
7589,1,ba,1,msk,socsci,soc,6.5,76,22
7590,1,ba,1,msk,socsci,soc,6.3,222,65
7591,1,ba,1,msk,socsci,soc,7,151,48
7592,1,ba,1,msk,socsci,soc,6.8,116,38
7593,1,ba,1,msk,socsci,soc,6.7,179,46
7594,1,ba,1,msk,socsci,soc,7.2,81,46
7595,1,ba,1,msk,socsci,soc,6.7,0,0
7596,1,ba,1,msk,socsci,soc,6.8,336,46
7597,2,ba,1,msk,socsci,soc,6.7,142,43
7598,1,ba,1,msk,socsci,soc,6.3,61,17
7599,1,ba,1,msk,socsci,soc,6.5,272,73
7600,2,ba,1,msk,socsci,soc,6,487,97
7601,1,ba,1,msk,socsci,soc,6.8,322,64
7602,2,ba,1,msk,socsci,soc,6.5,248,160
7603,1,ba,1,msk,socsci,soc,6.5,228,94
7604,0,ba,1,msk,socsci,soc,6.5,0,0
7605,1,ba,1,msk,socsci,soc,6.5,204,82
7606,2,ba,1,msk,socsci,soc,6.3,85,23
7607,1,ba,1,msk,socsci,soc,6.7,531,203
7608,1,ba,1,msk,socsci,soc,6.3,13,3
7609,2,ba,1,msk,socsci,soc,5.8,76,19
7610,0,ba,1,msk,socsci,soc,6.3,0,0
7611,1,ba,1,msk,socsci,soc,6.3,228,56
7612,1,ba,1,msk,socsci,soc,6.3,163,58
7613,1,ba,1,msk,socsci,soc,6.3,105,31
7614,0,ba,1,msk,socsci,soc,6.1,0,0
7615,1,ba,1,msk,socsci,soc,6.8,168,35
7616,1,ba,1,msk,socsci,soc,6.6,76,23
7617,0,ba,1,msk,socsci,soc,6.5,0,0
7618,1,ba,1,msk,socsci,soc,6.2,108,41
7619,1,ba,1,msk,socsci,soc,6.2,174,56
7620,2,ba,1,msk,socsci,soc,5.8,153,101
7621,1,ba,1,msk,socsci,soc,6.2,230,45
7622,1,ba,1,msk,socsci,soc,5.8,114,50
7623,1,ba,1,msk,socsci,soc,6,158,41
7624,1,ba,1,msk,socsci,soc,6.2,102,40
7625,2,ba,1,msk,socsci,soc,6,150,24
7626,2,ba,1,msk,socsci,soc,6.3,24,16
7627,0,ba,1,msk,socsci,soc,6.2,0,0
7628,1,ba,1,msk,socsci,soc,6,176,45
7629,2,ba,1,msk,socsci,soc,5.7,273,84
7630,1,ba,1,msk,socsci,soc,5.2,4,0
7631,1,ba,1,msk,socsci,soc,5.8,53,24
7632,2,ba,1,msk,socsci,soc,6.6,262,61
7633,1,ba,1,msk,socsci,soc,5.2,83,26
7634,1,ba,1,msk,socsci,soc,5.2,142,52
7635,2,ba,1,msk,socsci,soc,5,146,41
7636,1,ba,1,msk,socsci,soc,5.3,160,29
7637,1,ba,1,msk,socsci,soc,5,82,25
7638,0,ba,1,msk,socsci,soc,4,0,0
7639,0,ba,1,msk,socsci,soc,4.2,0,0
7640,1,ba,1,msk,econsci,stat,9.3,341,62
7641,1,ba,1,msk,econsci,stat,9,95,66
7642,2,ba,1,msk,econsci,stat,8.7,505,84
7643,1,ba,1,msk,econsci,stat,8.9,122,38
7644,1,ba,1,msk,econsci,stat,8.6,7,7
7645,2,ba,1,msk,econsci,stat,8.3,110,20
7646,1,ba,1,msk,econsci,stat,8.3,311,51
7647,1,ba,1,msk,econsci,stat,8.3,118,57
7648,1,ba,1,msk,econsci,stat,8.3,334,56
7649,1,ba,1,msk,econsci,stat,8.3,161,92
7650,1,ba,1,msk,econsci,stat,8.1,251,41
7651,2,ba,1,msk,econsci,stat,8.1,0,0
7652,1,ba,1,msk,econsci,stat,8,539,75
7653,1,ba,1,msk,econsci,stat,7.9,206,50
7654,1,ba,1,msk,econsci,stat,8.3,119,37
7655,1,ba,1,msk,econsci,stat,8,109,40
7656,1,ba,1,msk,econsci,stat,7.9,273,39
7657,1,ba,1,msk,econsci,stat,7.4,216,54
7658,0,ba,1,msk,econsci,stat,7.9,0,0
7659,1,ba,1,msk,econsci,stat,8,297,152
7660,1,ba,1,msk,econsci,stat,7.9,329,59
7661,2,ba,1,msk,econsci,stat,8.1,71,15
7662,2,ba,1,msk,econsci,stat,7.6,105,60
7663,1,ba,1,msk,econsci,stat,7.3,95,62
7664,2,ba,1,msk,econsci,stat,7.1,441,166
7665,1,ba,1,msk,econsci,stat,7.7,126,43
7666,1,ba,1,msk,econsci,stat,7.6,85,15
7667,2,ba,1,msk,econsci,stat,7.1,117,42
7668,1,ba,1,msk,econsci,stat,7.6,119,58
7669,1,ba,1,msk,econsci,stat,7.7,189,73
7670,2,ba,1,msk,econsci,stat,7.9,188,35
7671,1,ba,1,msk,econsci,stat,7.6,335,56
7672,1,ba,1,msk,econsci,stat,7.6,188,56
7673,1,ba,1,msk,econsci,stat,6.7,135,52
7674,1,ba,1,msk,econsci,stat,7.4,653,70
7675,0,ba,1,msk,econsci,stat,7.3,0,0
7676,2,ba,1,msk,econsci,stat,7,320,101
7677,1,ba,1,msk,econsci,stat,7.6,105,42
7678,1,ba,1,msk,econsci,stat,7,291,134
7679,1,ba,1,msk,econsci,stat,6.9,129,43
7680,1,ba,1,msk,econsci,stat,7.3,291,99
7681,1,ba,1,msk,econsci,stat,7.4,410,67
7682,1,ba,1,msk,econsci,stat,7.1,383,207
7683,1,ba,1,msk,econsci,stat,7.1,76,30
7684,1,ba,1,msk,econsci,stat,7.1,347,40
7685,1,ba,1,msk,econsci,stat,7,227,59
7686,0,ba,1,msk,econsci,stat,6.9,0,0
7687,2,ba,1,msk,econsci,stat,7,74,30
7688,1,ba,1,msk,econsci,stat,7,339,95
7689,2,ba,1,msk,econsci,stat,7.1,100,47
7690,2,ba,1,msk,econsci,stat,7.1,132,27
7691,2,ba,1,msk,econsci,stat,6.6,83,53
7692,1,ba,1,msk,econsci,stat,7,489,125
7693,1,ba,1,msk,econsci,stat,7,59,25
7694,2,ba,1,msk,econsci,stat,6.6,426,136
7695,1,ba,1,msk,econsci,stat,7,227,59
7696,1,ba,1,msk,econsci,stat,7.1,118,43
7697,1,ba,1,msk,econsci,stat,6.9,79,22
7698,2,ba,1,msk,econsci,stat,6.9,304,85
7699,2,ba,1,msk,econsci,stat,6.7,49,14
7700,1,ba,1,msk,econsci,stat,6.6,343,56
7701,0,ba,1,msk,econsci,stat,6.1,0,0
7702,2,ba,1,msk,econsci,stat,6.6,387,70
7703,1,ba,1,msk,econsci,stat,6.7,142,41
7704,1,ba,1,msk,econsci,stat,6.6,81,38
7705,1,ba,1,msk,econsci,stat,6.7,176,38
7706,1,ba,1,msk,econsci,stat,6.4,281,50
7707,1,ba,1,msk,econsci,stat,6.4,42,28
7708,2,ba,1,msk,econsci,stat,6.5,187,25
7709,2,ba,1,msk,econsci,stat,6.4,237,50
7710,1,ba,1,msk,econsci,stat,6.6,131,26
7711,1,ba,1,msk,econsci,stat,6.6,340,106
7712,2,ba,1,msk,econsci,stat,6.6,575,172
7713,1,ba,1,msk,econsci,stat,6.6,169,54
7714,1,ba,1,msk,econsci,stat,6.1,366,70
7715,1,ba,1,msk,econsci,stat,6.3,124,46
7716,2,ba,1,msk,econsci,stat,6.1,1179,181
7717,1,ba,1,msk,econsci,stat,6.6,186,49
7718,0,ba,1,msk,econsci,stat,6.1,0,0
7719,0,ba,1,msk,econsci,stat,6.1,0,0
7720,1,ba,1,msk,econsci,stat,6.4,122,40
7721,2,ba,1,msk,econsci,stat,6.1,297,67
7722,0,ba,1,msk,econsci,stat,5.7,0,0
7723,1,ba,1,msk,econsci,stat,6.1,260,60
7724,1,ba,1,msk,econsci,stat,5.9,110,24
7725,1,ba,1,msk,econsci,stat,6.6,194,63
7726,1,ba,1,msk,econsci,stat,6.1,433,50
7727,1,ba,1,msk,econsci,stat,5.9,191,74
7728,2,ba,1,msk,econsci,stat,5.7,0,0
7729,1,ba,1,msk,econsci,stat,5.9,209,26
7730,1,ba,1,msk,econsci,stat,6.3,383,117
7731,1,ba,1,msk,econsci,stat,6.1,47,19
7732,2,ba,1,msk,econsci,stat,7,84,14
7733,1,ba,1,msk,econsci,stat,6.1,234,43
7734,1,ba,1,msk,econsci,stat,6.3,327,34
7735,1,ba,1,msk,econsci,stat,6.3,80,25
7736,1,ba,1,msk,econsci,stat,6.1,133,38
7737,2,ba,1,msk,econsci,stat,5.9,67,30
7738,2,ba,1,msk,econsci,stat,6.3,160,22
7739,1,ba,1,msk,econsci,stat,5.9,95,59
7740,2,ba,1,msk,econsci,stat,5.6,32,19
7741,0,ba,1,msk,econsci,stat,6.3,0,0
7742,2,ba,1,msk,econsci,stat,6.1,83,36
7743,1,ba,1,msk,econsci,stat,6,100,51
7744,1,ba,1,msk,econsci,stat,5.7,211,78
7745,2,ba,1,msk,econsci,stat,5.6,58,37
7746,2,ba,1,msk,econsci,stat,6.2,155,65
7747,1,ba,1,msk,econsci,stat,5.9,292,79
7748,2,ba,1,msk,econsci,stat,5.7,98,16
7749,2,ba,1,msk,econsci,stat,5.9,181,87
7750,2,ba,1,msk,econsci,stat,6.3,127,48
7751,2,ba,1,msk,econsci,stat,5.6,147,42
7752,1,ba,1,msk,econsci,stat,5.7,101,36
7753,2,ba,1,msk,econsci,stat,5.7,343,69
7754,2,ba,1,msk,econsci,stat,5.4,395,57
7755,0,ba,1,msk,econsci,stat,5.1,0,0
7756,2,ba,1,msk,econsci,stat,5,177,17
7757,2,ba,1,msk,econsci,stat,4.6,84,39
7758,0,ba,1,msk,econsci,stat,4.9,0,0
7759,2,ba,1,msk,econsci,stat,7.2,168,8
7760,2,ba,1,msk,econsci,stat,4.6,256,36
7761,2,ba,1,msk,econsci,stat,4.4,119,54
7762,2,ba,1,msk,econsci,stat,5.8,161,44
7763,0,ba,1,msk,econsci,stat,4.2,0,0
7764,2,ba,1,msk,econsci,stat,2.4,148,17
7765,1,ba,1,msk,wordecon,we,9.8,241,67
7766,1,ba,1,msk,wordecon,we,9.5,89,59
7767,2,ba,1,msk,wordecon,we,9.5,103,33
7768,2,ba,1,msk,wordecon,we,9.5,320,150
7769,1,ba,1,msk,wordecon,we,9.5,169,50
7770,1,ba,1,msk,wordecon,we,9.5,260,79
7771,1,ba,1,msk,wordecon,we,9.5,191,61
7772,1,ba,1,msk,wordecon,we,9.5,172,79
7773,1,ba,1,msk,wordecon,we,9.5,59,43
7774,2,ba,1,msk,wordecon,we,9.5,188,56
7775,2,ba,1,msk,wordecon,we,9.2,155,37
7776,2,ba,1,msk,wordecon,we,8.8,45,38
7777,1,ba,1,msk,wordecon,we,9.2,291,69
7778,1,ba,1,msk,wordecon,we,9.2,135,61
7779,1,ba,1,msk,wordecon,we,9.2,114,53
7780,1,ba,1,msk,wordecon,we,9.2,177,67
7781,1,ba,1,msk,wordecon,we,9.2,69,26
7782,2,ba,1,msk,wordecon,we,9.2,135,43
7783,1,ba,1,msk,wordecon,we,9.2,172,73
7784,1,ba,1,msk,wordecon,we,9.2,79,58
7785,0,ba,1,msk,wordecon,we,9,0,0
7786,1,ba,1,msk,wordecon,we,9,131,52
7787,1,ba,1,msk,wordecon,we,9,159,74
7788,2,ba,1,msk,wordecon,we,8.8,171,93
7789,2,ba,1,msk,wordecon,we,8.2,221,51
7790,2,ba,1,msk,wordecon,we,9,193,64
7791,1,ba,1,msk,wordecon,we,9,328,105
7792,1,ba,1,msk,wordecon,we,8.8,254,63
7793,1,ba,1,msk,wordecon,we,8.8,212,61
7794,1,ba,1,msk,wordecon,we,8.8,199,59
7795,1,ba,1,msk,wordecon,we,8.8,87,39
7796,2,ba,1,msk,wordecon,we,9,81,32
7797,1,ba,1,msk,wordecon,we,8.8,394,71
7798,1,ba,1,msk,wordecon,we,8.8,255,69
7799,1,ba,1,msk,wordecon,we,8.8,148,72
7800,1,ba,1,msk,wordecon,we,8.8,513,109
7801,1,ba,1,msk,wordecon,we,8.8,193,54
7802,1,ba,1,msk,wordecon,we,8.8,281,92
7803,1,ba,1,msk,wordecon,we,8.8,224,45
7804,2,ba,1,msk,wordecon,we,8.5,125,51
7805,2,ba,1,msk,wordecon,we,8.2,162,106
7806,1,ba,1,msk,wordecon,we,8.2,233,53
7807,1,ba,1,msk,wordecon,we,8.8,83,39
7808,1,ba,1,msk,wordecon,we,8.5,344,83
7809,0,ba,1,msk,wordecon,we,8.5,0,0
7810,2,ba,1,msk,wordecon,we,8.5,219,82
7811,1,ba,1,msk,wordecon,we,8.5,235,33
7812,1,ba,1,msk,wordecon,we,8.5,116,36
7813,2,ba,1,msk,wordecon,we,8.2,188,52
7814,2,ba,1,msk,wordecon,we,8.2,448,145
7815,1,ba,1,msk,wordecon,we,8.8,304,74
7816,1,ba,1,msk,wordecon,we,8.5,161,104
7817,2,ba,1,msk,wordecon,we,8.2,75,46
7818,1,ba,1,msk,wordecon,we,8.2,594,58
7819,1,ba,1,msk,wordecon,we,8.2,214,52
7820,1,ba,1,msk,wordecon,we,8.2,271,93
7821,2,ba,1,msk,wordecon,we,8.2,223,143
7822,1,ba,1,msk,wordecon,we,8.2,532,123
7823,2,ba,1,msk,wordecon,we,8.2,188,86
7824,1,ba,1,msk,wordecon,we,8.2,177,65
7825,1,ba,1,msk,wordecon,we,8,90,29
7826,1,ba,1,msk,wordecon,we,8,100,18
7827,2,ba,1,msk,wordecon,we,8,433,75
7828,0,ba,1,msk,wordecon,we,8.5,0,0
7829,1,ba,1,msk,wordecon,we,8.2,3602,75
7830,2,ba,1,msk,wordecon,we,8.2,92,43
7831,1,ba,1,msk,wordecon,we,8.2,93,29
7832,1,ba,1,msk,wordecon,we,8.2,147,40
7833,2,ba,1,msk,wordecon,we,8.2,146,102
7834,1,ba,1,msk,wordecon,we,8.2,102,51
7835,1,ba,1,msk,wordecon,we,8,156,58
7836,1,ba,1,msk,wordecon,we,8,250,57
7837,1,ba,1,msk,wordecon,we,8,184,92
7838,2,ba,1,msk,wordecon,we,7.8,99,57
7839,1,ba,1,msk,wordecon,we,7.8,198,39
7840,1,ba,1,msk,wordecon,we,8.2,478,149
7841,1,ba,1,msk,wordecon,we,8,48,22
7842,1,ba,1,msk,wordecon,we,8.2,90,47
7843,1,ba,1,msk,wordecon,we,8.2,161,65
7844,1,ba,1,msk,wordecon,we,8,456,81
7845,2,ba,1,msk,wordecon,we,7.8,310,90
7846,2,ba,1,msk,wordecon,we,7.8,255,51
7847,1,ba,1,msk,wordecon,we,8,207,59
7848,1,ba,1,msk,wordecon,we,8,148,63
7849,1,ba,1,msk,wordecon,we,7.5,105,56
7850,1,ba,1,msk,wordecon,we,7.2,209,38
7851,1,ba,1,msk,wordecon,we,7.2,131,47
7852,1,ba,1,msk,wordecon,we,7.2,59,37
7853,1,ba,1,msk,wordecon,we,8,233,72
7854,2,ba,1,msk,wordecon,we,8,109,57
7855,1,ba,1,msk,wordecon,we,7.8,220,83
7856,2,ba,1,msk,wordecon,we,7.5,69,26
7857,1,ba,1,msk,wordecon,we,8,253,116
7858,1,ba,1,msk,wordecon,we,7.8,567,60
7859,2,ba,1,msk,wordecon,we,7.8,96,27
7860,1,ba,1,msk,wordecon,we,7.8,137,58
7861,1,ba,1,msk,wordecon,we,7.5,318,91
7862,0,ba,1,msk,wordecon,we,7.8,0,0
7863,2,ba,1,msk,wordecon,we,7.5,117,35
7864,1,ba,1,msk,wordecon,we,7,55,29
7865,2,ba,1,msk,wordecon,we,6.8,246,69
7866,2,ba,1,msk,wordecon,we,8,199,60
7867,1,ba,1,msk,wordecon,we,7.2,464,67
7868,2,ba,1,msk,wordecon,we,6.8,289,30
7869,1,ba,1,msk,wordecon,we,6.5,178,58
7870,0,ba,1,msk,wordecon,we,7.4,0,0
7871,2,ba,1,msk,wordecon,we,6.8,176,48
7872,1,ba,1,msk,wordecon,we,7,95,47
7873,2,ba,1,msk,wordecon,we,6.8,203,39
7874,0,ba,1,msk,wordecon,we,6.8,0,0
7875,2,ba,1,msk,wordecon,we,6.5,184,27
7876,2,ba,1,msk,wordecon,we,7,149,54
7877,2,ba,1,msk,wordecon,we,7,154,50
7878,0,ba,1,msk,wordecon,we,6.5,0,0
7879,1,ba,1,msk,wordecon,we,6.8,181,35
7880,2,ba,1,msk,wordecon,we,6,302,61
7881,0,ba,1,msk,wordecon,we,6,0,0
7882,2,ba,1,msk,wordecon,we,6.2,263,19
7883,2,ba,1,msk,wordecon,we,6.2,76,7
7884,2,ba,1,msk,wordecon,we,6.2,181,40
7885,2,ba,1,msk,wordecon,we,6.5,101,28
7886,2,ba,1,msk,wordecon,we,6.2,284,95
7887,2,ba,1,msk,wordecon,we,5.8,462,67
7888,0,ba,1,msk,wordecon,we,7.2,0,0
7889,2,ba,1,msk,wordecon,we,5,52,19
7890,2,ba,1,msk,wordecon,we,6,178,53
7891,2,ba,1,msk,wordecon,we,4.8,84,32
7892,0,ba,1,msk,wordecon,we,5.8,0,0
7893,0,ba,1,msk,wordecon,we,6.2,0,0
7894,2,ba,1,msk,wordecon,we,5,238,38
7895,2,ba,1,msk,wordecon,we,4.8,143,51
7896,1,ba,1,msk,wordecon,we,6.5,42,27
7897,0,ba,1,msk,wordecon,we,6,0,0
7898,0,ba,1,msk,humanities,histart,9.1,0,0
7899,1,ba,1,msk,humanities,histart,8.9,194,51
7900,1,ba,1,msk,humanities,histart,8.7,169,6
7901,1,ba,1,msk,humanities,histart,8.6,120,42
7902,1,ba,1,msk,humanities,histart,8.3,126,34
7903,1,ba,1,msk,humanities,histart,8.1,202,7
7904,1,ba,1,msk,humanities,histart,7.9,132,38
7905,2,ba,1,msk,humanities,histart,7.6,493,109
7906,2,ba,1,msk,humanities,histart,7.9,300,59
7907,1,ba,1,msk,humanities,histart,7.7,93,34
7908,1,ba,1,msk,humanities,histart,7.7,157,23
7909,1,ba,1,msk,humanities,histart,7.6,79,34
7910,1,ba,1,msk,humanities,histart,7.6,210,51
7911,1,ba,1,msk,humanities,histart,7.6,166,34
7912,0,ba,1,msk,humanities,histart,7.6,0,0
7913,1,ba,1,msk,humanities,histart,7.4,136,34
7914,1,ba,1,msk,humanities,histart,7.3,139,52
7915,1,ba,1,msk,humanities,histart,7.4,84,20
7916,2,ba,1,msk,humanities,histart,7.1,117,28
7917,1,ba,1,msk,humanities,histart,7.4,140,29
7918,1,ba,1,msk,humanities,histart,7.4,280,40
7919,1,ba,1,msk,humanities,histart,7.3,103,31
7920,1,ba,1,msk,humanities,histart,7,397,33
7921,1,ba,1,msk,humanities,histart,7,142,23
7922,1,ba,1,msk,humanities,histart,7.1,2,0
7923,1,ba,1,msk,humanities,histart,6.9,167,43
7924,1,ba,1,msk,humanities,histart,6.9,58,18
7925,1,ba,1,msk,humanities,histart,6.7,196,83
7926,1,ba,1,msk,humanities,histart,6.7,260,62
7927,1,ba,1,msk,humanities,histart,6.9,221,35
7928,1,ba,1,msk,humanities,histart,6.9,99,21
7929,1,ba,1,msk,humanities,histart,7,194,0
7930,1,ba,1,msk,humanities,histart,6.7,365,7
7931,1,ba,1,msk,humanities,histart,6.4,117,54
7932,1,ba,1,msk,humanities,histart,6.6,161,19
7933,0,ba,1,msk,humanities,histart,6.4,0,0
7934,1,ba,1,msk,humanities,histart,6.4,113,35
7935,1,ba,1,msk,humanities,histart,6.1,42,12
7936,1,ba,1,msk,humanities,histart,5.7,37,19
7937,1,ba,1,msk,humanities,histart,6.1,174,33
7938,0,ba,1,msk,humanities,histart,5.9,0,0
7939,2,ba,1,msk,humanities,histart,5.6,402,26
7940,1,ba,1,msk,humanities,lang,9.7,179,54
7941,1,ba,1,msk,humanities,lang,9.6,199,38
7942,1,ba,1,msk,humanities,lang,9.7,215,43
7943,1,ba,1,msk,humanities,lang,9.7,120,26
7944,1,ba,1,msk,humanities,lang,9.4,126,24
7945,1,ba,1,msk,humanities,lang,9.2,160,50
7946,1,ba,1,msk,humanities,lang,9.2,91,45
7947,1,ba,1,msk,humanities,lang,9.4,151,40
7948,1,ba,1,msk,humanities,lang,9.3,252,45
7949,1,ba,1,msk,humanities,lang,9.2,66,29
7950,1,ba,1,msk,humanities,lang,9.2,156,19
7951,1,ba,1,msk,humanities,lang,9.2,169,44
7952,0,ba,1,msk,humanities,lang,8.9,0,0
7953,1,ba,1,msk,humanities,lang,9.1,367,57
7954,1,ba,1,msk,humanities,lang,9.1,228,69
7955,2,ba,1,msk,humanities,lang,9,90,30
7956,0,ba,1,msk,humanities,lang,9,0,0
7957,1,ba,1,msk,humanities,lang,9,139,26
7958,1,ba,1,msk,humanities,lang,8.7,62,33
7959,1,ba,1,msk,humanities,lang,9.2,23,13
7960,2,ba,1,msk,humanities,lang,9.1,259,38
7961,1,ba,1,msk,humanities,lang,9.1,187,52
7962,1,ba,1,msk,humanities,lang,9.1,343,138
7963,1,ba,1,msk,humanities,lang,8.9,72,21
7964,1,ba,1,msk,humanities,lang,8.9,121,43
7965,1,ba,1,msk,humanities,lang,8.8,55,25
7966,1,ba,1,msk,humanities,lang,9,104,20
7967,1,ba,1,msk,humanities,lang,8.9,46,24
7968,0,ba,1,msk,humanities,lang,8.8,0,0
7969,1,ba,1,msk,humanities,lang,8.9,162,41
7970,1,ba,1,msk,humanities,lang,8.8,2,0
7971,2,ba,1,msk,humanities,lang,9,132,43
7972,2,ba,1,msk,humanities,lang,8.8,155,63
7973,1,ba,1,msk,humanities,lang,8.6,59,17
7974,1,ba,1,msk,humanities,lang,8.9,354,82
7975,1,ba,1,msk,humanities,lang,8.8,199,47
7976,1,ba,1,msk,humanities,lang,8.8,127,23
7977,1,ba,1,msk,humanities,lang,8.8,215,42
7978,1,ba,1,msk,humanities,lang,8.6,150,36
7979,0,ba,1,msk,humanities,lang,8.7,0,0
7980,0,ba,1,msk,humanities,lang,8.9,0,0
7981,0,ba,1,msk,humanities,lang,8.7,0,0
7982,1,ba,1,msk,humanities,lang,8.7,68,27
7983,1,ba,1,msk,humanities,lang,8.6,402,69
7984,1,ba,1,msk,humanities,lang,8.6,111,28
7985,1,ba,1,msk,humanities,lang,8.6,84,33
7986,1,ba,1,msk,humanities,lang,8.3,173,36
7987,0,ba,1,msk,humanities,lang,8.1,0,0
7988,1,ba,1,msk,humanities,lang,8.7,280,39
7989,1,ba,1,msk,humanities,lang,8.6,40,21
7990,1,ba,1,msk,humanities,lang,8.4,226,64
7991,1,ba,1,msk,humanities,lang,8.3,70,25
7992,1,ba,1,msk,humanities,lang,8.1,196,34
7993,1,ba,1,msk,humanities,lang,8.8,144,38
7994,1,ba,1,msk,humanities,lang,8.2,145,24
7995,1,ba,1,msk,humanities,lang,8.7,151,15
7996,1,ba,1,msk,humanities,lang,8.6,112,26
7997,0,ba,1,msk,humanities,lang,8,0,0
7998,1,ba,1,msk,humanities,lang,8.6,31,11
7999,1,ba,1,msk,humanities,lang,8.4,154,42
8000,1,ba,1,msk,humanities,lang,8.2,170,49
8001,1,ba,1,msk,humanities,lang,8.1,499,46
8002,1,ba,1,msk,humanities,lang,8.3,91,58
8003,1,ba,1,msk,humanities,lang,8.1,253,24
8004,1,ba,1,msk,humanities,lang,8.1,236,43
8005,1,ba,1,msk,humanities,lang,8.6,132,33
8006,1,ba,1,msk,humanities,lang,8.3,91,23
8007,1,ba,1,msk,humanities,lang,8.1,116,28
8008,2,ba,1,msk,humanities,lang,7.9,62,33
8009,1,ba,1,msk,humanities,lang,7.9,120,17
8010,2,ba,1,msk,humanities,lang,8.3,284,91
8011,1,ba,1,msk,humanities,lang,8.2,81,35
8012,0,ba,1,msk,humanities,lang,8.3,0,0
8013,1,ba,1,msk,humanities,lang,8.2,65,26
8014,1,ba,1,msk,humanities,lang,7.9,276,59
8015,0,ba,1,msk,humanities,lang,8.2,0,0
8016,1,ba,1,msk,humanities,lang,8,202,44
8017,0,ba,1,msk,humanities,lang,8,0,0
8018,1,ba,1,msk,humanities,lang,8,102,35
8019,1,ba,1,msk,humanities,lang,8,130,36
8020,1,ba,1,msk,humanities,lang,7.9,129,21
8021,1,ba,1,msk,humanities,lang,7.9,59,19
8022,1,ba,1,msk,humanities,lang,7.8,7,7
8023,1,ba,1,msk,humanities,lang,7.7,107,23
8024,1,ba,1,msk,humanities,lang,8,205,34
8025,1,ba,1,msk,humanities,lang,7.9,169,27
8026,1,ba,1,msk,humanities,lang,8,222,30
8027,0,ba,1,msk,humanities,lang,8,0,0
8028,0,ba,1,msk,humanities,lang,7.8,0,0
8029,1,ba,1,msk,humanities,lang,7.7,194,58
8030,1,ba,1,msk,humanities,lang,7.9,306,30
8031,1,ba,1,msk,humanities,lang,7.8,156,28
8032,1,ba,1,msk,humanities,lang,7.7,163,47
8033,1,ba,1,msk,humanities,lang,7.7,134,31
8034,1,ba,1,msk,humanities,lang,8.1,48,17
8035,1,ba,1,msk,humanities,lang,8,221,70
8036,1,ba,1,msk,humanities,lang,7.9,135,26
8037,0,ba,1,msk,humanities,lang,7.8,0,0
8038,1,ba,1,msk,humanities,lang,7.6,204,59
8039,1,ba,1,msk,humanities,lang,8.4,0,0
8040,1,ba,1,msk,humanities,lang,7.6,119,39
8041,1,ba,1,msk,humanities,lang,7.4,247,44
8042,2,ba,1,msk,humanities,lang,8.2,10,5
8043,1,ba,1,msk,humanities,lang,7.9,203,38
8044,1,ba,1,msk,humanities,lang,7.8,98,22
8045,0,ba,1,msk,humanities,lang,7.4,0,0
8046,2,ba,1,msk,humanities,lang,7.9,218,71
8047,1,ba,1,msk,humanities,lang,7.9,108,16
8048,1,ba,1,msk,humanities,lang,7.8,104,33
8049,1,ba,1,msk,humanities,lang,7.7,132,27
8050,1,ba,1,msk,humanities,lang,7.4,149,22
8051,1,ba,1,msk,humanities,lang,7.3,66,12
8052,0,ba,1,msk,humanities,lang,7.9,0,0
8053,1,ba,1,msk,humanities,lang,7.8,105,40
8054,1,ba,1,msk,humanities,lang,7.7,74,21
8055,1,ba,1,msk,humanities,lang,7.6,490,49
8056,1,ba,1,msk,humanities,lang,7.6,112,21
8057,2,ba,1,msk,humanities,lang,7.4,145,30
8058,1,ba,1,msk,humanities,lang,7.8,0,0
8059,1,ba,1,msk,humanities,lang,7.7,258,104
8060,1,ba,1,msk,humanities,lang,7.7,171,37
8061,0,ba,1,msk,humanities,lang,7.6,0,0
8062,1,ba,1,msk,humanities,lang,7.4,442,5
8063,1,ba,1,msk,humanities,lang,7.5,177,35
8064,1,ba,1,msk,humanities,lang,7,253,24
8065,1,ba,1,msk,humanities,lang,7.9,65,32
8066,1,ba,1,msk,humanities,lang,7.8,88,43
8067,1,ba,1,msk,humanities,lang,7.7,134,22
8068,1,ba,1,msk,humanities,lang,7.2,181,51
8069,2,ba,1,msk,humanities,lang,7.8,91,37
8070,1,ba,1,msk,humanities,lang,7.7,347,63
8071,1,ba,1,msk,humanities,lang,6.9,86,8
8072,2,ba,1,msk,humanities,lang,7.9,130,58
8073,0,ba,1,msk,humanities,lang,7.9,0,0
8074,1,ba,1,msk,humanities,lang,7.6,172,42
8075,1,ba,1,msk,humanities,lang,7.3,103,27
8076,2,ba,1,msk,humanities,lang,7.2,213,40
8077,1,ba,1,msk,humanities,lang,7.6,207,29
8078,1,ba,1,msk,humanities,lang,7.6,229,132
8079,1,ba,1,msk,humanities,lang,7.4,28,14
8080,1,ba,1,msk,humanities,lang,7.1,313,59
8081,1,ba,1,msk,humanities,lang,7.4,248,30
8082,1,ba,1,msk,humanities,lang,7.2,0,0
8083,1,ba,1,msk,humanities,lang,7.2,137,39
8084,1,ba,1,msk,humanities,lang,7.1,435,67
8085,2,ba,1,msk,humanities,lang,7.4,119,21
8086,1,ba,1,msk,humanities,lang,7.2,406,18
8087,1,ba,1,msk,humanities,lang,6.7,431,51
8088,1,ba,1,msk,humanities,lang,7.4,182,44
8089,1,ba,1,msk,humanities,lang,7.4,938,103
8090,2,ba,1,msk,humanities,lang,7,60,20
8091,0,ba,1,msk,humanities,lang,6.8,0,0
8092,1,ba,1,msk,humanities,lang,7.7,822,60
8093,1,ba,1,msk,humanities,lang,7.4,247,54
8094,0,ba,1,msk,humanities,lang,7.3,0,0
8095,0,ba,1,msk,humanities,lang,7.3,0,0
8096,1,ba,1,msk,humanities,lang,7.2,421,39
8097,1,ba,1,msk,humanities,lang,6.4,160,22
8098,1,ba,1,msk,humanities,lang,7.7,551,180
8099,1,ba,1,msk,humanities,lang,7.2,195,40
8100,1,ba,1,msk,humanities,lang,7.3,104,23
8101,1,ba,1,msk,humanities,lang,7.3,537,31
8102,1,ba,1,msk,humanities,lang,7.1,240,29
8103,1,ba,1,msk,humanities,lang,7,182,42
8104,0,ba,1,msk,humanities,lang,7.1,0,0
8105,1,ba,1,msk,humanities,lang,7.1,240,30
8106,1,ba,1,msk,humanities,lang,6.7,64,13
8107,0,ba,1,msk,humanities,lang,6.7,0,0
8108,1,ba,1,msk,humanities,lang,7.2,103,19
8109,2,ba,1,msk,humanities,lang,7,84,20
8110,1,ba,1,msk,humanities,lang,6.9,170,24
8111,1,ba,1,msk,humanities,lang,7.1,70,19
8112,1,ba,1,msk,humanities,lang,6.9,78,41
8113,2,ba,1,msk,humanities,lang,7,185,30
8114,2,ba,1,msk,humanities,lang,6.6,109,21
8115,2,ba,1,msk,humanities,lang,6.9,275,82
8116,2,ba,1,msk,humanities,lang,6.8,3,3
8117,1,ba,1,msk,humanities,lang,6.6,262,34
8118,1,ba,1,msk,humanities,lang,6.9,54,15
8119,1,ba,1,msk,humanities,lang,6.8,131,43
8120,0,ba,1,msk,humanities,lang,6.8,0,0
8121,1,ba,1,msk,humanities,lang,7.3,197,48
8122,1,ba,1,msk,humanities,lang,7.3,140,94
8123,1,ba,1,msk,humanities,lang,6.8,56,25
8124,2,ba,1,msk,humanities,lang,6.8,124,50
8125,0,ba,1,msk,humanities,lang,6.6,0,0
8126,1,ba,1,msk,humanities,lang,6,68,21
8127,1,ba,1,msk,humanities,lang,6.7,42,15
8128,1,ba,1,msk,humanities,lang,6.7,626,45
8129,1,ba,1,msk,humanities,lang,6.3,41,18
8130,0,ba,1,msk,humanities,lang,6.1,0,0
8131,0,ba,1,msk,humanities,lang,5.9,0,0
8132,0,ba,1,msk,humanities,lang,6.1,0,0
8133,1,ba,1,msk,humanities,lang,6.4,81,20
8134,1,ba,1,msk,humanities,lang,6.2,139,24
8135,2,ba,1,msk,humanities,lang,6,25,20
8136,2,ba,1,msk,humanities,lang,6.3,131,45
8137,0,ba,1,msk,humanities,lang,6.2,0,0
8138,1,ba,1,msk,humanities,lang,5.7,141,39
8139,1,ba,1,msk,humanities,lang,6.1,128,26
8140,2,ba,1,msk,humanities,lang,6.1,29,8
8141,1,ba,1,msk,humanities,lang,5.9,84,18
8142,2,ba,1,msk,humanities,lang,5.7,262,124
8143,2,ba,1,msk,humanities,lang,5.9,56,13
8144,2,ba,1,msk,humanities,lang,5.3,143,26
8145,2,ba,1,msk,humanities,lang,5.1,105,29
8146,1,ba,1,msk,humanities,lang,5.4,32,21
8147,2,ba,1,msk,humanities,lang,5.4,143,63
8148,0,ba,1,msk,humanities,lang,4.4,0,0
8149,1,ba,1,msk,humanities,lang,4.7,281,39
8150,1,ba,1,msk,humanities,lang,6.3,56,12
8151,0,ba,1,msk,humanities,lang,0,0,0
8152,1,ba,1,msk,mediades,media,9.7,257,67
8153,2,ba,1,msk,mediades,media,9.6,52,29
8154,1,ba,1,msk,mediades,media,9.6,461,168
8155,1,ba,1,msk,mediades,media,9.6,135,68
8156,1,ba,1,msk,mediades,media,9.6,217,43
8157,1,ba,1,msk,mediades,media,9.4,121,36
8158,1,ba,1,msk,mediades,media,9.4,1078,145
8159,1,ba,1,msk,mediades,media,9.3,92,44
8160,1,ba,1,msk,mediades,media,9.4,67,16
8161,1,ba,1,msk,mediades,media,9.4,58,30
8162,1,ba,1,msk,mediades,media,9.4,335,52
8163,1,ba,1,msk,mediades,media,9.3,377,87
8164,1,ba,1,msk,mediades,media,9.1,676,225
8165,1,ba,1,msk,mediades,media,9.3,754,50
8166,1,ba,1,msk,mediades,media,9.3,374,115
8167,2,ba,1,msk,mediades,media,9.3,38,22
8168,1,ba,1,msk,mediades,media,9.1,99,33
8169,1,ba,1,msk,mediades,media,9.1,301,114
8170,1,ba,1,msk,mediades,media,9.4,218,70
8171,1,ba,1,msk,mediades,media,9.3,264,39
8172,1,ba,1,msk,mediades,media,9,215,42
8173,1,ba,1,msk,mediades,media,9.2,351,95
8174,0,ba,1,msk,mediades,media,9.1,0,0
8175,1,ba,1,msk,mediades,media,9,282,56
8176,1,ba,1,msk,mediades,media,9,189,27
8177,1,ba,1,msk,mediades,media,9,278,116
8178,2,ba,1,msk,mediades,media,9,284,47
8179,1,ba,1,msk,mediades,media,9,393,101
8180,1,ba,1,msk,mediades,media,8.9,258,60
8181,2,ba,1,msk,mediades,media,8.9,186,44
8182,0,ba,1,msk,mediades,media,8.9,0,0
8183,1,ba,1,msk,mediades,media,8.9,54,22
8184,1,ba,1,msk,mediades,media,8.9,475,63
8185,1,ba,1,msk,mediades,media,8.7,837,7
8186,1,ba,1,msk,mediades,media,9,120,20
8187,1,ba,1,msk,mediades,media,9.1,98,32
8188,1,ba,1,msk,mediades,media,9.1,156,57
8189,1,ba,1,msk,mediades,media,9,266,62
8190,1,ba,1,msk,mediades,media,8.7,302,70
8191,1,ba,1,msk,mediades,media,8.6,296,87
8192,1,ba,1,msk,mediades,media,8.6,120,45
8193,1,ba,1,msk,mediades,media,8.9,167,46
8194,1,ba,1,msk,mediades,media,8.7,511,50
8195,1,ba,1,msk,mediades,media,8.4,67,17
8196,1,ba,1,msk,mediades,media,8.6,250,72
8197,1,ba,1,msk,mediades,media,8.6,193,42
8198,1,ba,1,msk,mediades,media,8.6,169,50
8199,1,ba,1,msk,mediades,media,8.6,311,76
8200,1,ba,1,msk,mediades,media,8.6,311,75
8201,1,ba,1,msk,mediades,media,8.4,70,21
8202,1,ba,1,msk,mediades,media,8.3,881,193
8203,1,ba,1,msk,mediades,media,8.6,96,25
8204,1,ba,1,msk,mediades,media,8.6,79,36
8205,1,ba,1,msk,mediades,media,8.6,346,44
8206,0,ba,1,msk,mediades,media,8.4,0,0
8207,1,ba,1,msk,mediades,media,8.6,505,64
8208,1,ba,1,msk,mediades,media,8.6,222,29
8209,1,ba,1,msk,mediades,media,8.4,185,69
8210,0,ba,1,msk,mediades,media,8.4,0,0
8211,0,ba,1,msk,mediades,media,8.4,0,0
8212,0,ba,1,msk,mediades,media,8.6,0,0
8213,1,ba,1,msk,mediades,media,8.4,139,28
8214,0,ba,1,msk,mediades,media,8.3,0,0
8215,1,ba,1,msk,mediades,media,8.4,75,27
8216,1,ba,1,msk,mediades,media,8.3,86,15
8217,1,ba,1,msk,mediades,media,8.3,308,64
8218,1,ba,1,msk,mediades,media,8.3,160,60
8219,1,ba,1,msk,mediades,media,8.3,100,35
8220,2,ba,1,msk,mediades,media,8,149,47
8221,1,ba,1,msk,mediades,media,8.1,217,24
8222,1,ba,1,msk,mediades,media,8,270,49
8223,1,ba,1,msk,mediades,media,8.4,210,88
8224,1,ba,1,msk,mediades,media,8.4,488,58
8225,1,ba,1,msk,mediades,media,8.3,164,52
8226,2,ba,1,msk,mediades,media,8.1,160,68
8227,2,ba,1,msk,mediades,media,8.4,92,9
8228,1,ba,1,msk,mediades,media,8.3,105,3
8229,2,ba,1,msk,mediades,media,8.3,149,55
8230,1,ba,1,msk,mediades,media,8.3,340,128
8231,1,ba,1,msk,mediades,media,8.1,16,0
8232,0,ba,1,msk,mediades,media,8.1,0,0
8233,1,ba,1,msk,mediades,media,7.9,1081,62
8234,1,ba,1,msk,mediades,media,8.3,293,60
8235,1,ba,1,msk,mediades,media,8.1,158,42
8236,0,ba,1,msk,mediades,media,8,0,0
8237,0,ba,1,msk,mediades,media,8,0,0
8238,1,ba,1,msk,mediades,media,7.7,334,65
8239,1,ba,1,msk,mediades,media,8,344,80
8240,1,ba,1,msk,mediades,media,8,86,17
8241,1,ba,1,msk,mediades,media,7.9,171,83
8242,1,ba,1,msk,mediades,media,7.7,97,33
8243,2,ba,1,msk,mediades,media,7.6,94,18
8244,0,ba,1,msk,mediades,media,8.1,0,0
8245,1,ba,1,msk,mediades,media,7.9,664,65
8246,1,ba,1,msk,mediades,media,7.9,51,23
8247,1,ba,1,msk,mediades,media,7.9,483,55
8248,1,ba,1,msk,mediades,media,7.9,167,31
8249,1,ba,1,msk,mediades,media,7.7,0,0
8250,1,ba,1,msk,mediades,media,7.7,97,20
8251,2,ba,1,msk,mediades,media,7.6,513,56
8252,1,ba,1,msk,mediades,media,7.7,267,59
8253,1,ba,1,msk,mediades,media,7.6,63,19
8254,0,ba,1,msk,mediades,media,7.3,0,0
8255,1,ba,1,msk,mediades,media,7.4,79,9
8256,1,ba,1,msk,mediades,media,7.9,143,35
8257,2,ba,1,msk,mediades,media,7.6,447,72
8258,1,ba,1,msk,mediades,media,7.6,241,50
8259,2,ba,1,msk,mediades,media,7.2,103,33
8260,1,ba,1,msk,mediades,media,7.3,184,28
8261,2,ba,1,msk,mediades,media,7.1,130,31
8262,1,ba,1,msk,mediades,media,7,125,28
8263,2,ba,1,msk,mediades,media,7.5,29,18
8264,2,ba,1,msk,mediades,media,7.1,169,14
8265,1,ba,1,msk,mediades,media,7,254,72
8266,1,ba,1,msk,mediades,media,6.9,300,54
8267,0,ba,1,msk,mediades,media,6.3,0,0
8268,1,ba,2,msk,mediades,ad,9.7,512,200
8269,1,ba,2,msk,mediades,ad,9.3,433,87
8270,1,ba,2,msk,mediades,ad,9.1,458,164
8271,1,ba,2,msk,mediades,ad,9,372,83
8272,1,ba,2,msk,mediades,ad,9,107,47
8273,1,ba,2,msk,mediades,ad,9.1,322,90
8274,1,ba,2,msk,mediades,ad,8.9,181,58
8275,1,ba,2,msk,mediades,ad,8.9,157,53
8276,1,ba,2,msk,mediades,ad,8.7,371,65
8277,1,ba,2,msk,mediades,ad,8.5,279,139
8278,1,ba,2,msk,mediades,ad,8.7,112,59
8279,1,ba,2,msk,mediades,ad,8.7,316,73
8280,1,ba,2,msk,mediades,ad,8.5,272,85
8281,1,ba,2,msk,mediades,ad,8.6,816,171
8282,1,ba,2,msk,mediades,ad,8.3,736,57
8283,1,ba,2,msk,mediades,ad,8.3,174,54
8284,1,ba,2,msk,mediades,ad,8.3,214,68
8285,1,ba,2,msk,mediades,ad,8.3,105,38
8286,1,ba,2,msk,mediades,ad,8.1,207,61
8287,1,ba,2,msk,mediades,ad,8.3,173,28
8288,1,ba,2,msk,mediades,ad,8.2,430,153
8289,1,ba,2,msk,mediades,ad,7.9,155,40
8290,1,ba,2,msk,mediades,ad,8.3,203,100
8291,1,ba,2,msk,mediades,ad,8,92,35
8292,1,ba,2,msk,mediades,ad,8.3,343,159
8293,1,ba,2,msk,mediades,ad,8,786,173
8294,1,ba,2,msk,mediades,ad,7.8,159,41
8295,0,ba,2,msk,mediades,ad,8.1,0,0
8296,1,ba,2,msk,mediades,ad,7.9,382,103
8297,1,ba,2,msk,mediades,ad,7.7,327,72
8298,0,ba,2,msk,mediades,ad,7.9,0,0
8299,1,ba,2,msk,mediades,ad,7.7,313,100
8300,2,ba,2,msk,mediades,ad,7.7,218,76
8301,1,ba,2,msk,mediades,ad,7.5,252,75
8302,0,ba,2,msk,mediades,ad,7.5,0,0
8303,1,ba,2,msk,mediades,ad,7.5,233,72
8304,1,ba,2,msk,mediades,ad,7.5,1109,125
8305,1,ba,2,msk,mediades,ad,7.5,423,74
8306,0,ba,2,msk,mediades,ad,7.3,0,0
8307,1,ba,2,msk,mediades,ad,7.2,485,139
8308,1,ba,2,msk,mediades,ad,7.6,157,59
8309,1,ba,2,msk,mediades,ad,7.3,348,120
8310,1,ba,2,msk,mediades,ad,7.1,97,35
8311,1,ba,2,msk,mediades,ad,7.2,115,63
8312,1,ba,2,msk,mediades,ad,7.2,192,83
8313,1,ba,2,msk,mediades,ad,6.8,154,61
8314,1,ba,2,msk,mediades,ad,7.3,391,137
8315,1,ba,2,msk,mediades,ad,7,152,30
8316,1,ba,2,msk,mediades,ad,7.4,134,33
8317,1,ba,2,msk,mediades,ad,6.8,345,78
8318,1,ba,2,msk,mediades,ad,7,209,60
8319,1,ba,2,msk,mediades,ad,6.7,159,64
8320,2,ba,2,msk,mediades,ad,6.6,323,132
8321,1,ba,2,msk,mediades,ad,6.7,140,51
8322,2,ba,2,msk,mediades,ad,6.7,203,53
8323,1,ba,2,msk,mediades,ad,6.5,277,91
8324,2,ba,2,msk,mediades,ad,6.9,292,46
8325,0,ba,2,msk,mediades,ad,6.1,0,0
8326,1,ba,2,msk,mediades,ad,6,322,54
8327,2,ba,2,msk,mediades,ad,6.7,104,35
8328,2,ba,2,msk,mediades,ad,5.8,326,81
8329,1,ba,2,msk,mediades,ad,6,141,37
8330,1,ba,2,msk,mediades,ad,5.4,253,55
8331,1,ba,2,msk,mediades,ad,6.2,751,110
8332,1,ba,2,msk,mediades,ad,5.4,363,63
8333,2,ba,2,msk,mediades,ad,5.3,418,92
8334,1,ba,2,msk,mediades,ad,5.5,64,31
8335,2,ba,2,msk,mediades,ad,5.2,213,45
8336,2,ba,2,msk,mediades,ad,4.1,79,37
8337,1,ba,2,msk,miem,am,9.6,187,60
8338,1,ba,2,msk,miem,am,9.3,334,76
8339,2,ba,2,msk,miem,am,8.9,168,96
8340,2,ba,2,msk,miem,am,9.3,160,50
8341,1,ba,2,msk,miem,am,8.6,151,52
8342,1,ba,2,msk,miem,am,8.9,125,62
8343,2,ba,2,msk,miem,am,8.6,70,29
8344,0,ba,2,msk,miem,am,8.3,0,0
8345,1,ba,2,msk,miem,am,8.6,172,43
8346,1,ba,2,msk,miem,am,8.6,189,40
8347,1,ba,2,msk,miem,am,8.4,200,64
8348,1,ba,2,msk,miem,am,8.1,164,7
8349,1,ba,2,msk,miem,am,8.3,198,58
8350,2,ba,2,msk,miem,am,7.7,194,74
8351,1,ba,2,msk,miem,am,8,468,109
8352,2,ba,2,msk,miem,am,7.9,120,52
8353,1,ba,2,msk,miem,am,7.9,93,37
8354,2,ba,2,msk,miem,am,7.9,119,57
8355,2,ba,2,msk,miem,am,7.9,199,117
8356,2,ba,2,msk,miem,am,7.7,330,53
8357,2,ba,2,msk,miem,am,8,181,64
8358,2,ba,2,msk,miem,am,8.3,214,38
8359,1,ba,2,msk,miem,am,8.1,205,85
8360,2,ba,2,msk,miem,am,7.3,106,56
8361,1,ba,2,msk,miem,am,7.7,276,63
8362,1,ba,2,msk,miem,am,7.4,548,131
8363,2,ba,2,msk,miem,am,7.9,100,33
8364,1,ba,2,msk,miem,am,7.9,114,46
8365,2,ba,2,msk,miem,am,7.4,61,30
8366,2,ba,2,msk,miem,am,7.6,47,19
8367,0,ba,2,msk,miem,am,7.7,0,0
8368,2,ba,2,msk,miem,am,7.9,57,34
8369,1,ba,2,msk,miem,am,7.3,71,27
8370,2,ba,2,msk,miem,am,7.4,126,26
8371,2,ba,2,msk,miem,am,7,16,15
8372,2,ba,2,msk,miem,am,7.6,385,0
8373,1,ba,2,msk,miem,am,6.7,406,93
8374,2,ba,2,msk,miem,am,7.5,240,51
8375,2,ba,2,msk,miem,am,7.3,221,122
8376,1,ba,2,msk,miem,am,7.3,357,106
8377,2,ba,2,msk,miem,am,7.3,324,152
8378,1,ba,2,msk,miem,am,6.7,310,210
8379,2,ba,2,msk,miem,am,7,311,132
8380,2,ba,2,msk,miem,am,7.6,51,26
8381,1,ba,2,msk,miem,am,6.7,339,78
8382,0,ba,2,msk,miem,am,7.2,0,0
8383,2,ba,2,msk,miem,am,7.1,135,56
8384,1,ba,2,msk,miem,am,6.9,148,43
8385,2,ba,2,msk,miem,am,6.6,94,32
8386,0,ba,2,msk,miem,am,6.9,0,0
8387,2,ba,2,msk,miem,am,7,227,76
8388,2,ba,2,msk,miem,am,6.6,505,80
8389,1,ba,2,msk,miem,am,6.4,73,35
8390,2,ba,2,msk,miem,am,7,334,0
8391,2,ba,2,msk,miem,am,6.3,241,47
8392,1,ba,2,msk,miem,am,6.3,77,32
8393,2,ba,2,msk,miem,am,6,102,27
8394,2,ba,2,msk,miem,am,6.5,109,30
8395,2,ba,2,msk,miem,am,5.7,65,24
8396,0,ba,2,msk,miem,am,5.6,0,0
8397,2,ba,2,msk,miem,am,6,182,45
8398,1,ba,2,msk,miem,am,5.6,190,45
8399,2,ba,2,msk,miem,am,6.2,79,20
8400,1,ba,2,msk,miem,am,5.3,159,63
8401,1,ba,2,msk,miem,am,5.9,232,56
8402,1,ba,2,msk,miem,am,6,196,63
8403,2,ba,2,msk,miem,am,6.1,183,72
8404,2,ba,2,msk,miem,am,6.4,180,28
8405,2,ba,2,msk,miem,am,5.3,161,41
8406,2,ba,2,msk,miem,am,5.9,263,98
8407,2,ba,2,msk,miem,am,5.1,242,56
8408,2,ba,2,msk,miem,am,5.7,380,91
8409,1,ba,2,msk,miem,am,5,156,30
8410,1,ba,2,msk,miem,am,5.5,86,16
8411,2,ba,2,msk,miem,am,5.1,99,45
8412,2,ba,2,msk,miem,am,5.3,277,81
8413,2,ba,2,msk,miem,am,4.8,111,27
8414,2,ba,2,msk,miem,am,5,243,52
8415,2,ba,2,msk,miem,am,4.6,106,32
8416,1,ba,2,msk,miem,am,4.4,248,100
8417,2,ba,2,msk,miem,am,4.7,111,28
8418,2,ba,2,msk,miem,am,4.3,207,43
8419,2,ba,2,msk,miem,am,4.1,39,24
8420,2,ba,2,msk,cs,ami,9,144,56
8421,1,ba,2,msk,cs,ami,9.2,184,73
8422,2,ba,2,msk,cs,ami,9.5,134,44
8423,0,ba,2,msk,cs,ami,9.2,0,0
8424,2,ba,2,msk,cs,ami,8.8,67,23
8425,1,ba,2,msk,cs,ami,8.7,1629,258
8426,2,ba,2,msk,cs,ami,8.1,148,62
8427,2,ba,2,msk,cs,ami,8.6,108,42
8428,2,ba,2,msk,cs,ami,8.2,191,81
8429,2,ba,2,msk,cs,ami,8.2,138,67
8430,2,ba,2,msk,cs,ami,8.5,575,77
8431,2,ba,2,msk,cs,ami,8.4,242,83
8432,2,ba,2,msk,cs,ami,8.6,28,19
8433,2,ba,2,msk,cs,ami,8.1,29,21
8434,2,ba,2,msk,cs,ami,8.5,129,50
8435,1,ba,2,msk,cs,ami,8.3,276,75
8436,2,ba,2,msk,cs,ami,8.3,519,140
8437,2,ba,2,msk,cs,ami,8,209,134
8438,1,ba,2,msk,cs,ami,7.6,293,85
8439,1,ba,2,msk,cs,ami,8.4,174,53
8440,2,ba,2,msk,cs,ami,8.1,88,27
8441,1,ba,2,msk,cs,ami,7.8,323,83
8442,1,ba,2,msk,cs,ami,7.9,70,33
8443,1,ba,2,msk,cs,ami,8,144,33
8444,0,ba,2,msk,cs,ami,8,0,0
8445,2,ba,2,msk,cs,ami,7.6,1198,203
8446,2,ba,2,msk,cs,ami,7.4,377,73
8447,1,ba,2,msk,cs,ami,7.5,189,68
8448,1,ba,2,msk,cs,ami,7.7,218,60
8449,2,ba,2,msk,cs,ami,7.4,111,43
8450,1,ba,2,msk,cs,ami,7.5,176,73
8451,2,ba,2,msk,cs,ami,7.2,163,51
8452,2,ba,2,msk,cs,ami,7.4,102,25
8453,1,ba,2,msk,cs,ami,7.5,110,35
8454,2,ba,2,msk,cs,ami,7.6,450,78
8455,1,ba,2,msk,cs,ami,7.2,206,96
8456,2,ba,2,msk,cs,ami,7.4,157,49
8457,2,ba,2,msk,cs,ami,7,244,73
8458,2,ba,2,msk,cs,ami,7.2,540,99
8459,1,ba,2,msk,cs,ami,7.5,379,50
8460,1,ba,2,msk,cs,ami,7.2,91,45
8461,1,ba,2,msk,cs,ami,7.2,421,79
8462,2,ba,2,msk,cs,ami,7.1,166,68
8463,2,ba,2,msk,cs,ami,7,419,109
8464,2,ba,2,msk,cs,ami,7,137,46
8465,1,ba,2,msk,cs,ami,7.2,230,18
8466,2,ba,2,msk,cs,ami,6.9,270,167
8467,0,ba,2,msk,cs,ami,6.8,0,0
8468,2,ba,2,msk,cs,ami,7.1,168,41
8469,2,ba,2,msk,cs,ami,7.2,161,87
8470,2,ba,2,msk,cs,ami,7.1,106,27
8471,2,ba,2,msk,cs,ami,6.8,64,36
8472,2,ba,2,msk,cs,ami,7.9,102,23
8473,2,ba,2,msk,cs,ami,7,54,19
8474,2,ba,2,msk,cs,ami,7,349,44
8475,2,ba,2,msk,cs,ami,6.8,234,61
8476,2,ba,2,msk,cs,ami,6.6,166,32
8477,1,ba,2,msk,cs,ami,7,187,70
8478,2,ba,2,msk,cs,ami,7.2,56,26
8479,2,ba,2,msk,cs,ami,7,255,85
8480,2,ba,2,msk,cs,ami,6.8,36,14
8481,1,ba,2,msk,cs,ami,7,164,64
8482,2,ba,2,msk,cs,ami,6.8,138,47
8483,2,ba,2,msk,cs,ami,6.8,265,90
8484,2,ba,2,msk,cs,ami,6.6,195,65
8485,2,ba,2,msk,cs,ami,6.5,236,149
8486,1,ba,2,msk,cs,ami,6.5,0,0
8487,1,ba,2,msk,cs,ami,6.5,83,41
8488,2,ba,2,msk,cs,ami,6.4,42,25
8489,2,ba,2,msk,cs,ami,6.6,0,0
8490,1,ba,2,msk,cs,ami,6.5,283,97
8491,2,ba,2,msk,cs,ami,6.4,205,70
8492,1,ba,2,msk,cs,ami,7,315,120
8493,2,ba,2,msk,cs,ami,6.5,200,64
8494,2,ba,2,msk,cs,ami,6.6,246,83
8495,2,ba,2,msk,cs,ami,6.5,83,50
8496,0,ba,2,msk,cs,ami,6.7,0,0
8497,2,ba,2,msk,cs,ami,6.7,168,77
8498,2,ba,2,msk,cs,ami,6.6,161,53
8499,2,ba,2,msk,cs,ami,6.5,67,38
8500,2,ba,2,msk,cs,ami,6.4,455,220
8501,0,ba,2,msk,cs,ami,6.6,0,0
8502,2,ba,2,msk,cs,ami,6.1,5000,26
8503,2,ba,2,msk,cs,ami,6,463,152
8504,2,ba,2,msk,cs,ami,6,206,93
8505,2,ba,2,msk,cs,ami,6.1,135,32
8506,2,ba,2,msk,cs,ami,6.2,84,18
8507,0,ba,2,msk,cs,ami,5.8,0,0
8508,2,ba,2,msk,cs,ami,6.1,358,79
8509,1,ba,2,msk,cs,ami,6.6,238,39
8510,2,ba,2,msk,cs,ami,6.1,875,217
8511,2,ba,2,msk,cs,ami,6.4,172,64
8512,2,ba,2,msk,cs,ami,5.9,258,73
8513,2,ba,2,msk,cs,ami,5.9,274,74
8514,1,ba,2,msk,cs,ami,6.4,219,68
8515,2,ba,2,msk,cs,ami,6.2,109,52
8516,2,ba,2,msk,cs,ami,6.8,197,34
8517,2,ba,2,msk,cs,ami,6.4,0,0
8518,1,ba,2,msk,cs,ami,6.2,154,60
8519,2,ba,2,msk,cs,ami,6,158,81
8520,2,ba,2,msk,cs,ami,6.2,166,49
8521,2,ba,2,msk,cs,ami,5.8,96,28
8522,2,ba,2,msk,cs,ami,5.8,67,33
8523,2,ba,2,msk,cs,ami,6.1,130,61
8524,2,ba,2,msk,cs,ami,5.8,128,32
8525,2,ba,2,msk,cs,ami,6.5,418,148
8526,2,ba,2,msk,cs,ami,5.8,82,42
8527,2,ba,2,msk,cs,ami,5.6,60,27
8528,1,ba,2,msk,cs,ami,5.6,261,92
8529,2,ba,2,msk,cs,ami,5.5,87,42
8530,2,ba,2,msk,cs,ami,5.5,89,42
8531,1,ba,2,msk,cs,ami,5.5,135,64
8532,0,ba,2,msk,cs,ami,5.8,0,0
8533,2,ba,2,msk,cs,ami,5.6,64,23
8534,2,ba,2,msk,cs,ami,5.2,174,58
8535,1,ba,2,msk,cs,ami,5.9,176,52
8536,2,ba,2,msk,cs,ami,5.5,435,130
8537,2,ba,2,msk,cs,ami,5.8,232,89
8538,2,ba,2,msk,cs,ami,5.6,180,30
8539,2,ba,2,msk,cs,ami,5.2,251,43
8540,2,ba,2,msk,cs,ami,5.4,195,49
8541,2,ba,2,msk,cs,ami,5.6,127,24
8542,1,ba,2,msk,cs,ami,5,436,137
8543,2,ba,2,msk,cs,ami,5.2,107,41
8544,2,ba,2,msk,cs,ami,5.2,97,59
8545,2,ba,2,msk,cs,ami,4.5,177,56
8546,1,ba,2,msk,cs,ami,4.5,106,24
8547,0,ba,2,msk,cs,ami,7.2,0,0
8548,2,ba,2,msk,cs,ami,6.2,50,21
8549,2,ba,2,msk,cs,ami,5.3,427,140
8550,2,ba,2,msk,cs,ami,4.6,305,60
8551,2,ba,2,msk,cs,ami,7.2,120,35
8552,1,ba,2,msk,cs,ami,6.2,189,58
8553,2,ba,2,msk,cs,ami,5,0,0
8554,1,ba,2,msk,bisandman,bi,9.3,151,71
8555,2,ba,2,msk,bisandman,bi,9,138,39
8556,2,ba,2,msk,bisandman,bi,8.7,150,64
8557,2,ba,2,msk,bisandman,bi,7.7,334,126
8558,2,ba,2,msk,bisandman,bi,8.3,268,158
8559,1,ba,2,msk,bisandman,bi,8.3,319,138
8560,1,ba,2,msk,bisandman,bi,7.7,213,64
8561,1,ba,2,msk,bisandman,bi,7.7,410,140
8562,1,ba,2,msk,bisandman,bi,7.3,154,88
8563,1,ba,2,msk,bisandman,bi,7,118,33
8564,2,ba,2,msk,bisandman,bi,8.3,168,47
8565,1,ba,2,msk,bisandman,bi,7.7,141,41
8566,1,ba,2,msk,bisandman,bi,7.7,519,260
8567,2,ba,2,msk,bisandman,bi,7.3,454,148
8568,1,ba,2,msk,bisandman,bi,7.3,97,26
8569,1,ba,2,msk,bisandman,bi,7.3,186,60
8570,1,ba,2,msk,bisandman,bi,7.2,263,152
8571,2,ba,2,msk,bisandman,bi,7,75,43
8572,1,ba,2,msk,bisandman,bi,7,219,101
8573,2,ba,2,msk,bisandman,bi,7.7,122,39
8574,1,ba,2,msk,bisandman,bi,7,98,26
8575,1,ba,2,msk,bisandman,bi,7,342,157
8576,2,ba,2,msk,bisandman,bi,6.3,84,43
8577,2,ba,2,msk,bisandman,bi,6.3,677,256
8578,1,ba,2,msk,bisandman,bi,7.7,178,54
8579,1,ba,2,msk,bisandman,bi,7.5,314,113
8580,1,ba,2,msk,bisandman,bi,7.3,318,114
8581,0,ba,2,msk,bisandman,bi,7.3,0,0
8582,2,ba,2,msk,bisandman,bi,7.3,149,71
8583,1,ba,2,msk,bisandman,bi,7,150,35
8584,2,ba,2,msk,bisandman,bi,6.7,122,58
8585,2,ba,2,msk,bisandman,bi,6.7,274,156
8586,0,ba,2,msk,bisandman,bi,6.7,0,0
8587,1,ba,2,msk,bisandman,bi,7.7,493,110
8588,1,ba,2,msk,bisandman,bi,7.3,164,59
8589,1,ba,2,msk,bisandman,bi,7.3,126,29
8590,2,ba,2,msk,bisandman,bi,7,31,21
8591,1,ba,2,msk,bisandman,bi,7,136,53
8592,2,ba,2,msk,bisandman,bi,7,206,48
8593,2,ba,2,msk,bisandman,bi,7,155,72
8594,1,ba,2,msk,bisandman,bi,7,123,62
8595,2,ba,2,msk,bisandman,bi,6.7,161,93
8596,0,ba,2,msk,bisandman,bi,7.4,0,0
8597,1,ba,2,msk,bisandman,bi,7.3,332,79
8598,1,ba,2,msk,bisandman,bi,7,272,128
8599,2,ba,2,msk,bisandman,bi,6.7,94,37
8600,2,ba,2,msk,bisandman,bi,6.7,206,74
8601,1,ba,2,msk,bisandman,bi,6.7,212,53
8602,2,ba,2,msk,bisandman,bi,6.7,114,61
8603,2,ba,2,msk,bisandman,bi,6.7,0,0
8604,1,ba,2,msk,bisandman,bi,6.3,899,245
8605,1,ba,2,msk,bisandman,bi,6.7,132,56
8606,1,ba,2,msk,bisandman,bi,7.5,229,95
8607,1,ba,2,msk,bisandman,bi,7.3,140,73
8608,2,ba,2,msk,bisandman,bi,7,326,86
8609,1,ba,2,msk,bisandman,bi,7,193,102
8610,1,ba,2,msk,bisandman,bi,7,430,174
8611,1,ba,2,msk,bisandman,bi,7,638,195
8612,2,ba,2,msk,bisandman,bi,7,124,77
8613,1,ba,2,msk,bisandman,bi,6.7,546,110
8614,1,ba,2,msk,bisandman,bi,6.7,130,74
8615,0,ba,2,msk,bisandman,bi,6.7,0,0
8616,1,ba,2,msk,bisandman,bi,6.7,63,28
8617,1,ba,2,msk,bisandman,bi,6.7,288,124
8618,1,ba,2,msk,bisandman,bi,6.3,135,55
8619,0,ba,2,msk,bisandman,bi,6.3,0,0
8620,2,ba,2,msk,bisandman,bi,6.2,257,107
8621,2,ba,2,msk,bisandman,bi,7.2,185,71
8622,2,ba,2,msk,bisandman,bi,7,103,29
8623,1,ba,2,msk,bisandman,bi,7,434,203
8624,2,ba,2,msk,bisandman,bi,7,80,50
8625,1,ba,2,msk,bisandman,bi,6.7,249,100
8626,2,ba,2,msk,bisandman,bi,6.7,344,118
8627,1,ba,2,msk,bisandman,bi,6.7,57,36
8628,2,ba,2,msk,bisandman,bi,6.7,172,70
8629,2,ba,2,msk,bisandman,bi,6.3,344,118
8630,1,ba,2,msk,bisandman,bi,6.3,75,30
8631,1,ba,2,msk,bisandman,bi,6.3,329,171
8632,1,ba,2,msk,bisandman,bi,6.3,115,50
8633,2,ba,2,msk,bisandman,bi,6.3,216,94
8634,1,ba,2,msk,bisandman,bi,6.3,0,0
8635,2,ba,2,msk,bisandman,bi,6.3,121,35
8636,2,ba,2,msk,bisandman,bi,6.3,129,1
8637,1,ba,2,msk,bisandman,bi,6,125,24
8638,2,ba,2,msk,bisandman,bi,6,320,81
8639,2,ba,2,msk,bisandman,bi,6,174,86
8640,1,ba,2,msk,bisandman,bi,6,275,123
8641,1,ba,2,msk,bisandman,bi,6,415,60
8642,2,ba,2,msk,bisandman,bi,6,145,44
8643,2,ba,2,msk,bisandman,bi,6,239,81
8644,1,ba,2,msk,bisandman,bi,6,138,59
8645,1,ba,2,msk,bisandman,bi,6,929,146
8646,2,ba,2,msk,bisandman,bi,6,245,69
8647,2,ba,2,msk,bisandman,bi,5.7,1133,111
8648,1,ba,2,msk,bisandman,bi,5.3,172,96
8649,2,ba,2,msk,bisandman,bi,5.3,391,163
8650,2,ba,2,msk,bisandman,bi,6.7,195,66
8651,2,ba,2,msk,bisandman,bi,6.7,109,37
8652,1,ba,2,msk,bisandman,bi,6.3,739,152
8653,1,ba,2,msk,bisandman,bi,6.3,187,82
8654,0,ba,2,msk,bisandman,bi,6,0,0
8655,1,ba,2,msk,bisandman,bi,6,445,256
8656,2,ba,2,msk,bisandman,bi,5.7,245,122
8657,2,ba,2,msk,bisandman,bi,6,528,198
8658,1,ba,2,msk,bisandman,bi,6.8,811,56
8659,1,ba,2,msk,bisandman,bi,6.3,195,53
8660,2,ba,2,msk,bisandman,bi,6.3,268,52
8661,1,ba,2,msk,bisandman,bi,6.3,253,120
8662,2,ba,2,msk,bisandman,bi,6.3,119,74
8663,0,ba,2,msk,bisandman,bi,6,0,0
8664,2,ba,2,msk,bisandman,bi,6,158,70
8665,2,ba,2,msk,bisandman,bi,5.7,227,75
8666,2,ba,2,msk,bisandman,bi,5.7,76,46
8667,2,ba,2,msk,bisandman,bi,5.7,164,59
8668,2,ba,2,msk,bisandman,bi,5.7,228,80
8669,2,ba,2,msk,bisandman,bi,5.3,116,53
8670,0,ba,2,msk,bisandman,bi,5.3,0,0
8671,2,ba,2,msk,bisandman,bi,6,58,32
8672,2,ba,2,msk,bisandman,bi,6.3,96,25
8673,2,ba,2,msk,bisandman,bi,5.2,235,70
8674,0,ba,2,msk,bisandman,bi,5.7,0,0
8675,2,ba,2,msk,bisandman,bi,5.3,257,153
8676,2,ba,2,msk,bisandman,bi,5.3,285,80
8677,2,ba,2,msk,bisandman,bi,6.5,42,29
8678,1,ba,2,msk,bisandman,bi,6,245,119
8679,2,ba,2,msk,bisandman,bi,6,87,27
8680,0,ba,2,msk,bisandman,bi,5.7,0,0
8681,0,ba,2,msk,bisandman,bi,5.7,0,0
8682,2,ba,2,msk,bisandman,bi,5.3,98,39
8683,1,ba,2,msk,bisandman,bi,5.3,104,50
8684,2,ba,2,msk,bisandman,bi,5.3,205,49
8685,2,ba,2,msk,bisandman,bi,5,25,10
8686,2,ba,2,msk,bisandman,bi,5,97,46
8687,2,ba,2,msk,bisandman,bi,5,226,73
8688,2,ba,2,msk,bisandman,bi,5.5,75,36
8689,2,ba,2,msk,bisandman,bi,6,103,13
8690,2,ba,2,msk,bisandman,bi,5.7,373,171
8691,2,ba,2,msk,bisandman,bi,5.3,315,85
8692,2,ba,2,msk,bisandman,bi,5,144,34
8693,2,ba,2,msk,bisandman,bi,5,432,99
8694,2,ba,2,msk,bisandman,bi,7.5,70,35
8695,1,ba,2,msk,bisandman,bi,7.5,222,92
8696,1,ba,2,msk,bisandman,bi,7,410,138
8697,2,ba,2,msk,bisandman,bi,6,113,56
8698,2,ba,2,msk,bisandman,bi,4.7,881,144
8699,0,ba,2,msk,bisandman,bi,6.5,0,0
8700,0,ba,2,msk,bisandman,bi,4.3,0,0
8701,0,ba,2,msk,bisandman,bi,4,0,0
8702,2,ba,2,msk,bisandman,bi,5.7,439,230
8703,2,ba,2,msk,bisandman,bi,7.5,171,57
8704,1,ba,2,msk,bisandman,bi,7,574,317
8705,1,ba,2,msk,bisandman,bi,5.7,66,15
8706,2,ba,2,msk,bisandman,bi,5,66,30
8707,2,ba,2,msk,bisandman,bi,4.5,97,31
8708,2,ba,2,msk,bisandman,bi,5,241,60
8709,0,ba,2,msk,bisandman,bi,4.5,0,0
8710,1,ba,2,msk,bisandman,bi,4,297,68
8711,2,ba,2,msk,bisandman,bi,4,146,46
8712,2,ba,2,msk,bisandman,bi,6,0,0
8713,2,ba,2,msk,miem,cosec,9.3,193,22
8714,2,ba,2,msk,miem,cosec,9.2,84,35
8715,2,ba,2,msk,miem,cosec,8.9,0,0
8716,1,ba,2,msk,miem,cosec,8.3,214,38
8717,2,ba,2,msk,miem,cosec,8.6,37,11
8718,2,ba,2,msk,miem,cosec,8.2,22,16
8719,1,ba,2,msk,miem,cosec,8.3,277,67
8720,2,ba,2,msk,miem,cosec,7.8,152,25
8721,1,ba,2,msk,miem,cosec,7.8,241,42
8722,1,ba,2,msk,miem,cosec,7.7,187,40
8723,1,ba,2,msk,miem,cosec,7.7,261,174
8724,1,ba,2,msk,miem,cosec,7.7,103,39
8725,2,ba,2,msk,miem,cosec,7,117,24
8726,2,ba,2,msk,miem,cosec,7,340,68
8727,2,ba,2,msk,miem,cosec,6.8,70,14
8728,1,ba,2,msk,miem,cosec,7.3,205,56
8729,2,ba,2,msk,miem,cosec,6.8,55,34
8730,1,ba,2,msk,miem,cosec,6.7,136,36
8731,0,ba,2,msk,miem,cosec,6.3,0,0
8732,1,ba,2,msk,miem,cosec,6.5,426,159
8733,2,ba,2,msk,miem,cosec,6.5,213,39
8734,1,ba,2,msk,miem,cosec,6.3,244,44
8735,2,ba,2,msk,miem,cosec,6,340,81
8736,2,ba,2,msk,miem,cosec,6.2,58,8
8737,2,ba,2,msk,miem,cosec,6,263,38
8738,2,ba,2,msk,miem,cosec,6.2,89,32
8739,2,ba,2,msk,miem,cosec,5.7,79,19
8740,2,ba,2,msk,miem,cosec,5.5,132,17
8741,1,ba,2,msk,miem,cosec,6.6,207,41
8742,2,ba,2,msk,miem,cosec,5.2,82,23
8743,2,ba,2,msk,econsci,economics,9.3,175,84
8744,1,ba,2,msk,econsci,economics,8.8,434,99
8745,2,ba,2,msk,econsci,economics,9,214,106
8746,1,ba,2,msk,econsci,economics,9.1,414,138
8747,2,ba,2,msk,econsci,economics,8.7,107,53
8748,1,ba,2,msk,econsci,economics,8.6,161,51
8749,1,ba,2,msk,econsci,economics,8.6,109,40
8750,1,ba,2,msk,econsci,economics,8.7,121,51
8751,1,ba,2,msk,econsci,economics,8.6,110,28
8752,1,ba,2,msk,econsci,economics,8.5,120,73
8753,1,ba,2,msk,econsci,economics,8.6,485,190
8754,1,ba,2,msk,econsci,economics,8.6,253,129
8755,1,ba,2,msk,econsci,economics,8.7,188,90
8756,2,ba,2,msk,econsci,economics,8.5,453,200
8757,1,ba,2,msk,econsci,economics,8.6,117,82
8758,1,ba,2,msk,econsci,economics,8.5,130,39
8759,2,ba,2,msk,econsci,economics,8.1,202,62
8760,1,ba,2,msk,econsci,economics,8.4,352,144
8761,2,ba,2,msk,econsci,economics,8.4,272,47
8762,1,ba,2,msk,econsci,economics,8.6,372,135
8763,2,ba,2,msk,econsci,economics,8.3,116,67
8764,1,ba,2,msk,econsci,economics,8.4,177,62
8765,2,ba,2,msk,econsci,economics,8.3,246,131
8766,2,ba,2,msk,econsci,economics,8.2,334,82
8767,0,ba,2,msk,econsci,economics,8.7,0,0
8768,2,ba,2,msk,econsci,economics,8.1,159,82
8769,2,ba,2,msk,econsci,economics,8.3,390,95
8770,2,ba,2,msk,econsci,economics,8.3,43,21
8771,1,ba,2,msk,econsci,economics,8.4,248,89
8772,2,ba,2,msk,econsci,economics,8.3,290,138
8773,1,ba,2,msk,econsci,economics,8.4,51,46
8774,2,ba,2,msk,econsci,economics,7.8,224,79
8775,1,ba,2,msk,econsci,economics,8.1,180,60
8776,2,ba,2,msk,econsci,economics,8.4,131,47
8777,1,ba,2,msk,econsci,economics,8.1,257,64
8778,1,ba,2,msk,econsci,economics,8.2,1099,300
8779,1,ba,2,msk,econsci,economics,8.3,361,62
8780,1,ba,2,msk,econsci,economics,8.1,211,48
8781,1,ba,2,msk,econsci,economics,8.1,269,77
8782,1,ba,2,msk,econsci,economics,8.1,223,51
8783,2,ba,2,msk,econsci,economics,8,188,83
8784,1,ba,2,msk,econsci,economics,8.1,174,72
8785,2,ba,2,msk,econsci,economics,8,341,146
8786,2,ba,2,msk,econsci,economics,8,852,299
8787,2,ba,2,msk,econsci,economics,8.3,107,48
8788,1,ba,2,msk,econsci,economics,8.3,234,66
8789,2,ba,2,msk,econsci,economics,8,141,74
8790,1,ba,2,msk,econsci,economics,7.9,294,134
8791,1,ba,2,msk,econsci,economics,8,708,127
8792,1,ba,2,msk,econsci,economics,7.8,123,49
8793,1,ba,2,msk,econsci,economics,8.2,190,77
8794,2,ba,2,msk,econsci,economics,8,321,144
8795,1,ba,2,msk,econsci,economics,8,146,54
8796,2,ba,2,msk,econsci,economics,8.3,164,67
8797,1,ba,2,msk,econsci,economics,7.9,473,133
8798,2,ba,2,msk,econsci,economics,7.9,95,70
8799,1,ba,2,msk,econsci,economics,7.5,468,126
8800,1,ba,2,msk,econsci,economics,7.8,159,11
8801,1,ba,2,msk,econsci,economics,7.7,277,100
8802,2,ba,2,msk,econsci,economics,7.6,225,107
8803,2,ba,2,msk,econsci,economics,7.8,176,65
8804,1,ba,2,msk,econsci,economics,7.6,443,108
8805,2,ba,2,msk,econsci,economics,7.7,179,76
8806,0,ba,2,msk,econsci,economics,8,0,0
8807,1,ba,2,msk,econsci,economics,7.7,69,45
8808,1,ba,2,msk,econsci,economics,8.2,202,121
8809,2,ba,2,msk,econsci,economics,7.7,216,61
8810,0,ba,2,msk,econsci,economics,7.7,0,0
8811,0,ba,2,msk,econsci,economics,7.6,0,0
8812,1,ba,2,msk,econsci,economics,8.3,158,57
8813,2,ba,2,msk,econsci,economics,7.4,361,91
8814,1,ba,2,msk,econsci,economics,8,366,171
8815,1,ba,2,msk,econsci,economics,7.9,322,54
8816,1,ba,2,msk,econsci,economics,7.7,153,79
8817,1,ba,2,msk,econsci,economics,7.4,199,50
8818,1,ba,2,msk,econsci,economics,7.6,267,87
8819,1,ba,2,msk,econsci,economics,7.1,316,124
8820,2,ba,2,msk,econsci,economics,7.3,111,65
8821,1,ba,2,msk,econsci,economics,7.8,269,120
8822,2,ba,2,msk,econsci,economics,7.6,357,105
8823,1,ba,2,msk,econsci,economics,7.4,110,51
8824,2,ba,2,msk,econsci,economics,7.7,162,89
8825,1,ba,2,msk,econsci,economics,7.6,160,38
8826,2,ba,2,msk,econsci,economics,7.4,269,125
8827,1,ba,2,msk,econsci,economics,7.7,503,177
8828,1,ba,2,msk,econsci,economics,7.3,178,87
8829,2,ba,2,msk,econsci,economics,6.9,234,43
8830,2,ba,2,msk,econsci,economics,7,176,92
8831,1,ba,2,msk,econsci,economics,7.4,73,53
8832,2,ba,2,msk,econsci,economics,7.4,46,34
8833,2,ba,2,msk,econsci,economics,6.9,532,138
8834,1,ba,2,msk,econsci,economics,7.4,153,53
8835,2,ba,2,msk,econsci,economics,7,247,118
8836,1,ba,2,msk,econsci,economics,7.4,402,127
8837,2,ba,2,msk,econsci,economics,7,130,30
8838,1,ba,2,msk,econsci,economics,7.4,486,110
8839,1,ba,2,msk,econsci,economics,7.3,197,94
8840,1,ba,2,msk,econsci,economics,7.5,564,264
8841,2,ba,2,msk,econsci,economics,7.3,351,120
8842,2,ba,2,msk,econsci,economics,7.3,70,39
8843,2,ba,2,msk,econsci,economics,7,171,31
8844,1,ba,2,msk,econsci,economics,7,211,59
8845,2,ba,2,msk,econsci,economics,7,215,133
8846,1,ba,2,msk,econsci,economics,7.3,563,261
8847,1,ba,2,msk,econsci,economics,7.3,42,14
8848,1,ba,2,msk,econsci,economics,7.1,36,14
8849,2,ba,2,msk,econsci,economics,7,163,80
8850,1,ba,2,msk,econsci,economics,6.7,196,22
8851,2,ba,2,msk,econsci,economics,6.5,65,35
8852,1,ba,2,msk,econsci,economics,7.1,195,55
8853,2,ba,2,msk,econsci,economics,7,229,78
8854,0,ba,2,msk,econsci,economics,7,0,0
8855,1,ba,2,msk,econsci,economics,6.7,131,41
8856,2,ba,2,msk,econsci,economics,6.7,112,39
8857,1,ba,2,msk,econsci,economics,7.1,350,61
8858,2,ba,2,msk,econsci,economics,7,492,234
8859,1,ba,2,msk,econsci,economics,7.4,212,54
8860,2,ba,2,msk,econsci,economics,6.6,88,60
8861,2,ba,2,msk,econsci,economics,7.2,421,206
8862,2,ba,2,msk,econsci,economics,6.8,405,163
8863,1,ba,2,msk,econsci,economics,6.1,206,110
8864,2,ba,2,msk,econsci,economics,7,105,52
8865,2,ba,2,msk,econsci,economics,6.4,448,92
8866,2,ba,2,msk,econsci,economics,6.8,82,36
8867,2,ba,2,msk,econsci,economics,6.7,316,148
8868,1,ba,2,msk,econsci,economics,6.9,124,25
8869,0,ba,2,msk,econsci,economics,7,0,0
8870,1,ba,2,msk,econsci,economics,6.5,389,110
8871,2,ba,2,msk,econsci,economics,6.9,916,370
8872,1,ba,2,msk,econsci,economics,7,153,64
8873,1,ba,2,msk,econsci,economics,6.9,377,130
8874,2,ba,2,msk,econsci,economics,6.3,171,104
8875,1,ba,2,msk,econsci,economics,7.6,638,322
8876,1,ba,2,msk,econsci,economics,6.9,180,89
8877,1,ba,2,msk,econsci,economics,6.6,24,13
8878,1,ba,2,msk,econsci,economics,6.9,132,52
8879,1,ba,2,msk,econsci,economics,6.3,485,193
8880,1,ba,2,msk,econsci,economics,6.7,270,122
8881,0,ba,2,msk,econsci,economics,6.7,0,0
8882,2,ba,2,msk,econsci,economics,6.1,38,17
8883,2,ba,2,msk,econsci,economics,6.2,193,59
8884,1,ba,2,msk,econsci,economics,6.6,216,82
8885,0,ba,2,msk,econsci,economics,6.4,0,0
8886,2,ba,2,msk,econsci,economics,6.7,130,69
8887,2,ba,2,msk,econsci,economics,6.4,113,69
8888,1,ba,2,msk,econsci,economics,6.9,88,50
8889,2,ba,2,msk,econsci,economics,6.4,136,40
8890,2,ba,2,msk,econsci,economics,6.8,161,40
8891,1,ba,2,msk,econsci,economics,6.7,207,88
8892,2,ba,2,msk,econsci,economics,6.8,350,220
8893,1,ba,2,msk,econsci,economics,6.5,216,92
8894,2,ba,2,msk,econsci,economics,6.6,133,92
8895,1,ba,2,msk,econsci,economics,6.7,130,28
8896,2,ba,2,msk,econsci,economics,6.7,227,73
8897,1,ba,2,msk,econsci,economics,6.7,57,30
8898,2,ba,2,msk,econsci,economics,6.1,105,64
8899,1,ba,2,msk,econsci,economics,6.3,113,27
8900,1,ba,2,msk,econsci,economics,7,164,82
8901,1,ba,2,msk,econsci,economics,6,364,94
8902,1,ba,2,msk,econsci,economics,5.9,389,41
8903,0,ba,2,msk,econsci,economics,6.4,0,0
8904,2,ba,2,msk,econsci,economics,6.1,246,70
8905,0,ba,2,msk,econsci,economics,6.1,0,0
8906,2,ba,2,msk,econsci,economics,6.3,422,204
8907,2,ba,2,msk,econsci,economics,6.1,180,63
8908,2,ba,2,msk,econsci,economics,6.6,163,87
8909,1,ba,2,msk,econsci,economics,6.6,107,29
8910,1,ba,2,msk,econsci,economics,6.4,229,101
8911,1,ba,2,msk,econsci,economics,6,233,88
8912,1,ba,2,msk,econsci,economics,6.3,109,36
8913,1,ba,2,msk,econsci,economics,6.3,77,33
8914,2,ba,2,msk,econsci,economics,6.1,153,86
8915,1,ba,2,msk,econsci,economics,6.3,342,156
8916,1,ba,2,msk,econsci,economics,6,151,79
8917,1,ba,2,msk,econsci,economics,5.9,148,67
8918,2,ba,2,msk,econsci,economics,5.9,225,103
8919,2,ba,2,msk,econsci,economics,6,81,43
8920,2,ba,2,msk,econsci,economics,6.1,228,101
8921,2,ba,2,msk,econsci,economics,6.1,205,46
8922,2,ba,2,msk,econsci,economics,5.9,122,61
8923,1,ba,2,msk,econsci,economics,5.9,103,39
8924,2,ba,2,msk,econsci,economics,6,150,68
8925,1,ba,2,msk,econsci,economics,5.9,212,83
8926,2,ba,2,msk,econsci,economics,5.9,195,95
8927,2,ba,2,msk,econsci,economics,5.9,213,138
8928,1,ba,2,msk,econsci,economics,6.3,158,50
8929,0,ba,2,msk,econsci,economics,6.1,0,0
8930,2,ba,2,msk,econsci,economics,5.8,498,63
8931,2,ba,2,msk,econsci,economics,5.6,526,249
8932,1,ba,2,msk,econsci,economics,5.8,304,84
8933,2,ba,2,msk,econsci,economics,5.5,131,100
8934,2,ba,2,msk,econsci,economics,5.7,257,136
8935,1,ba,2,msk,econsci,economics,5.7,112,54
8936,2,ba,2,msk,econsci,economics,5.4,179,80
8937,2,ba,2,msk,econsci,economics,5.8,139,70
8938,0,ba,2,msk,econsci,economics,5.5,0,0
8939,1,ba,2,msk,econsci,economics,5.9,265,98
8940,2,ba,2,msk,econsci,economics,5.7,168,77
8941,0,ba,2,msk,econsci,economics,5.6,0,0
8942,2,ba,2,msk,econsci,economics,5.7,282,50
8943,2,ba,2,msk,econsci,economics,5.6,45,21
8944,1,ba,2,msk,econsci,economics,5.1,316,100
8945,1,ba,2,msk,econsci,economics,5.1,197,54
8946,2,ba,2,msk,econsci,economics,5.4,0,0
8947,2,ba,2,msk,econsci,economics,5.4,30,24
8948,2,ba,2,msk,econsci,economics,5.4,108,52
8949,2,ba,2,msk,econsci,economics,5.4,77,34
8950,2,ba,2,msk,econsci,economics,5.4,309,62
8951,0,ba,2,msk,econsci,economics,5.1,0,0
8952,2,ba,2,msk,econsci,economics,5,82,43
8953,0,ba,2,msk,econsci,economics,5.1,0,0
8954,1,ba,2,msk,econsci,economics,5.3,186,63
8955,2,ba,2,msk,econsci,economics,5,92,13
8956,2,ba,2,msk,econsci,economics,5.3,130,71
8957,1,ba,2,msk,econsci,economics,5,351,71
8958,1,ba,2,msk,econsci,economics,4.9,111,18
8959,2,ba,2,msk,econsci,economics,5.1,90,41
8960,2,ba,2,msk,econsci,economics,5.3,217,114
8961,2,ba,2,msk,econsci,economics,4.9,186,78
8962,2,ba,2,msk,econsci,economics,5,558,280
8963,2,ba,2,msk,econsci,economics,5.3,166,48
8964,2,ba,2,msk,econsci,economics,4.9,224,47
8965,1,ba,2,msk,econsci,economics,5,121,44
8966,1,ba,2,msk,econsci,economics,5,91,60
8967,1,ba,2,msk,econsci,economics,4.8,79,53
8968,1,ba,2,msk,econsci,economics,5.3,118,47
8969,2,ba,2,msk,econsci,economics,4.8,84,42
8970,1,ba,2,msk,econsci,economics,5,379,91
8971,2,ba,2,msk,econsci,economics,4.9,328,71
8972,2,ba,2,msk,econsci,economics,4.5,194,82
8973,2,ba,2,msk,econsci,economics,5,73,36
8974,2,ba,2,msk,econsci,economics,5,215,85
8975,2,ba,2,msk,econsci,economics,4.9,161,55
8976,2,ba,2,msk,econsci,economics,4.3,461,158
8977,2,ba,2,msk,econsci,economics,5.3,254,52
8978,1,ba,2,msk,econsci,economics,4.4,310,69
8979,0,ba,2,msk,econsci,economics,4.1,0,0
8980,2,ba,2,msk,econsci,economics,4.1,316,106
8981,2,ba,2,msk,econsci,economics,4.3,44,23
8982,2,ba,2,msk,econsci,economics,4.3,219,76
8983,0,ba,2,msk,econsci,economics,5,0,0
8984,2,ba,2,msk,socsci,gmu,9.4,59,29
8985,1,ba,2,msk,socsci,gmu,9.4,152,66
8986,1,ba,2,msk,socsci,gmu,9,326,112
8987,1,ba,2,msk,socsci,gmu,9,298,141
8988,1,ba,2,msk,socsci,gmu,9.2,283,9
8989,2,ba,2,msk,socsci,gmu,8.6,188,89
8990,2,ba,2,msk,socsci,gmu,8.6,210,80
8991,1,ba,2,msk,socsci,gmu,9,151,51
8992,2,ba,2,msk,socsci,gmu,8.6,123,54
8993,1,ba,2,msk,socsci,gmu,8.6,336,87
8994,1,ba,2,msk,socsci,gmu,8.4,307,81
8995,1,ba,2,msk,socsci,gmu,8.6,97,40
8996,1,ba,2,msk,socsci,gmu,8.8,145,53
8997,1,ba,2,msk,socsci,gmu,8,230,90
8998,1,ba,2,msk,socsci,gmu,8,124,67
8999,2,ba,2,msk,socsci,gmu,8.2,131,64
9000,1,ba,2,msk,socsci,gmu,8.4,264,86
9001,2,ba,2,msk,socsci,gmu,8.2,394,137
9002,1,ba,2,msk,socsci,gmu,8.4,223,44
9003,1,ba,2,msk,socsci,gmu,8,270,71
9004,1,ba,2,msk,socsci,gmu,7.8,354,151
9005,2,ba,2,msk,socsci,gmu,7.8,306,103
9006,2,ba,2,msk,socsci,gmu,8,252,153
9007,2,ba,2,msk,socsci,gmu,7.8,467,56
9008,1,ba,2,msk,socsci,gmu,8.4,290,121
9009,1,ba,2,msk,socsci,gmu,8,252,86
9010,1,ba,2,msk,socsci,gmu,8,219,53
9011,0,ba,2,msk,socsci,gmu,7.8,0,0
9012,2,ba,2,msk,socsci,gmu,8,257,137
9013,0,ba,2,msk,socsci,gmu,8,0,0
9014,1,ba,2,msk,socsci,gmu,7.4,565,210
9015,2,ba,2,msk,socsci,gmu,7.6,376,141
9016,1,ba,2,msk,socsci,gmu,7.8,226,53
9017,2,ba,2,msk,socsci,gmu,6.8,161,68
9018,1,ba,2,msk,socsci,gmu,8,212,90
9019,1,ba,2,msk,socsci,gmu,7.4,664,126
9020,1,ba,2,msk,socsci,gmu,7.8,363,85
9021,1,ba,2,msk,socsci,gmu,7.2,240,56
9022,2,ba,2,msk,socsci,gmu,7,139,48
9023,1,ba,2,msk,socsci,gmu,7.4,189,63
9024,1,ba,2,msk,socsci,gmu,7.6,135,45
9025,1,ba,2,msk,socsci,gmu,7.4,655,156
9026,1,ba,2,msk,socsci,gmu,7.4,342,106
9027,1,ba,2,msk,socsci,gmu,7.8,173,41
9028,1,ba,2,msk,socsci,gmu,7.4,83,37
9029,2,ba,2,msk,socsci,gmu,6.6,230,114
9030,0,ba,2,msk,socsci,gmu,7,0,0
9031,1,ba,2,msk,socsci,gmu,7,98,47
9032,2,ba,2,msk,socsci,gmu,7,145,73
9033,2,ba,2,msk,socsci,gmu,7.2,302,88
9034,1,ba,2,msk,socsci,gmu,7,290,112
9035,1,ba,2,msk,socsci,gmu,7,201,78
9036,1,ba,2,msk,socsci,gmu,7.6,190,53
9037,1,ba,2,msk,socsci,gmu,7.4,225,96
9038,1,ba,2,msk,socsci,gmu,6.4,136,37
9039,1,ba,2,msk,socsci,gmu,7,284,128
9040,1,ba,2,msk,socsci,gmu,6.2,233,68
9041,1,ba,2,msk,socsci,gmu,6.8,118,43
9042,1,ba,2,msk,socsci,gmu,6.3,355,43
9043,2,ba,2,msk,socsci,gmu,6.4,246,67
9044,1,ba,2,msk,socsci,gmu,6.6,274,86
9045,1,ba,2,msk,socsci,gmu,6.8,88,51
9046,2,ba,2,msk,socsci,gmu,6.6,387,216
9047,1,ba,2,msk,socsci,gmu,6.6,220,69
9048,1,ba,2,msk,socsci,gmu,6.6,213,81
9049,2,ba,2,msk,socsci,gmu,6.8,214,100
9050,1,ba,2,msk,socsci,gmu,7,81,33
9051,1,ba,2,msk,socsci,gmu,6.8,58,33
9052,0,ba,2,msk,socsci,gmu,6.6,0,0
9053,1,ba,2,msk,socsci,gmu,6.6,88,41
9054,1,ba,2,msk,socsci,gmu,6.2,252,60
9055,2,ba,2,msk,socsci,gmu,5.7,170,96
9056,1,ba,2,msk,socsci,gmu,5.6,149,29
9057,1,ba,2,msk,socsci,gmu,6,224,48
9058,1,ba,2,msk,socsci,gmu,5.3,130,53
9059,2,ba,2,msk,socsci,gmu,5.4,126,53
9060,1,ba,2,msk,socsci,gmu,6.2,345,117
9061,1,ba,2,msk,socsci,gmu,6,552,187
9062,1,ba,2,msk,socsci,gmu,5.8,191,90
9063,2,ba,2,msk,socsci,gmu,5.4,150,83
9064,1,ba,2,msk,socsci,gmu,5.8,254,78
9065,2,ba,2,msk,socsci,gmu,5.6,369,146
9066,1,ba,2,msk,socsci,gmu,6,158,50
9067,1,ba,2,msk,socsci,gmu,5,105,61
9068,2,ba,2,msk,socsci,gmu,5.2,183,88
9069,2,ba,2,msk,socsci,gmu,5.4,170,38
9070,2,ba,2,msk,socsci,gmu,5.4,192,69
9071,2,ba,2,msk,socsci,gmu,5.4,228,121
9072,1,ba,2,msk,socsci,gmu,4.8,258,25
9073,2,ba,2,msk,socsci,gmu,4.7,285,39
9074,2,ba,2,msk,socsci,gmu,4.9,86,42
9075,2,ba,2,msk,socsci,gmu,5.2,84,34
9076,2,ba,2,msk,socsci,gmu,4.7,0,0
9077,2,ba,2,msk,socsci,gmu,4.6,442,300
9078,1,ba,2,msk,socsci,gmu,5.2,286,55
9079,2,ba,2,msk,humanities,hist,9,17,17
9080,1,ba,2,msk,humanities,hist,9.7,195,41
9081,2,ba,2,msk,humanities,hist,8.2,270,60
9082,1,ba,2,msk,humanities,hist,8,186,89
9083,2,ba,2,msk,humanities,hist,5,321,21
9084,2,ba,2,msk,humanities,hist,8.6,114,53
9085,2,ba,2,msk,humanities,hist,8.2,29,11
9086,2,ba,2,msk,humanities,hist,7.8,152,68
9087,2,ba,2,msk,humanities,hist,7.8,175,51
9088,1,ba,2,msk,humanities,hist,8,276,87
9089,1,ba,2,msk,humanities,hist,7.8,385,182
9090,1,ba,2,msk,humanities,hist,7.6,454,105
9091,1,ba,2,msk,humanities,hist,7.8,282,74
9092,1,ba,2,msk,humanities,hist,7.5,69,36
9093,1,ba,2,msk,humanities,hist,7.7,335,103
9094,2,ba,2,msk,humanities,hist,7.3,794,257
9095,2,ba,2,msk,humanities,hist,7.9,120,42
9096,1,ba,2,msk,humanities,hist,7.2,261,97
9097,1,ba,2,msk,humanities,hist,7,222,104
9098,1,ba,2,msk,humanities,hist,8.2,130,67
9099,1,ba,2,msk,humanities,hist,6,103,66
9100,2,ba,2,msk,humanities,hist,6.8,216,49
9101,1,ba,2,msk,humanities,hist,7.2,308,118
9102,2,ba,2,msk,humanities,hist,6.5,599,248
9103,2,ba,2,msk,humanities,hist,7.7,198,81
9104,1,ba,2,msk,humanities,hist,7.2,176,66
9105,2,ba,2,msk,humanities,hist,6.8,154,25
9106,2,ba,2,msk,humanities,hist,6.7,156,99
9107,1,ba,2,msk,humanities,hist,6.7,192,69
9108,1,ba,2,msk,humanities,hist,6.5,227,72
9109,2,ba,2,msk,humanities,hist,6.7,104,46
9110,1,ba,2,msk,humanities,hist,7.5,225,62
9111,1,ba,2,msk,humanities,hist,6.8,314,99
9112,2,ba,2,msk,humanities,hist,6.5,108,62
9113,1,ba,2,msk,humanities,hist,6.7,298,68
9114,2,ba,2,msk,humanities,hist,6,212,94
9115,2,ba,2,msk,humanities,hist,7.5,107,53
9116,2,ba,2,msk,humanities,hist,6.7,89,38
9117,1,ba,2,msk,humanities,hist,6.5,426,200
9118,1,ba,2,msk,humanities,hist,6.8,105,50
9119,1,ba,2,msk,humanities,hist,7.2,162,94
9120,0,ba,2,msk,humanities,hist,6.2,0,0
9121,2,ba,2,msk,humanities,hist,6.2,268,109
9122,2,ba,2,msk,humanities,hist,6.2,125,81
9123,2,ba,2,msk,humanities,hist,5.9,24,2
9124,2,ba,2,msk,humanities,hist,6.5,94,29
9125,2,ba,2,msk,humanities,hist,5.5,288,76
9126,2,ba,2,msk,humanities,hist,5.8,161,62
9127,2,ba,2,msk,humanities,hist,6,89,40
9128,1,ba,2,msk,humanities,hist,6.2,92,35
9129,2,ba,2,msk,humanities,hist,5.5,69,29
9130,1,ba,2,msk,humanities,hist,6.7,109,70
9131,0,ba,2,msk,humanities,hist,6.7,0,0
9132,1,ba,2,msk,humanities,hist,6.6,299,102
9133,2,ba,2,msk,humanities,hist,5.8,178,43
9134,2,ba,2,msk,humanities,hist,6.3,129,31
9135,2,ba,2,msk,humanities,hist,5.8,243,117
9136,1,ba,2,msk,humanities,hist,5.7,448,92
9137,1,ba,2,msk,humanities,hist,5.5,348,82
9138,1,ba,2,msk,humanities,hist,5.7,168,59
9139,1,ba,2,msk,humanities,hist,5.7,269,111
9140,2,ba,2,msk,humanities,hist,5.2,447,105
9141,0,ba,2,msk,humanities,hist,5.2,0,0
9142,2,ba,2,msk,humanities,hist,5,412,97
9143,2,ba,2,msk,humanities,hist,4.5,68,7
9144,2,ba,2,msk,humanities,hist,4.5,475,115
9145,0,ba,2,msk,humanities,hist,3.8,0,0
9146,1,ba,2,msk,wordecon,ia,9.1,357,145
9147,1,ba,2,msk,wordecon,ia,9.1,262,154
9148,1,ba,2,msk,wordecon,ia,9.2,140,72
9149,1,ba,2,msk,wordecon,ia,8.6,475,211
9150,1,ba,2,msk,wordecon,ia,9.5,417,109
9151,1,ba,2,msk,wordecon,ia,8.6,246,73
9152,1,ba,2,msk,wordecon,ia,8.8,96,57
9153,1,ba,2,msk,wordecon,ia,8.8,233,92
9154,1,ba,2,msk,wordecon,ia,8.5,419,109
9155,0,ba,2,msk,wordecon,ia,8.2,0,0
9156,2,ba,2,msk,wordecon,ia,8.9,41,33
9157,1,ba,2,msk,wordecon,ia,8.9,187,67
9158,1,ba,2,msk,wordecon,ia,8.6,91,47
9159,1,ba,2,msk,wordecon,ia,8.4,326,99
9160,1,ba,2,msk,wordecon,ia,8.4,245,79
9161,2,ba,2,msk,wordecon,ia,8,163,75
9162,1,ba,2,msk,wordecon,ia,8,183,70
9163,1,ba,2,msk,wordecon,ia,8.2,154,54
9164,1,ba,2,msk,wordecon,ia,8.4,162,62
9165,0,ba,2,msk,wordecon,ia,8.1,0,0
9166,1,ba,2,msk,wordecon,ia,7.9,139,57
9167,1,ba,2,msk,wordecon,ia,8.4,169,80
9168,1,ba,2,msk,wordecon,ia,8,112,30
9169,1,ba,2,msk,wordecon,ia,7.6,612,71
9170,1,ba,2,msk,wordecon,ia,8.4,273,123
9171,0,ba,2,msk,wordecon,ia,7.9,0,0
9172,2,ba,2,msk,wordecon,ia,7.9,211,117
9173,1,ba,2,msk,wordecon,ia,7.8,310,56
9174,1,ba,2,msk,wordecon,ia,7.6,396,59
9175,0,ba,2,msk,wordecon,ia,7.4,0,0
9176,1,ba,2,msk,wordecon,ia,8,538,219
9177,1,ba,2,msk,wordecon,ia,7.6,189,60
9178,1,ba,2,msk,wordecon,ia,7.3,154,86
9179,2,ba,2,msk,wordecon,ia,6.6,116,51
9180,1,ba,2,msk,wordecon,ia,7.6,143,47
9181,2,ba,2,msk,wordecon,ia,7.4,490,266
9182,1,ba,2,msk,wordecon,ia,7.1,214,55
9183,1,ba,2,msk,wordecon,ia,7.4,108,21
9184,0,ba,2,msk,wordecon,ia,7.4,0,0
9185,2,ba,2,msk,wordecon,ia,7.5,218,82
9186,1,ba,2,msk,wordecon,ia,7.4,460,207
9187,2,ba,2,msk,wordecon,ia,6.8,208,96
9188,1,ba,2,msk,wordecon,ia,7.4,450,84
9189,2,ba,2,msk,wordecon,ia,6.8,163,83
9190,1,ba,2,msk,wordecon,ia,7,117,50
9191,1,ba,2,msk,wordecon,ia,6.2,0,0
9192,1,ba,2,msk,wordecon,ia,6.4,281,124
9193,0,ba,2,msk,wordecon,ia,5.8,0,0
9194,1,ba,2,msk,wordecon,ia,6.4,355,209
9195,1,ba,2,msk,wordecon,ia,6.9,361,166
9196,1,ba,2,msk,wordecon,ia,6.1,230,97
9197,2,ba,2,msk,wordecon,ia,6,98,63
9198,0,ba,2,msk,wordecon,ia,6.2,0,0
9199,1,ba,2,msk,wordecon,ia,5.4,5000,16
9200,2,ba,2,msk,wordecon,ia,6,109,33
9201,0,ba,2,msk,wordecon,ia,5.6,0,0
9202,2,ba,2,msk,wordecon,ia,5.8,186,66
9203,2,ba,2,msk,wordecon,ia,5.8,414,61
9204,1,ba,2,msk,wordecon,ia,5.6,187,58
9205,1,ba,2,msk,wordecon,ia,5.8,166,69
9206,2,ba,2,msk,wordecon,ia,4.7,223,127
9207,2,ba,2,msk,wordecon,ia,4.5,634,342
9208,2,ba,2,msk,wordecon,ia,5.5,377,151
9209,0,ba,2,msk,miem,isct,8.9,0,0
9210,1,ba,2,msk,miem,isct,9.1,205,113
9211,1,ba,2,msk,miem,isct,9,233,100
9212,1,ba,2,msk,miem,isct,8.9,135,67
9213,1,ba,2,msk,miem,isct,8.7,173,72
9214,2,ba,2,msk,miem,isct,8.6,41,24
9215,1,ba,2,msk,miem,isct,8.9,332,42
9216,2,ba,2,msk,miem,isct,8.7,276,98
9217,2,ba,2,msk,miem,isct,8.6,55,41
9218,1,ba,2,msk,miem,isct,8.4,82,36
9219,1,ba,2,msk,miem,isct,8.6,158,46
9220,1,ba,2,msk,miem,isct,8.3,86,29
9221,1,ba,2,msk,miem,isct,8.4,177,36
9222,2,ba,2,msk,miem,isct,8.9,128,57
9223,2,ba,2,msk,miem,isct,8.1,113,29
9224,2,ba,2,msk,miem,isct,8.6,109,26
9225,2,ba,2,msk,miem,isct,8.6,66,40
9226,1,ba,2,msk,miem,isct,8.4,99,34
9227,1,ba,2,msk,miem,isct,8.3,163,5
9228,2,ba,2,msk,miem,isct,8.3,71,18
9229,1,ba,2,msk,miem,isct,8.1,136,57
9230,2,ba,2,msk,miem,isct,8.1,83,31
9231,2,ba,2,msk,miem,isct,8.1,35,27
9232,2,ba,2,msk,miem,isct,8.3,190,78
9233,2,ba,2,msk,miem,isct,8.1,0,0
9234,2,ba,2,msk,miem,isct,8.1,74,27
9235,1,ba,2,msk,miem,isct,8.1,94,53
9236,1,ba,2,msk,miem,isct,8,142,30
9237,1,ba,2,msk,miem,isct,8.1,429,187
9238,2,ba,2,msk,miem,isct,8.1,124,23
9239,2,ba,2,msk,miem,isct,7.6,441,101
9240,2,ba,2,msk,miem,isct,8,57,24
9241,2,ba,2,msk,miem,isct,8.1,75,23
9242,2,ba,2,msk,miem,isct,8,49,15
9243,2,ba,2,msk,miem,isct,7.7,276,159
9244,2,ba,2,msk,miem,isct,7.9,510,142
9245,1,ba,2,msk,miem,isct,7.7,186,77
9246,2,ba,2,msk,miem,isct,8,201,63
9247,2,ba,2,msk,miem,isct,8,72,16
9248,2,ba,2,msk,miem,isct,7.9,255,37
9249,2,ba,2,msk,miem,isct,7.9,105,29
9250,2,ba,2,msk,miem,isct,8,214,65
9251,2,ba,2,msk,miem,isct,7.3,183,50
9252,1,ba,2,msk,miem,isct,7.9,166,62
9253,2,ba,2,msk,miem,isct,7.6,69,32
9254,1,ba,2,msk,miem,isct,7.6,180,42
9255,2,ba,2,msk,miem,isct,7.4,77,34
9256,2,ba,2,msk,miem,isct,7.3,104,31
9257,2,ba,2,msk,miem,isct,7.1,185,54
9258,1,ba,2,msk,miem,isct,7.1,101,48
9259,2,ba,2,msk,miem,isct,7.3,130,35
9260,2,ba,2,msk,miem,isct,7.2,191,81
9261,1,ba,2,msk,miem,isct,7.3,156,75
9262,1,ba,2,msk,miem,isct,6.9,140,61
9263,2,ba,2,msk,miem,isct,6.9,548,131
9264,2,ba,2,msk,miem,isct,7.3,477,147
9265,1,ba,2,msk,miem,isct,7.4,190,45
9266,2,ba,2,msk,miem,isct,7.1,243,12
9267,2,ba,2,msk,miem,isct,7,119,64
9268,2,ba,2,msk,miem,isct,6.9,209,57
9269,1,ba,2,msk,miem,isct,7,157,30
9270,0,ba,2,msk,miem,isct,6.7,0,0
9271,2,ba,2,msk,miem,isct,7.1,76,34
9272,2,ba,2,msk,miem,isct,6.2,232,152
9273,2,ba,2,msk,miem,isct,6.6,155,28
9274,2,ba,2,msk,miem,isct,6.7,173,44
9275,2,ba,2,msk,miem,isct,6.9,86,38
9276,1,ba,2,msk,miem,isct,6.6,239,73
9277,1,ba,2,msk,miem,isct,6.7,230,57
9278,2,ba,2,msk,miem,isct,6.9,169,51
9279,2,ba,2,msk,miem,isct,6.6,110,49
9280,2,ba,2,msk,miem,isct,6.3,293,40
9281,1,ba,2,msk,miem,isct,6.6,238,65
9282,1,ba,2,msk,miem,isct,6.4,225,4
9283,2,ba,2,msk,miem,isct,6,183,30
9284,2,ba,2,msk,miem,isct,6.3,37,19
9285,2,ba,2,msk,miem,isct,6.1,61,20
9286,1,ba,2,msk,miem,isct,6.1,148,37
9287,2,ba,2,msk,miem,isct,6.2,103,31
9288,2,ba,2,msk,miem,isct,6.1,54,21
9289,2,ba,2,msk,miem,isct,6,153,57
9290,2,ba,2,msk,miem,isct,6,79,17
9291,2,ba,2,msk,miem,isct,6.4,55,26
9292,2,ba,2,msk,miem,isct,6.3,154,45
9293,2,ba,2,msk,miem,isct,5.9,388,48
9294,0,ba,2,msk,miem,isct,6,0,0
9295,2,ba,2,msk,miem,isct,6,98,43
9296,0,ba,2,msk,miem,isct,6,0,0
9297,0,ba,2,msk,miem,isct,5.5,0,0
9298,2,ba,2,msk,miem,isct,5.4,126,57
9299,2,ba,2,msk,miem,isct,5.3,481,112
9300,2,ba,2,msk,miem,isct,5.5,235,82
9301,2,ba,2,msk,miem,isct,5.7,51,18
9302,2,ba,2,msk,miem,isct,5.5,81,31
9303,2,ba,2,msk,miem,isct,5.3,107,22
9304,2,ba,2,msk,miem,isct,5.3,298,53
9305,2,ba,2,msk,miem,isct,5.4,34,11
9306,2,ba,2,msk,miem,isct,4.8,204,46
9307,2,ba,2,msk,miem,it,9.3,58,24
9308,1,ba,2,msk,miem,it,9.2,225,83
9309,2,ba,2,msk,miem,it,8.9,312,123
9310,2,ba,2,msk,miem,it,8.7,110,44
9311,1,ba,2,msk,miem,it,8.9,201,48
9312,2,ba,2,msk,miem,it,8.8,261,18
9313,2,ba,2,msk,miem,it,9,90,42
9314,1,ba,2,msk,miem,it,8.7,75,27
9315,1,ba,2,msk,miem,it,8.4,112,32
9316,2,ba,2,msk,miem,it,8.6,303,161
9317,1,ba,2,msk,miem,it,8.7,61,27
9318,1,ba,2,msk,miem,it,8.6,100,42
9319,1,ba,2,msk,miem,it,8.3,185,78
9320,1,ba,2,msk,miem,it,8.2,135,43
9321,2,ba,2,msk,miem,it,8.2,99,26
9322,2,ba,2,msk,miem,it,8.3,241,51
9323,2,ba,2,msk,miem,it,7.9,97,38
9324,1,ba,2,msk,miem,it,8,80,28
9325,2,ba,2,msk,miem,it,7.7,0,0
9326,2,ba,2,msk,miem,it,7.8,150,48
9327,0,ba,2,msk,miem,it,7.9,0,0
9328,0,ba,2,msk,miem,it,7.7,0,0
9329,1,ba,2,msk,miem,it,7.8,392,118
9330,1,ba,2,msk,miem,it,7.6,292,60
9331,2,ba,2,msk,miem,it,7.8,55,19
9332,1,ba,2,msk,miem,it,7.7,475,49
9333,1,ba,2,msk,miem,it,7.2,139,26
9334,0,ba,2,msk,miem,it,7,0,0
9335,2,ba,2,msk,miem,it,7.3,68,20
9336,2,ba,2,msk,miem,it,7.3,104,48
9337,1,ba,2,msk,miem,it,7.3,123,45
9338,2,ba,2,msk,miem,it,7.1,539,57
9339,2,ba,2,msk,miem,it,6.9,80,30
9340,2,ba,2,msk,miem,it,7,251,59
9341,2,ba,2,msk,miem,it,7.2,368,114
9342,2,ba,2,msk,miem,it,7.1,77,41
9343,2,ba,2,msk,miem,it,6.9,126,65
9344,2,ba,2,msk,miem,it,6.8,187,44
9345,0,ba,2,msk,miem,it,6.6,0,0
9346,2,ba,2,msk,miem,it,6.6,69,21
9347,2,ba,2,msk,miem,it,6.3,233,59
9348,2,ba,2,msk,miem,it,6.3,164,54
9349,2,ba,2,msk,miem,it,6.2,222,22
9350,2,ba,2,msk,miem,it,6.1,447,47
9351,2,ba,2,msk,miem,it,5.9,132,47
9352,2,ba,2,msk,miem,it,5.8,94,48
9353,2,ba,2,msk,miem,it,5.6,32,14
9354,2,ba,2,msk,mediades,journ,9.3,205,102
9355,1,ba,2,msk,mediades,journ,9.8,1004,44
9356,1,ba,2,msk,mediades,journ,9.3,205,90
9357,1,ba,2,msk,mediades,journ,9.2,506,122
9358,1,ba,2,msk,mediades,journ,8.7,203,53
9359,2,ba,2,msk,mediades,journ,9.5,531,109
9360,1,ba,2,msk,mediades,journ,9.3,151,40
9361,0,ba,2,msk,mediades,journ,9,0,0
9362,1,ba,2,msk,mediades,journ,8.8,528,106
9363,1,ba,2,msk,mediades,journ,9.2,163,82
9364,1,ba,2,msk,mediades,journ,9.5,274,62
9365,1,ba,2,msk,mediades,journ,9.2,318,83
9366,1,ba,2,msk,mediades,journ,9,694,84
9367,1,ba,2,msk,mediades,journ,9.2,310,143
9368,1,ba,2,msk,mediades,journ,8.7,480,106
9369,1,ba,2,msk,mediades,journ,8.5,535,124
9370,1,ba,2,msk,mediades,journ,8.8,161,26
9371,1,ba,2,msk,mediades,journ,8.3,212,90
9372,1,ba,2,msk,mediades,journ,9,173,73
9373,1,ba,2,msk,mediades,journ,8.8,356,60
9374,2,ba,2,msk,mediades,journ,9,332,109
9375,1,ba,2,msk,mediades,journ,8.7,71,43
9376,1,ba,2,msk,mediades,journ,8.7,234,85
9377,1,ba,2,msk,mediades,journ,9,216,113
9378,1,ba,2,msk,mediades,journ,9.3,161,67
9379,1,ba,2,msk,mediades,journ,9.2,307,86
9380,1,ba,2,msk,mediades,journ,9,270,77
9381,1,ba,2,msk,mediades,journ,8.3,298,51
9382,1,ba,2,msk,mediades,journ,8.8,345,107
9383,1,ba,2,msk,mediades,journ,8.8,152,44
9384,1,ba,2,msk,mediades,journ,8.7,364,99
9385,1,ba,2,msk,mediades,journ,8.3,106,12
9386,1,ba,2,msk,mediades,journ,8.7,496,182
9387,2,ba,2,msk,mediades,journ,8.3,277,119
9388,1,ba,2,msk,mediades,journ,8.8,128,32
9389,0,ba,2,msk,mediades,journ,8.7,0,0
9390,1,ba,2,msk,mediades,journ,9,261,116
9391,1,ba,2,msk,mediades,journ,8.8,654,171
9392,1,ba,2,msk,mediades,journ,8.7,139,69
9393,1,ba,2,msk,mediades,journ,8.3,237,83
9394,2,ba,2,msk,mediades,journ,8.2,168,83
9395,1,ba,2,msk,mediades,journ,8.2,1635,371
9396,0,ba,2,msk,mediades,journ,7.8,0,0
9397,1,ba,2,msk,mediades,journ,8.3,350,47
9398,1,ba,2,msk,mediades,journ,8.7,105,52
9399,1,ba,2,msk,mediades,journ,8,768,181
9400,0,ba,2,msk,mediades,journ,8.8,0,0
9401,1,ba,2,msk,mediades,journ,8.5,171,59
9402,1,ba,2,msk,mediades,journ,8.5,487,211
9403,1,ba,2,msk,mediades,journ,8.2,507,75
9404,1,ba,2,msk,mediades,journ,7.7,303,94
9405,1,ba,2,msk,mediades,journ,7.8,769,199
9406,1,ba,2,msk,mediades,journ,8.3,155,71
9407,2,ba,2,msk,mediades,journ,8.3,617,260
9408,1,ba,2,msk,mediades,journ,8.3,114,50
9409,1,ba,2,msk,mediades,journ,7.8,122,46
9410,2,ba,2,msk,mediades,journ,8.5,153,58
9411,1,ba,2,msk,mediades,journ,8.3,187,56
9412,1,ba,2,msk,mediades,journ,7.5,184,46
9413,1,ba,2,msk,mediades,journ,8.3,1019,4
9414,1,ba,2,msk,mediades,journ,8.2,147,55
9415,1,ba,2,msk,mediades,journ,8,99,74
9416,1,ba,2,msk,mediades,journ,8.5,195,40
9417,1,ba,2,msk,mediades,journ,7.9,99,45
9418,1,ba,2,msk,mediades,journ,8.2,224,81
9419,1,ba,2,msk,mediades,journ,7.5,548,136
9420,1,ba,2,msk,mediades,journ,8.3,241,59
9421,1,ba,2,msk,mediades,journ,7.8,439,172
9422,1,ba,2,msk,mediades,journ,7.2,97,46
9423,1,ba,2,msk,mediades,journ,7.7,198,108
9424,1,ba,2,msk,mediades,journ,7.5,272,145
9425,1,ba,2,msk,mediades,journ,7.7,412,111
9426,1,ba,2,msk,mediades,journ,7.2,306,63
9427,1,ba,2,msk,mediades,journ,7.5,358,81
9428,0,ba,2,msk,mediades,journ,7.3,0,0
9429,1,ba,2,msk,mediades,journ,7.2,130,30
9430,1,ba,2,msk,mediades,journ,7,733,123
9431,2,ba,2,msk,mediades,journ,7.3,353,174
9432,2,ba,2,msk,mediades,journ,7.5,202,68
9433,1,ba,2,msk,mediades,journ,6.7,188,62
9434,1,ba,2,msk,mediades,journ,7.7,231,54
9435,2,ba,2,msk,mediades,journ,8.1,240,103
9436,1,ba,2,msk,mediades,journ,7.6,289,63
9437,1,ba,2,msk,mediades,journ,8,359,43
9438,1,ba,2,msk,mediades,journ,7.3,135,42
9439,2,ba,2,msk,mediades,journ,7.3,121,17
9440,2,ba,2,msk,mediades,journ,6.8,0,0
9441,1,ba,2,msk,mediades,journ,6.3,1039,198
9442,1,ba,2,msk,mediades,journ,6.7,363,71
9443,1,ba,2,msk,mediades,journ,7.3,0,0
9444,1,ba,2,msk,mediades,journ,6.3,202,71
9445,0,ba,2,msk,mediades,journ,6,0,0
9446,1,ba,2,msk,mediades,journ,7.2,0,0
9447,1,ba,2,msk,mediades,journ,6.2,154,80
9448,1,ba,2,msk,mediades,journ,6.2,235,56
9449,1,ba,2,msk,mediades,journ,6.4,117,14
9450,0,ba,2,msk,mediades,journ,4.8,0,0
9451,1,ba,2,msk,mediades,journ,5.7,296,89
9452,2,ba,2,msk,law,law,10,290,111
9453,1,ba,2,msk,law,law,9.6,214,132
9454,1,ba,2,msk,law,law,9.8,352,127
9455,2,ba,2,msk,law,law,9.7,270,164
9456,1,ba,2,msk,law,law,9.5,291,82
9457,0,ba,2,msk,law,law,9.3,0,0
9458,2,ba,2,msk,law,law,9.2,109,64
9459,2,ba,2,msk,law,law,9.2,321,172
9460,1,ba,2,msk,law,law,9.6,245,68
9461,1,ba,2,msk,law,law,9.3,214,74
9462,1,ba,2,msk,law,law,9,311,83
9463,1,ba,2,msk,law,law,9.4,185,123
9464,2,ba,2,msk,law,law,9.3,116,43
9465,1,ba,2,msk,law,law,9.2,234,72
9466,1,ba,2,msk,law,law,9.2,139,82
9467,1,ba,2,msk,law,law,8.8,198,43
9468,1,ba,2,msk,law,law,9.3,709,238
9469,0,ba,2,msk,law,law,9,0,0
9470,1,ba,2,msk,law,law,9.2,353,71
9471,1,ba,2,msk,law,law,9.2,404,96
9472,2,ba,2,msk,law,law,9,186,52
9473,1,ba,2,msk,law,law,8.7,271,103
9474,1,ba,2,msk,law,law,8.7,208,81
9475,1,ba,2,msk,law,law,8.7,206,107
9476,2,ba,2,msk,law,law,8.8,501,118
9477,1,ba,2,msk,law,law,9.1,294,120
9478,1,ba,2,msk,law,law,8.8,177,66
9479,2,ba,2,msk,law,law,8.5,197,54
9480,1,ba,2,msk,law,law,9,267,100
9481,2,ba,2,msk,law,law,9,372,170
9482,1,ba,2,msk,law,law,8.8,184,74
9483,1,ba,2,msk,law,law,8.8,282,63
9484,1,ba,2,msk,law,law,9,577,117
9485,1,ba,2,msk,law,law,8.8,143,70
9486,1,ba,2,msk,law,law,8.8,361,81
9487,1,ba,2,msk,law,law,8.9,203,90
9488,1,ba,2,msk,law,law,8.8,217,74
9489,1,ba,2,msk,law,law,8.3,145,63
9490,2,ba,2,msk,law,law,8.2,145,51
9491,1,ba,2,msk,law,law,8.8,341,138
9492,1,ba,2,msk,law,law,8.7,209,89
9493,1,ba,2,msk,law,law,8.3,117,88
9494,2,ba,2,msk,law,law,8.7,108,63
9495,2,ba,2,msk,law,law,8.6,205,99
9496,0,ba,2,msk,law,law,8.2,0,0
9497,1,ba,2,msk,law,law,8.2,227,124
9498,2,ba,2,msk,law,law,8.6,124,49
9499,1,ba,2,msk,law,law,8.7,267,94
9500,1,ba,2,msk,law,law,8.4,181,74
9501,1,ba,2,msk,law,law,8.3,149,41
9502,1,ba,2,msk,law,law,8.3,168,68
9503,1,ba,2,msk,law,law,8.3,326,188
9504,1,ba,2,msk,law,law,8.3,177,73
9505,2,ba,2,msk,law,law,8.5,149,48
9506,1,ba,2,msk,law,law,8.6,212,120
9507,1,ba,2,msk,law,law,8.7,236,57
9508,2,ba,2,msk,law,law,8.2,247,120
9509,2,ba,2,msk,law,law,8.3,191,62
9510,2,ba,2,msk,law,law,8.5,92,63
9511,1,ba,2,msk,law,law,8.4,107,34
9512,2,ba,2,msk,law,law,8.7,92,65
9513,1,ba,2,msk,law,law,8.2,216,96
9514,1,ba,2,msk,law,law,8.3,246,93
9515,0,ba,2,msk,law,law,8.4,0,0
9516,1,ba,2,msk,law,law,8,229,64
9517,1,ba,2,msk,law,law,7.8,236,55
9518,1,ba,2,msk,law,law,8.7,145,68
9519,2,ba,2,msk,law,law,8.7,292,121
9520,1,ba,2,msk,law,law,8.7,54,16
9521,2,ba,2,msk,law,law,8.2,108,47
9522,1,ba,2,msk,law,law,8,162,52
9523,1,ba,2,msk,law,law,8.2,278,111
9524,1,ba,2,msk,law,law,8.4,177,53
9525,1,ba,2,msk,law,law,8.3,238,48
9526,1,ba,2,msk,law,law,8,168,54
9527,1,ba,2,msk,law,law,8,136,51
9528,0,ba,2,msk,law,law,8,0,0
9529,1,ba,2,msk,law,law,8,176,57
9530,1,ba,2,msk,law,law,8.2,249,59
9531,2,ba,2,msk,law,law,8,80,39
9532,1,ba,2,msk,law,law,8,192,58
9533,2,ba,2,msk,law,law,7.8,101,51
9534,2,ba,2,msk,law,law,8.2,163,41
9535,1,ba,2,msk,law,law,8,517,126
9536,2,ba,2,msk,law,law,8.3,109,57
9537,2,ba,2,msk,law,law,8,52,34
9538,1,ba,2,msk,law,law,8.2,212,50
9539,2,ba,2,msk,law,law,8.2,433,171
9540,2,ba,2,msk,law,law,8.2,175,64
9541,1,ba,2,msk,law,law,8.2,466,122
9542,2,ba,2,msk,law,law,8,260,139
9543,2,ba,2,msk,law,law,8,78,45
9544,1,ba,2,msk,law,law,7.7,197,88
9545,1,ba,2,msk,law,law,7.5,168,67
9546,1,ba,2,msk,law,law,7.7,199,68
9547,1,ba,2,msk,law,law,7.7,248,36
9548,1,ba,2,msk,law,law,7.9,201,75
9549,2,ba,2,msk,law,law,8,44,33
9550,1,ba,2,msk,law,law,7.8,154,75
9551,1,ba,2,msk,law,law,7.7,293,72
9552,1,ba,2,msk,law,law,7.5,162,66
9553,2,ba,2,msk,law,law,8.2,153,77
9554,1,ba,2,msk,law,law,8,201,67
9555,1,ba,2,msk,law,law,7.8,279,147
9556,1,ba,2,msk,law,law,7.5,177,33
9557,2,ba,2,msk,law,law,7.7,89,51
9558,1,ba,2,msk,law,law,8,190,57
9559,1,ba,2,msk,law,law,8,8,3
9560,1,ba,2,msk,law,law,8,391,171
9561,1,ba,2,msk,law,law,8,463,81
9562,1,ba,2,msk,law,law,8,250,98
9563,1,ba,2,msk,law,law,7.5,207,95
9564,1,ba,2,msk,law,law,8.1,190,115
9565,2,ba,2,msk,law,law,8,323,56
9566,1,ba,2,msk,law,law,7.7,125,55
9567,1,ba,2,msk,law,law,8,433,164
9568,1,ba,2,msk,law,law,7.5,172,93
9569,2,ba,2,msk,law,law,7.8,73,33
9570,1,ba,2,msk,law,law,7.5,338,116
9571,2,ba,2,msk,law,law,7.5,223,124
9572,1,ba,2,msk,law,law,7.7,289,87
9573,2,ba,2,msk,law,law,7.8,82,29
9574,1,ba,2,msk,law,law,7.8,330,63
9575,1,ba,2,msk,law,law,7.8,158,69
9576,1,ba,2,msk,law,law,7.5,172,55
9577,1,ba,2,msk,law,law,7.5,144,44
9578,1,ba,2,msk,law,law,7.7,255,78
9579,2,ba,2,msk,law,law,8,718,56
9580,0,ba,2,msk,law,law,7.6,0,0
9581,2,ba,2,msk,law,law,7.3,144,45
9582,2,ba,2,msk,law,law,7.3,242,82
9583,0,ba,2,msk,law,law,7.7,0,0
9584,2,ba,2,msk,law,law,7,3841,8
9585,1,ba,2,msk,law,law,7.5,356,144
9586,2,ba,2,msk,law,law,7.5,150,33
9587,1,ba,2,msk,law,law,7.5,41,29
9588,2,ba,2,msk,law,law,7.2,204,68
9589,1,ba,2,msk,law,law,7.2,0,0
9590,0,ba,2,msk,law,law,7.7,0,0
9591,2,ba,2,msk,law,law,7.3,172,92
9592,1,ba,2,msk,law,law,7.4,137,53
9593,1,ba,2,msk,law,law,7.2,263,68
9594,2,ba,2,msk,law,law,7.2,677,156
9595,1,ba,2,msk,law,law,6.9,180,84
9596,2,ba,2,msk,law,law,7.2,170,76
9597,2,ba,2,msk,law,law,7.5,228,117
9598,1,ba,2,msk,law,law,6.5,185,84
9599,2,ba,2,msk,law,law,7,203,70
9600,1,ba,2,msk,law,law,7.1,866,194
9601,1,ba,2,msk,law,law,7.2,251,110
9602,2,ba,2,msk,law,law,7.6,194,57
9603,2,ba,2,msk,law,law,6.8,79,14
9604,2,ba,2,msk,law,law,7,181,68
9605,1,ba,2,msk,law,law,6.8,87,27
9606,1,ba,2,msk,law,law,6.8,95,34
9607,1,ba,2,msk,law,law,7.2,302,83
9608,2,ba,2,msk,law,law,7.2,71,36
9609,2,ba,2,msk,law,law,7,0,0
9610,0,ba,2,msk,law,law,7.4,0,0
9611,1,ba,2,msk,law,law,7.5,594,96
9612,2,ba,2,msk,law,law,6.8,40,23
9613,1,ba,2,msk,law,law,7.2,310,115
9614,1,ba,2,msk,law,law,6.4,58,34
9615,1,ba,2,msk,law,law,6.8,55,10
9616,1,ba,2,msk,law,law,7.2,168,75
9617,2,ba,2,msk,law,law,6.7,188,97
9618,2,ba,2,msk,law,law,6.7,184,85
9619,1,ba,2,msk,law,law,6.8,434,161
9620,2,ba,2,msk,law,law,7,183,58
9621,1,ba,2,msk,law,law,7,171,83
9622,1,ba,2,msk,law,law,6.8,190,58
9623,2,ba,2,msk,law,law,7.1,151,32
9624,2,ba,2,msk,law,law,7,199,70
9625,2,ba,2,msk,law,law,6.8,254,70
9626,2,ba,2,msk,law,law,6.3,289,66
9627,2,ba,2,msk,law,law,6.7,270,146
9628,2,ba,2,msk,law,law,6.8,191,80
9629,0,ba,2,msk,law,law,7,0,0
9630,2,ba,2,msk,law,law,7,115,37
9631,0,ba,2,msk,law,law,6.5,0,0
9632,0,ba,2,msk,law,law,6.7,0,0
9633,0,ba,2,msk,law,law,6.5,0,0
9634,1,ba,2,msk,law,law,6.8,0,0
9635,1,ba,2,msk,law,law,6.3,386,136
9636,2,ba,2,msk,law,law,6.8,393,198
9637,0,ba,2,msk,law,law,6.8,0,0
9638,2,ba,2,msk,law,law,6.4,95,45
9639,1,ba,2,msk,law,law,6.7,149,53
9640,2,ba,2,msk,law,law,6.6,106,34
9641,1,ba,2,msk,law,law,6.7,579,139
9642,1,ba,2,msk,law,law,6.5,266,133
9643,2,ba,2,msk,law,law,6.7,376,113
9644,1,ba,2,msk,law,law,6.7,294,73
9645,1,ba,2,msk,law,law,6.4,134,52
9646,1,ba,2,msk,law,law,6.2,230,60
9647,2,ba,2,msk,law,law,6.7,71,36
9648,2,ba,2,msk,law,law,6.2,84,17
9649,1,ba,2,msk,law,law,6.2,106,58
9650,1,ba,2,msk,law,law,6.4,54,24
9651,1,ba,2,msk,law,law,6,77,29
9652,1,ba,2,msk,law,law,6.4,151,74
9653,1,ba,2,msk,law,law,6.3,105,40
9654,2,ba,2,msk,law,law,6.2,79,0
9655,2,ba,2,msk,law,law,6.2,280,67
9656,2,ba,2,msk,law,law,6.5,442,156
9657,2,ba,2,msk,law,law,6,78,54
9658,2,ba,2,msk,law,law,6.3,242,95
9659,1,ba,2,msk,law,law,6.5,95,49
9660,1,ba,2,msk,law,law,6.3,212,64
9661,1,ba,2,msk,law,law,6.2,258,82
9662,0,ba,2,msk,law,law,6.5,0,0
9663,0,ba,2,msk,law,law,6,0,0
9664,2,ba,2,msk,law,law,6,27,22
9665,2,ba,2,msk,law,law,5.6,70,32
9666,2,ba,2,msk,law,law,5.7,103,17
9667,1,ba,2,msk,law,law,5.6,180,47
9668,1,ba,2,msk,law,law,5.4,83,42
9669,1,ba,2,msk,law,law,5.5,153,47
9670,2,ba,2,msk,law,law,5.5,238,60
9671,2,ba,2,msk,law,law,5.8,81,27
9672,1,ba,2,msk,law,law,5.7,122,30
9673,0,ba,2,msk,law,law,5.8,0,0
9674,2,ba,2,msk,law,law,5.3,43,20
9675,1,ba,2,msk,law,law,5.4,244,51
9676,2,ba,2,msk,law,law,5.4,76,50
9677,2,ba,2,msk,law,law,5.3,185,87
9678,2,ba,2,msk,law,law,4.8,317,211
9679,1,ba,2,msk,law,law,4.8,384,78
9680,2,ba,2,msk,law,law,4.5,89,60
9681,2,ba,2,msk,law,law,5.6,0,0
9682,2,ba,2,msk,law,law,4.4,183,97
9683,2,ba,2,msk,law,law,5,154,23
9684,2,ba,2,msk,law,law,4.4,357,190
9685,1,ba,2,msk,law,law,4,146,58
9686,2,ba,2,msk,law,law,5.3,149,31
9687,0,ba,2,msk,bisandman,logistics,9.5,0,0
9688,1,ba,2,msk,bisandman,logistics,9.2,445,109
9689,1,ba,2,msk,bisandman,logistics,8.8,167,76
9690,1,ba,2,msk,bisandman,logistics,8.5,178,47
9691,1,ba,2,msk,bisandman,logistics,8.2,99,37
9692,1,ba,2,msk,bisandman,logistics,8.2,96,59
9693,0,ba,2,msk,bisandman,logistics,8.2,0,0
9694,1,ba,2,msk,bisandman,logistics,8,190,91
9695,0,ba,2,msk,bisandman,logistics,8.8,0,0
9696,2,ba,2,msk,bisandman,logistics,8.2,218,80
9697,2,ba,2,msk,bisandman,logistics,7.8,206,59
9698,1,ba,2,msk,bisandman,logistics,8.2,157,39
9699,1,ba,2,msk,bisandman,logistics,8,119,73
9700,2,ba,2,msk,bisandman,logistics,7.2,265,75
9701,1,ba,2,msk,bisandman,logistics,8.2,118,40
9702,0,ba,2,msk,bisandman,logistics,8.2,0,0
9703,1,ba,2,msk,bisandman,logistics,8,158,62
9704,1,ba,2,msk,bisandman,logistics,8,226,49
9705,2,ba,2,msk,bisandman,logistics,7.8,131,46
9706,2,ba,2,msk,bisandman,logistics,7.5,198,47
9707,2,ba,2,msk,bisandman,logistics,7.5,118,48
9708,2,ba,2,msk,bisandman,logistics,8,113,47
9709,1,ba,2,msk,bisandman,logistics,7.5,94,50
9710,2,ba,2,msk,bisandman,logistics,7.8,122,47
9711,1,ba,2,msk,bisandman,logistics,8,209,71
9712,1,ba,2,msk,bisandman,logistics,7.8,176,33
9713,2,ba,2,msk,bisandman,logistics,7.5,204,55
9714,2,ba,2,msk,bisandman,logistics,7.5,271,127
9715,1,ba,2,msk,bisandman,logistics,7.8,25,13
9716,1,ba,2,msk,bisandman,logistics,7.5,48,27
9717,1,ba,2,msk,bisandman,logistics,7.5,330,84
9718,0,ba,2,msk,bisandman,logistics,7.5,0,0
9719,1,ba,2,msk,bisandman,logistics,7.2,127,46
9720,2,ba,2,msk,bisandman,logistics,7.2,245,70
9721,2,ba,2,msk,bisandman,logistics,7,35,18
9722,1,ba,2,msk,bisandman,logistics,7.2,334,122
9723,2,ba,2,msk,bisandman,logistics,7,224,74
9724,2,ba,2,msk,bisandman,logistics,7,114,36
9725,1,ba,2,msk,bisandman,logistics,7,191,93
9726,1,ba,2,msk,bisandman,logistics,6.8,111,19
9727,1,ba,2,msk,bisandman,logistics,6.8,192,107
9728,1,ba,2,msk,bisandman,logistics,6.2,168,77
9729,1,ba,2,msk,bisandman,logistics,7.2,168,100
9730,1,ba,2,msk,bisandman,logistics,7,405,89
9731,1,ba,2,msk,bisandman,logistics,7,76,18
9732,1,ba,2,msk,bisandman,logistics,7,180,113
9733,1,ba,2,msk,bisandman,logistics,7,106,45
9734,2,ba,2,msk,bisandman,logistics,6.8,142,57
9735,2,ba,2,msk,bisandman,logistics,7.2,368,226
9736,2,ba,2,msk,bisandman,logistics,7.2,0,0
9737,2,ba,2,msk,bisandman,logistics,7.2,167,53
9738,1,ba,2,msk,bisandman,logistics,7,140,69
9739,2,ba,2,msk,bisandman,logistics,7,322,30
9740,2,ba,2,msk,bisandman,logistics,6.8,167,83
9741,1,ba,2,msk,bisandman,logistics,6.8,187,44
9742,1,ba,2,msk,bisandman,logistics,6.8,199,41
9743,2,ba,2,msk,bisandman,logistics,6.5,141,49
9744,1,ba,2,msk,bisandman,logistics,6.8,56,41
9745,1,ba,2,msk,bisandman,logistics,6.5,119,40
9746,2,ba,2,msk,bisandman,logistics,6.5,287,133
9747,1,ba,2,msk,bisandman,logistics,7.2,223,45
9748,1,ba,2,msk,bisandman,logistics,6.8,37,20
9749,1,ba,2,msk,bisandman,logistics,6.5,144,43
9750,2,ba,2,msk,bisandman,logistics,6.2,186,2
9751,2,ba,2,msk,bisandman,logistics,6.2,142,64
9752,2,ba,2,msk,bisandman,logistics,6,154,56
9753,0,ba,2,msk,bisandman,logistics,6,0,0
9754,1,ba,2,msk,bisandman,logistics,6.8,543,88
9755,2,ba,2,msk,bisandman,logistics,6.5,166,84
9756,0,ba,2,msk,bisandman,logistics,6.5,0,0
9757,2,ba,2,msk,bisandman,logistics,6.5,480,175
9758,2,ba,2,msk,bisandman,logistics,6.2,90,46
9759,2,ba,2,msk,bisandman,logistics,6.2,440,55
9760,2,ba,2,msk,bisandman,logistics,6,273,113
9761,0,ba,2,msk,bisandman,logistics,5.8,0,0
9762,0,ba,2,msk,bisandman,logistics,6.5,0,0
9763,1,ba,2,msk,bisandman,logistics,6,177,41
9764,2,ba,2,msk,bisandman,logistics,6.5,130,59
9765,2,ba,2,msk,bisandman,logistics,6.2,35,12
9766,2,ba,2,msk,bisandman,logistics,6.2,225,31
9767,1,ba,2,msk,bisandman,logistics,6.2,134,37
9768,2,ba,2,msk,bisandman,logistics,6.2,168,72
9769,2,ba,2,msk,bisandman,logistics,6.2,140,52
9770,2,ba,2,msk,bisandman,logistics,6.5,232,135
9771,2,ba,2,msk,bisandman,logistics,6.2,68,40
9772,2,ba,2,msk,bisandman,logistics,6.2,336,130
9773,2,ba,2,msk,bisandman,logistics,6,108,69
9774,2,ba,2,msk,bisandman,logistics,5.5,417,58
9775,1,ba,2,msk,bisandman,logistics,5.5,237,111
9776,2,ba,2,msk,bisandman,logistics,5.2,418,28
9777,2,ba,2,msk,bisandman,logistics,5,235,59
9778,2,ba,2,msk,bisandman,logistics,6,123,34
9779,2,ba,2,msk,bisandman,logistics,5.2,110,21
9780,1,ba,2,msk,bisandman,logistics,5.5,18,4
9781,2,ba,2,msk,bisandman,logistics,5.5,334,160
9782,2,ba,2,msk,bisandman,logistics,5.5,206,90
9783,0,ba,2,msk,bisandman,logistics,5.2,0,0
9784,2,ba,2,msk,bisandman,logistics,5.2,390,68
9785,0,ba,2,msk,bisandman,logistics,4.5,0,0
9786,2,ba,2,msk,bisandman,logistics,4.5,113,40
9787,2,ba,2,msk,bisandman,logistics,4.2,105,37
9788,0,ba,2,msk,bisandman,logistics,5.3,0,0
9789,1,ba,2,msk,bisandman,management,9.7,293,66
9790,2,ba,2,msk,bisandman,management,9.5,340,193
9791,2,ba,2,msk,bisandman,management,9.3,169,74
9792,1,ba,2,msk,bisandman,management,9.3,380,69
9793,1,ba,2,msk,bisandman,management,9.3,247,48
9794,1,ba,2,msk,bisandman,management,9,423,152
9795,2,ba,2,msk,bisandman,management,9,334,115
9796,1,ba,2,msk,bisandman,management,9.2,218,92
9797,2,ba,2,msk,bisandman,management,9.3,117,50
9798,1,ba,2,msk,bisandman,management,9.2,242,0
9799,2,ba,2,msk,bisandman,management,9,466,194
9800,1,ba,2,msk,bisandman,management,9.3,185,82
9801,2,ba,2,msk,bisandman,management,9.2,153,86
9802,1,ba,2,msk,bisandman,management,9.2,315,180
9803,1,ba,2,msk,bisandman,management,9,298,155
9804,1,ba,2,msk,bisandman,management,8.8,852,95
9805,1,ba,2,msk,bisandman,management,8.7,222,53
9806,2,ba,2,msk,bisandman,management,9,126,46
9807,1,ba,2,msk,bisandman,management,8.5,130,43
9808,1,ba,2,msk,bisandman,management,8.7,26,8
9809,1,ba,2,msk,bisandman,management,8.5,75,54
9810,1,ba,2,msk,bisandman,management,8.3,201,102
9811,1,ba,2,msk,bisandman,management,8.8,181,68
9812,2,ba,2,msk,bisandman,management,8.5,252,63
9813,1,ba,2,msk,bisandman,management,8.7,153,80
9814,1,ba,2,msk,bisandman,management,8.7,625,143
9815,2,ba,2,msk,bisandman,management,8.5,247,138
9816,1,ba,2,msk,bisandman,management,8.7,191,101
9817,2,ba,2,msk,bisandman,management,8.3,193,107
9818,2,ba,2,msk,bisandman,management,8.3,235,112
9819,1,ba,2,msk,bisandman,management,8.8,360,163
9820,1,ba,2,msk,bisandman,management,8.6,230,95
9821,1,ba,2,msk,bisandman,management,8.5,511,89
9822,1,ba,2,msk,bisandman,management,8.5,52,29
9823,1,ba,2,msk,bisandman,management,8.3,579,132
9824,2,ba,2,msk,bisandman,management,8.7,234,75
9825,2,ba,2,msk,bisandman,management,8.7,178,101
9826,2,ba,2,msk,bisandman,management,8.5,176,78
9827,1,ba,2,msk,bisandman,management,8.5,338,159
9828,1,ba,2,msk,bisandman,management,8.3,559,265
9829,0,ba,2,msk,bisandman,management,8.3,0,0
9830,1,ba,2,msk,bisandman,management,8.3,206,37
9831,1,ba,2,msk,bisandman,management,8.5,116,54
9832,1,ba,2,msk,bisandman,management,8.3,392,112
9833,1,ba,2,msk,bisandman,management,8.5,230,68
9834,1,ba,2,msk,bisandman,management,8.5,255,136
9835,2,ba,2,msk,bisandman,management,8.3,438,130
9836,1,ba,2,msk,bisandman,management,8.3,282,122
9837,1,ba,2,msk,bisandman,management,7.8,431,104
9838,2,ba,2,msk,bisandman,management,7.8,0,0
9839,1,ba,2,msk,bisandman,management,8.3,214,103
9840,1,ba,2,msk,bisandman,management,8.2,135,61
9841,2,ba,2,msk,bisandman,management,8,535,267
9842,1,ba,2,msk,bisandman,management,8,251,119
9843,1,ba,2,msk,bisandman,management,7.7,135,30
9844,1,ba,2,msk,bisandman,management,8,181,106
9845,2,ba,2,msk,bisandman,management,7.8,158,57
9846,1,ba,2,msk,bisandman,management,7.8,96,46
9847,1,ba,2,msk,bisandman,management,7.5,206,45
9848,0,ba,2,msk,bisandman,management,7.8,0,0
9849,1,ba,2,msk,bisandman,management,7.7,245,83
9850,1,ba,2,msk,bisandman,management,7.2,401,142
9851,1,ba,2,msk,bisandman,management,7.8,160,78
9852,1,ba,2,msk,bisandman,management,7.8,319,100
9853,1,ba,2,msk,bisandman,management,7.8,362,152
9854,1,ba,2,msk,bisandman,management,7.7,114,55
9855,2,ba,2,msk,bisandman,management,7.8,372,175
9856,1,ba,2,msk,bisandman,management,7.7,906,204
9857,2,ba,2,msk,bisandman,management,7.3,534,107
9858,2,ba,2,msk,bisandman,management,7.8,141,96
9859,1,ba,2,msk,bisandman,management,7.8,174,51
9860,2,ba,2,msk,bisandman,management,7.7,182,45
9861,1,ba,2,msk,bisandman,management,7.7,144,40
9862,1,ba,2,msk,bisandman,management,7.3,392,184
9863,1,ba,2,msk,bisandman,management,7.7,172,43
9864,0,ba,2,msk,bisandman,management,7.3,0,0
9865,1,ba,2,msk,bisandman,management,7.8,106,3
9866,1,ba,2,msk,bisandman,management,7.7,426,75
9867,2,ba,2,msk,bisandman,management,7.5,80,51
9868,1,ba,2,msk,bisandman,management,7.8,205,45
9869,2,ba,2,msk,bisandman,management,7.7,444,73
9870,1,ba,2,msk,bisandman,management,7.4,320,71
9871,2,ba,2,msk,bisandman,management,7.3,223,117
9872,1,ba,2,msk,bisandman,management,7.3,198,51
9873,1,ba,2,msk,bisandman,management,8,332,65
9874,1,ba,2,msk,bisandman,management,7.3,134,65
9875,0,ba,2,msk,bisandman,management,7.2,0,0
9876,1,ba,2,msk,bisandman,management,7,88,23
9877,2,ba,2,msk,bisandman,management,7.7,229,96
9878,2,ba,2,msk,bisandman,management,7.3,413,120
9879,2,ba,2,msk,bisandman,management,7.2,374,139
9880,0,ba,2,msk,bisandman,management,6.8,0,0
9881,1,ba,2,msk,bisandman,management,7.7,123,65
9882,2,ba,2,msk,bisandman,management,7.3,146,67
9883,2,ba,2,msk,bisandman,management,7.5,458,131
9884,1,ba,2,msk,bisandman,management,7,109,56
9885,2,ba,2,msk,bisandman,management,7,603,173
9886,1,ba,2,msk,bisandman,management,7.5,135,49
9887,1,ba,2,msk,bisandman,management,7.5,162,57
9888,1,ba,2,msk,bisandman,management,7.2,315,90
9889,1,ba,2,msk,bisandman,management,6.7,250,47
9890,2,ba,2,msk,bisandman,management,7.2,310,83
9891,2,ba,2,msk,bisandman,management,7,53,32
9892,2,ba,2,msk,bisandman,management,7,192,79
9893,1,ba,2,msk,bisandman,management,6.6,307,75
9894,2,ba,2,msk,bisandman,management,6.5,215,117
9895,2,ba,2,msk,bisandman,management,6.5,268,104
9896,1,ba,2,msk,bisandman,management,6.7,597,214
9897,0,ba,2,msk,bisandman,management,7,0,0
9898,2,ba,2,msk,bisandman,management,7,126,63
9899,1,ba,2,msk,bisandman,management,6.8,371,130
9900,1,ba,2,msk,bisandman,management,6.8,501,172
9901,1,ba,2,msk,bisandman,management,7.2,134,45
9902,1,ba,2,msk,bisandman,management,7,294,168
9903,2,ba,2,msk,bisandman,management,6.7,108,65
9904,1,ba,2,msk,bisandman,management,6.5,142,70
9905,2,ba,2,msk,bisandman,management,6.3,132,66
9906,1,ba,2,msk,bisandman,management,6.7,465,125
9907,2,ba,2,msk,bisandman,management,6.7,277,103
9908,1,ba,2,msk,bisandman,management,6.3,340,104
9909,2,ba,2,msk,bisandman,management,6.3,167,62
9910,2,ba,2,msk,bisandman,management,6.3,108,60
9911,2,ba,2,msk,bisandman,management,5.9,211,91
9912,2,ba,2,msk,bisandman,management,6,300,65
9913,2,ba,2,msk,bisandman,management,6,202,73
9914,1,ba,2,msk,bisandman,management,6.7,221,57
9915,1,ba,2,msk,bisandman,management,6.2,262,78
9916,2,ba,2,msk,bisandman,management,6,806,270
9917,1,ba,2,msk,bisandman,management,6,118,51
9918,2,ba,2,msk,bisandman,management,6.7,361,94
9919,2,ba,2,msk,bisandman,management,6.4,73,39
9920,2,ba,2,msk,bisandman,management,6.3,763,141
9921,2,ba,2,msk,bisandman,management,6.3,335,92
9922,2,ba,2,msk,bisandman,management,6.2,353,118
9923,2,ba,2,msk,bisandman,management,6.2,499,109
9924,2,ba,2,msk,bisandman,management,5.9,147,100
9925,1,ba,2,msk,bisandman,management,6,89,49
9926,1,ba,2,msk,bisandman,management,6,311,70
9927,2,ba,2,msk,bisandman,management,5.9,137,78
9928,2,ba,2,msk,bisandman,management,5.7,103,29
9929,1,ba,2,msk,bisandman,management,6,132,23
9930,0,ba,2,msk,bisandman,management,5.4,0,0
9931,0,ba,2,msk,bisandman,management,6,0,0
9932,1,ba,2,msk,bisandman,management,5.8,133,57
9933,1,ba,2,msk,bisandman,management,5.8,485,62
9934,2,ba,2,msk,bisandman,management,6.2,194,43
9935,0,ba,2,msk,bisandman,management,6.2,0,0
9936,1,ba,2,msk,bisandman,management,6,369,113
9937,2,ba,2,msk,bisandman,management,5.7,91,38
9938,2,ba,2,msk,bisandman,management,6.3,46,25
9939,2,ba,2,msk,bisandman,management,5.4,228,77
9940,1,ba,2,msk,bisandman,management,5.5,156,59
9941,2,ba,2,msk,bisandman,management,5.3,467,175
9942,2,ba,2,msk,bisandman,management,5.5,111,44
9943,2,ba,2,msk,bisandman,management,4.8,266,112
9944,1,ba,2,msk,bisandman,management,5.3,403,76
9945,0,ba,2,msk,bisandman,management,5,0,0
9946,1,ba,2,msk,bisandman,management,5,304,50
9947,2,ba,2,msk,bisandman,management,5,181,59
9948,2,ba,2,msk,bisandman,management,5,106,42
9949,2,ba,2,msk,bisandman,management,4.7,177,69
9950,2,ba,2,msk,bisandman,management,4.8,791,85
9951,2,ba,2,msk,bisandman,management,4.8,1596,76
9952,0,ba,2,msk,bisandman,management,4.7,0,0
9953,2,ba,2,msk,bisandman,management,4.8,58,35
9954,1,ba,2,msk,bisandman,management,4.7,67,34
9955,2,ba,2,msk,bisandman,management,4.5,326,129
9956,1,ba,2,msk,bisandman,management,5.2,83,16
9957,2,ba,2,msk,bisandman,management,5,475,127
9958,2,ba,2,msk,bisandman,management,4.9,532,41
9959,1,ba,2,msk,bisandman,management,4.7,67,19
9960,2,ba,2,msk,bisandman,management,4,379,61
9961,2,ba,2,msk,bisandman,management,5,155,35
9962,2,ba,2,msk,bisandman,management,5.2,575,135
9963,0,ba,2,msk,bisandman,management,5.5,0,0
9964,1,ba,2,msk,econsci,nes,9.8,246,83
9965,2,ba,2,msk,econsci,nes,9.8,446,191
9966,2,ba,2,msk,econsci,nes,9.4,262,132
9967,2,ba,2,msk,econsci,nes,9.2,450,178
9968,2,ba,2,msk,econsci,nes,9.2,1083,122
9969,1,ba,2,msk,econsci,nes,9.2,470,141
9970,1,ba,2,msk,econsci,nes,9.2,176,90
9971,2,ba,2,msk,econsci,nes,9.2,166,60
9972,1,ba,2,msk,econsci,nes,9.2,589,165
9973,1,ba,2,msk,econsci,nes,9,347,99
9974,2,ba,2,msk,econsci,nes,9,199,111
9975,2,ba,2,msk,econsci,nes,9,216,98
9976,1,ba,2,msk,econsci,nes,8.8,185,95
9977,2,ba,2,msk,econsci,nes,8.8,161,52
9978,2,ba,2,msk,econsci,nes,8.8,307,163
9979,2,ba,2,msk,econsci,nes,8.4,510,198
9980,2,ba,2,msk,econsci,nes,8.4,417,144
9981,2,ba,2,msk,econsci,nes,8.2,218,91
9982,1,ba,2,msk,econsci,nes,8.2,141,81
9983,1,ba,2,msk,econsci,nes,8.2,169,76
9984,2,ba,2,msk,econsci,nes,8,398,169
9985,1,ba,2,msk,econsci,nes,8,324,92
9986,1,ba,2,msk,econsci,nes,7.8,316,109
9987,2,ba,2,msk,econsci,nes,7.3,231,69
9988,1,ba,2,msk,econsci,nes,7.6,353,149
9989,2,ba,2,msk,econsci,nes,7.6,282,102
9990,1,ba,2,msk,econsci,nes,7.4,278,131
9991,2,ba,2,msk,econsci,nes,7.4,362,96
9992,2,ba,2,msk,econsci,nes,7.4,291,107
9993,1,ba,2,msk,econsci,nes,7.4,224,117
9994,2,ba,2,msk,econsci,nes,7.4,274,143
9995,1,ba,2,msk,econsci,nes,7.2,533,141
9996,2,ba,2,msk,econsci,nes,7.2,437,156
9997,1,ba,2,msk,econsci,nes,7.2,191,110
9998,1,ba,2,msk,econsci,nes,7,257,137
9999,2,ba,2,msk,econsci,nes,7,286,154
10000,2,ba,2,msk,econsci,nes,7,305,155
10001,2,ba,2,msk,econsci,nes,6.8,212,96
10002,2,ba,2,msk,econsci,nes,6.8,86,55
10003,1,ba,2,msk,econsci,nes,6.8,287,110
10004,2,ba,2,msk,econsci,nes,6.8,152,56
10005,1,ba,2,msk,econsci,nes,6.8,838,228
10006,1,ba,2,msk,econsci,nes,6.6,361,174
10007,1,ba,2,msk,econsci,nes,6.6,50,1
10008,2,ba,2,msk,econsci,nes,6.6,269,118
10009,1,ba,2,msk,econsci,nes,6.4,244,81
10010,2,ba,2,msk,econsci,nes,6.4,746,292
10011,2,ba,2,msk,econsci,nes,6.2,160,76
10012,2,ba,2,msk,econsci,nes,6.2,552,170
10013,1,ba,2,msk,econsci,nes,6,187,69
10014,2,ba,2,msk,econsci,nes,6,159,88
10015,2,ba,2,msk,econsci,nes,5.8,55,23
10016,2,ba,2,msk,econsci,nes,5.8,336,153
10017,2,ba,2,msk,econsci,nes,5.8,409,146
10018,2,ba,2,msk,econsci,nes,5.8,324,114
10019,1,ba,2,msk,econsci,nes,5.8,322,127
10020,2,ba,2,msk,econsci,nes,5.6,170,86
10021,2,ba,2,msk,econsci,nes,5.4,203,92
10022,2,ba,2,msk,econsci,nes,5.2,137,53
10023,2,ba,2,msk,econsci,nes,5,102,36
10024,1,ba,2,msk,econsci,nes,5,154,74
10025,0,ba,2,msk,econsci,nes,4.8,0,0
10026,2,ba,2,msk,econsci,nes,4.8,109,76
10027,2,ba,2,msk,wordecon,oriental,9.2,70,15
10028,1,ba,2,msk,wordecon,oriental,9.3,112,57
10029,1,ba,2,msk,wordecon,oriental,9,30,21
10030,2,ba,2,msk,wordecon,oriental,9.2,59,12
10031,1,ba,2,msk,wordecon,oriental,8.7,154,49
10032,2,ba,2,msk,wordecon,oriental,9.2,121,70
10033,1,ba,2,msk,wordecon,oriental,8.7,110,26
10034,1,ba,2,msk,wordecon,oriental,9.2,81,42
10035,1,ba,2,msk,wordecon,oriental,8.7,228,56
10036,2,ba,2,msk,wordecon,oriental,8.3,97,24
10037,1,ba,2,msk,wordecon,oriental,8.5,229,31
10038,1,ba,2,msk,wordecon,oriental,8.2,50,20
10039,2,ba,2,msk,wordecon,oriental,8,198,69
10040,1,ba,2,msk,wordecon,oriental,8.8,558,145
10041,1,ba,2,msk,wordecon,oriental,7.8,116,32
10042,1,ba,2,msk,wordecon,oriental,8.8,25,16
10043,1,ba,2,msk,wordecon,oriental,8.7,96,5
10044,1,ba,2,msk,wordecon,oriental,8.5,253,53
10045,1,ba,2,msk,wordecon,oriental,8.5,98,36
10046,1,ba,2,msk,wordecon,oriental,8.5,400,119
10047,1,ba,2,msk,wordecon,oriental,8.7,352,110
10048,1,ba,2,msk,wordecon,oriental,8.5,280,119
10049,1,ba,2,msk,wordecon,oriental,8.1,159,44
10050,1,ba,2,msk,wordecon,oriental,8,108,30
10051,2,ba,2,msk,wordecon,oriental,8.2,100,49
10052,2,ba,2,msk,wordecon,oriental,7.8,2,2
10053,1,ba,2,msk,wordecon,oriental,8.3,136,47
10054,1,ba,2,msk,wordecon,oriental,8.2,93,59
10055,1,ba,2,msk,wordecon,oriental,8,78,33
10056,1,ba,2,msk,wordecon,oriental,8.3,191,56
10057,1,ba,2,msk,wordecon,oriental,8,240,40
10058,1,ba,2,msk,wordecon,oriental,8.2,185,68
10059,2,ba,2,msk,wordecon,oriental,8,362,110
10060,1,ba,2,msk,wordecon,oriental,7.8,163,48
10061,1,ba,2,msk,wordecon,oriental,7.8,109,34
10062,1,ba,2,msk,wordecon,oriental,8,254,73
10063,1,ba,2,msk,wordecon,oriental,8,491,238
10064,1,ba,2,msk,wordecon,oriental,7.8,664,248
10065,0,ba,2,msk,wordecon,oriental,7.8,0,0
10066,2,ba,2,msk,wordecon,oriental,7.5,38,22
10067,1,ba,2,msk,wordecon,oriental,8.5,244,146
10068,1,ba,2,msk,wordecon,oriental,7.8,95,36
10069,0,ba,2,msk,wordecon,oriental,7.8,0,0
10070,1,ba,2,msk,wordecon,oriental,7.5,230,35
10071,1,ba,2,msk,wordecon,oriental,7.8,285,118
10072,0,ba,2,msk,wordecon,oriental,7.8,0,0
10073,1,ba,2,msk,wordecon,oriental,7.5,91,47
10074,1,ba,2,msk,wordecon,oriental,7.7,44,24
10075,1,ba,2,msk,wordecon,oriental,7.2,361,55
10076,0,ba,2,msk,wordecon,oriental,7.3,0,0
10077,1,ba,2,msk,wordecon,oriental,7.5,156,47
10078,2,ba,2,msk,wordecon,oriental,6.8,631,154
10079,1,ba,2,msk,wordecon,oriental,7.7,303,33
10080,0,ba,2,msk,wordecon,oriental,7.5,0,0
10081,1,ba,2,msk,wordecon,oriental,7.8,295,96
10082,1,ba,2,msk,wordecon,oriental,7.2,91,38
10083,1,ba,2,msk,wordecon,oriental,7.2,101,19
10084,1,ba,2,msk,wordecon,oriental,7.5,324,143
10085,1,ba,2,msk,wordecon,oriental,7,125,37
10086,1,ba,2,msk,wordecon,oriental,7.7,126,30
10087,0,ba,2,msk,wordecon,oriental,7.3,0,0
10088,1,ba,2,msk,wordecon,oriental,7,452,82
10089,1,ba,2,msk,wordecon,oriental,6.8,149,72
10090,2,ba,2,msk,wordecon,oriental,6.7,0,0
10091,1,ba,2,msk,wordecon,oriental,7.2,211,49
10092,1,ba,2,msk,wordecon,oriental,7,224,65
10093,2,ba,2,msk,wordecon,oriental,6.7,167,61
10094,2,ba,2,msk,wordecon,oriental,7.5,441,210
10095,1,ba,2,msk,wordecon,oriental,7.2,95,56
10096,1,ba,2,msk,wordecon,oriental,6.8,42,15
10097,1,ba,2,msk,wordecon,oriental,7,130,56
10098,1,ba,2,msk,wordecon,oriental,7,331,82
10099,1,ba,2,msk,wordecon,oriental,7,183,50
10100,1,ba,2,msk,wordecon,oriental,6.8,140,34
10101,1,ba,2,msk,wordecon,oriental,6.8,199,48
10102,1,ba,2,msk,wordecon,oriental,6.5,77,28
10103,1,ba,2,msk,wordecon,oriental,6.3,275,18
10104,1,ba,2,msk,wordecon,oriental,7.7,151,40
10105,1,ba,2,msk,wordecon,oriental,7.7,131,29
10106,1,ba,2,msk,wordecon,oriental,6.8,628,60
10107,0,ba,2,msk,wordecon,oriental,6.8,0,0
10108,1,ba,2,msk,wordecon,oriental,6.8,310,14
10109,1,ba,2,msk,wordecon,oriental,7,86,42
10110,1,ba,2,msk,wordecon,oriental,6.8,451,208
10111,1,ba,2,msk,wordecon,oriental,6.7,117,32
10112,2,ba,2,msk,wordecon,oriental,6.7,248,97
10113,1,ba,2,msk,wordecon,oriental,6.3,163,52
10114,1,ba,2,msk,wordecon,oriental,6.5,0,0
10115,1,ba,2,msk,wordecon,oriental,5.7,53,22
10116,0,ba,2,msk,wordecon,oriental,6,0,0
10117,1,ba,2,msk,wordecon,oriental,5.8,218,53
10118,1,ba,2,msk,wordecon,oriental,5.8,63,25
10119,0,ba,2,msk,wordecon,oriental,5.7,0,0
10120,2,ba,2,msk,wordecon,oriental,5.8,96,42
10121,2,ba,2,msk,wordecon,oriental,5.8,116,53
10122,2,ba,2,msk,wordecon,oriental,5.6,232,47
10123,1,ba,2,msk,wordecon,oriental,5.2,193,36
10124,0,ba,2,msk,wordecon,oriental,6.7,0,0
10125,1,ba,2,msk,wordecon,oriental,4.8,43,24
10126,1,ba,2,msk,wordecon,oriental,5,601,229
10127,1,ba,2,msk,wordecon,oriental,5.3,358,102
10128,0,ba,2,msk,wordecon,oriental,4.7,0,0
10129,0,ba,2,msk,wordecon,oriental,5,0,0
10130,0,ba,2,msk,wordecon,oriental,0,0,0
10131,0,ba,2,msk,humanities,phil,8.9,0,0
10132,2,ba,2,msk,humanities,phil,8.4,599,49
10133,2,ba,2,msk,humanities,phil,8.6,73,25
10134,1,ba,2,msk,humanities,phil,8.6,62,21
10135,1,ba,2,msk,humanities,phil,8.5,110,35
10136,0,ba,2,msk,humanities,phil,8.4,0,0
10137,2,ba,2,msk,humanities,phil,8.1,132,7
10138,2,ba,2,msk,humanities,phil,7.9,140,30
10139,2,ba,2,msk,humanities,phil,8.1,86,28
10140,1,ba,2,msk,humanities,phil,8,325,85
10141,2,ba,2,msk,humanities,phil,7.6,214,72
10142,2,ba,2,msk,humanities,phil,7.8,147,46
10143,0,ba,2,msk,humanities,phil,7.9,0,0
10144,2,ba,2,msk,humanities,phil,7.8,486,86
10145,1,ba,2,msk,humanities,phil,8,133,24
10146,1,ba,2,msk,humanities,phil,7.8,181,63
10147,1,ba,2,msk,humanities,phil,7.8,213,85
10148,2,ba,2,msk,humanities,phil,7.6,346,60
10149,0,ba,2,msk,humanities,phil,7.8,0,0
10150,1,ba,2,msk,humanities,phil,7.6,123,21
10151,2,ba,2,msk,humanities,phil,7.6,176,37
10152,2,ba,2,msk,humanities,phil,7.5,115,36
10153,2,ba,2,msk,humanities,phil,7.1,1423,343
10154,1,ba,2,msk,humanities,phil,7.2,208,38
10155,2,ba,2,msk,humanities,phil,6.8,97,23
10156,1,ba,2,msk,humanities,phil,6.9,186,49
10157,1,ba,2,msk,humanities,phil,7,290,58
10158,2,ba,2,msk,humanities,phil,6.8,188,51
10159,2,ba,2,msk,humanities,phil,6.8,415,53
10160,1,ba,2,msk,humanities,phil,6.5,113,35
10161,0,ba,2,msk,humanities,phil,6.6,0,0
10162,1,ba,2,msk,humanities,phil,6.2,260,70
10163,2,ba,2,msk,humanities,phil,6.2,75,28
10164,2,ba,2,msk,humanities,phil,5.9,168,67
10165,2,ba,2,msk,humanities,phil,6.1,189,60
10166,2,ba,2,msk,humanities,phil,5.6,712,93
10167,0,ba,2,msk,humanities,phil,5.8,0,0
10168,1,ba,2,msk,humanities,phil,5.3,432,77
10169,1,ba,2,msk,humanities,phil,6.5,733,157
10170,1,ba,2,msk,humanities,phil,5.1,97,48
10171,2,ba,2,msk,socsci,political,9,88,59
10172,2,ba,2,msk,socsci,political,9,183,70
10173,0,ba,2,msk,socsci,political,8.8,0,0
10174,0,ba,2,msk,socsci,political,8,0,0
10175,2,ba,2,msk,socsci,political,8.5,472,116
10176,1,ba,2,msk,socsci,political,8.5,400,82
10177,1,ba,2,msk,socsci,political,8.2,0,0
10178,1,ba,2,msk,socsci,political,8.2,0,0
10179,1,ba,2,msk,socsci,political,7.8,122,88
10180,1,ba,2,msk,socsci,political,8.2,202,93
10181,1,ba,2,msk,socsci,political,8.2,210,74
10182,2,ba,2,msk,socsci,political,8,410,143
10183,2,ba,2,msk,socsci,political,7.8,0,0
10184,1,ba,2,msk,socsci,political,8,98,46
10185,0,ba,2,msk,socsci,political,7.8,0,0
10186,1,ba,2,msk,socsci,political,7.8,481,99
10187,0,ba,2,msk,socsci,political,7.8,0,0
10188,2,ba,2,msk,socsci,political,8,1568,178
10189,2,ba,2,msk,socsci,political,7.8,72,32
10190,1,ba,2,msk,socsci,political,7.5,121,45
10191,2,ba,2,msk,socsci,political,7.5,271,86
10192,1,ba,2,msk,socsci,political,7.8,177,70
10193,1,ba,2,msk,socsci,political,7.5,81,39
10194,0,ba,2,msk,socsci,political,8,0,0
10195,2,ba,2,msk,socsci,political,7.8,0,0
10196,1,ba,2,msk,socsci,political,7.5,321,137
10197,2,ba,2,msk,socsci,political,7.2,370,211
10198,1,ba,2,msk,socsci,political,7.2,238,113
10199,1,ba,2,msk,socsci,political,7.5,427,166
10200,2,ba,2,msk,socsci,political,7.5,273,55
10201,2,ba,2,msk,socsci,political,7.2,195,60
10202,1,ba,2,msk,socsci,political,7.2,117,57
10203,1,ba,2,msk,socsci,political,7.2,284,98
10204,1,ba,2,msk,socsci,political,7.2,980,286
10205,2,ba,2,msk,socsci,political,7.2,90,46
10206,2,ba,2,msk,socsci,political,6.8,168,88
10207,1,ba,2,msk,socsci,political,7.2,297,86
10208,1,ba,2,msk,socsci,political,7.2,78,31
10209,1,ba,2,msk,socsci,political,7,119,55
10210,2,ba,2,msk,socsci,political,6.8,155,74
10211,2,ba,2,msk,socsci,political,7,184,73
10212,2,ba,2,msk,socsci,political,6.5,197,12
10213,1,ba,2,msk,socsci,political,6.8,181,64
10214,2,ba,2,msk,socsci,political,6.5,250,51
10215,1,ba,2,msk,socsci,political,6.5,239,80
10216,2,ba,2,msk,socsci,political,6.2,83,41
10217,1,ba,2,msk,socsci,political,6.2,199,69
10218,1,ba,2,msk,socsci,political,6.2,221,116
10219,2,ba,2,msk,socsci,political,6.2,163,81
10220,1,ba,2,msk,socsci,political,6.2,310,112
10221,2,ba,2,msk,socsci,political,6,191,79
10222,2,ba,2,msk,socsci,political,6,133,53
10223,1,ba,2,msk,socsci,political,6.8,417,154
10224,1,ba,2,msk,socsci,political,6.2,917,249
10225,1,ba,2,msk,socsci,political,6.2,364,164
10226,1,ba,2,msk,socsci,political,6.2,144,42
10227,0,ba,2,msk,socsci,political,6.2,0,0
10228,2,ba,2,msk,socsci,political,6,1697,445
10229,1,ba,2,msk,socsci,political,6.5,185,125
10230,1,ba,2,msk,socsci,political,5.8,98,43
10231,1,ba,2,msk,socsci,political,6,84,38
10232,1,ba,2,msk,socsci,political,6.6,255,88
10233,2,ba,2,msk,socsci,political,5.8,109,35
10234,1,ba,2,msk,socsci,political,5.5,393,70
10235,2,ba,2,msk,socsci,political,5.2,913,391
10236,2,ba,2,msk,socsci,political,5.8,143,101
10237,1,ba,2,msk,socsci,political,5.8,109,60
10238,0,ba,2,msk,socsci,political,5.2,0,0
10239,1,ba,2,msk,socsci,political,5.2,348,109
10240,2,ba,2,msk,socsci,political,5.2,0,0
10241,1,ba,2,msk,socsci,political,5,633,239
10242,2,ba,2,msk,socsci,political,5,170,72
10243,1,ba,2,msk,socsci,political,5.2,185,94
10244,2,ba,2,msk,socsci,political,3.8,0,0
10245,2,ba,2,msk,socsci,political,6.3,522,63
10246,1,ba,2,msk,socsci,political,5,448,102
10247,1,ba,2,msk,socsci,psy,9.2,301,156
10248,1,ba,2,msk,socsci,psy,9,102,68
10249,2,ba,2,msk,socsci,psy,8.8,333,169
10250,1,ba,2,msk,socsci,psy,8.8,84,40
10251,1,ba,2,msk,socsci,psy,8.4,348,170
10252,1,ba,2,msk,socsci,psy,8.4,394,125
10253,1,ba,2,msk,socsci,psy,8.4,287,93
10254,1,ba,2,msk,socsci,psy,8.4,377,113
10255,1,ba,2,msk,socsci,psy,8,383,144
10256,1,ba,2,msk,socsci,psy,7.8,246,122
10257,1,ba,2,msk,socsci,psy,7.8,677,142
10258,2,ba,2,msk,socsci,psy,7.6,1166,284
10259,1,ba,2,msk,socsci,psy,7.4,695,152
10260,1,ba,2,msk,socsci,psy,7.4,374,147
10261,1,ba,2,msk,socsci,psy,7.5,242,71
10262,1,ba,2,msk,socsci,psy,7.4,188,62
10263,1,ba,2,msk,socsci,psy,7.4,113,62
10264,1,ba,2,msk,socsci,psy,7.4,258,117
10265,1,ba,2,msk,socsci,psy,7.4,122,51
10266,2,ba,2,msk,socsci,psy,7.4,375,66
10267,1,ba,2,msk,socsci,psy,7.4,149,46
10268,1,ba,2,msk,socsci,psy,7.2,344,107
10269,1,ba,2,msk,socsci,psy,7.4,258,64
10270,1,ba,2,msk,socsci,psy,7.4,352,118
10271,1,ba,2,msk,socsci,psy,7.4,212,69
10272,1,ba,2,msk,socsci,psy,7.2,375,63
10273,0,ba,2,msk,socsci,psy,7.2,0,0
10274,1,ba,2,msk,socsci,psy,7,310,84
10275,1,ba,2,msk,socsci,psy,6.8,248,116
10276,1,ba,2,msk,socsci,psy,6.8,1150,111
10277,2,ba,2,msk,socsci,psy,7,264,125
10278,0,ba,2,msk,socsci,psy,6.8,0,0
10279,1,ba,2,msk,socsci,psy,6.8,133,39
10280,0,ba,2,msk,socsci,psy,6.8,0,0
10281,1,ba,2,msk,socsci,psy,6.6,197,75
10282,1,ba,2,msk,socsci,psy,6.6,246,61
10283,1,ba,2,msk,socsci,psy,6.4,441,190
10284,1,ba,2,msk,socsci,psy,6.4,350,106
10285,1,ba,2,msk,socsci,psy,6.4,280,63
10286,2,ba,2,msk,socsci,psy,6.4,181,98
10287,1,ba,2,msk,socsci,psy,6.7,77,36
10288,1,ba,2,msk,socsci,psy,6.2,105,40
10289,1,ba,2,msk,socsci,psy,6.2,361,109
10290,0,ba,2,msk,socsci,psy,6,0,0
10291,0,ba,2,msk,socsci,psy,6.2,0,0
10292,0,ba,2,msk,socsci,psy,6,0,0
10293,1,ba,2,msk,socsci,psy,6,206,92
10294,1,ba,2,msk,socsci,psy,6.5,161,67
10295,0,ba,2,msk,socsci,psy,5.8,0,0
10296,0,ba,2,msk,socsci,psy,6,0,0
10297,1,ba,2,msk,socsci,psy,5.8,433,70
10298,2,ba,2,msk,socsci,psy,5.6,160,92
10299,1,ba,2,msk,socsci,psy,5.8,128,54
10300,1,ba,2,msk,socsci,psy,5.8,319,108
10301,1,ba,2,msk,socsci,psy,5.6,0,0
10302,2,ba,2,msk,socsci,psy,5.6,183,103
10303,0,ba,2,msk,socsci,psy,5.4,0,0
10304,1,ba,2,msk,socsci,psy,5.4,130,41
10305,1,ba,2,msk,socsci,psy,5.4,249,82
10306,1,ba,2,msk,socsci,psy,5.4,355,159
10307,1,ba,2,msk,socsci,psy,5.4,0,0
10308,2,ba,2,msk,socsci,psy,5.4,79,19
10309,1,ba,2,msk,socsci,psy,5.2,485,137
10310,1,ba,2,msk,socsci,psy,5.2,283,59
10311,1,ba,2,msk,socsci,psy,5,131,45
10312,2,ba,2,msk,socsci,psy,5.2,697,213
10313,1,ba,2,msk,socsci,psy,5,179,48
10314,1,ba,2,msk,socsci,psy,4.8,122,42
10315,1,ba,2,msk,socsci,psy,4.6,0,0
10316,2,ba,2,msk,cs,se,9.1,176,62
10317,2,ba,2,msk,cs,se,8.8,148,57
10318,1,ba,2,msk,cs,se,8.7,208,60
10319,2,ba,2,msk,cs,se,8.7,127,46
10320,1,ba,2,msk,cs,se,8.8,87,33
10321,2,ba,2,msk,cs,se,8.4,103,46
10322,2,ba,2,msk,cs,se,8.3,93,62
10323,2,ba,2,msk,cs,se,8.6,163,63
10324,2,ba,2,msk,cs,se,8.4,103,37
10325,2,ba,2,msk,cs,se,8.3,122,47
10326,2,ba,2,msk,cs,se,8.3,156,29
10327,2,ba,2,msk,cs,se,8.7,69,9
10328,0,ba,2,msk,cs,se,8.2,0,0
10329,2,ba,2,msk,cs,se,8.2,55,17
10330,2,ba,2,msk,cs,se,8,65,30
10331,2,ba,2,msk,cs,se,8.2,187,70
10332,2,ba,2,msk,cs,se,8,190,104
10333,2,ba,2,msk,cs,se,7.9,141,38
10334,0,ba,2,msk,cs,se,8.1,0,0
10335,2,ba,2,msk,cs,se,8.1,40,20
10336,2,ba,2,msk,cs,se,7.7,167,43
10337,1,ba,2,msk,cs,se,7.9,687,137
10338,2,ba,2,msk,cs,se,7.7,131,37
10339,2,ba,2,msk,cs,se,8.1,100,32
10340,2,ba,2,msk,cs,se,8.1,203,61
10341,2,ba,2,msk,cs,se,7.9,69,27
10342,2,ba,2,msk,cs,se,8,671,218
10343,2,ba,2,msk,cs,se,7.6,128,29
10344,2,ba,2,msk,cs,se,7.4,176,48
10345,2,ba,2,msk,cs,se,7.7,361,64
10346,2,ba,2,msk,cs,se,7.8,335,82
10347,2,ba,2,msk,cs,se,7.7,253,155
10348,1,ba,2,msk,cs,se,8,121,49
10349,1,ba,2,msk,cs,se,7.6,199,76
10350,2,ba,2,msk,cs,se,7.8,49,14
10351,2,ba,2,msk,cs,se,7.6,371,173
10352,2,ba,2,msk,cs,se,7.8,326,87
10353,0,ba,2,msk,cs,se,7.2,0,0
10354,2,ba,2,msk,cs,se,7.7,80,23
10355,2,ba,2,msk,cs,se,7.6,156,34
10356,0,ba,2,msk,cs,se,7.3,0,0
10357,2,ba,2,msk,cs,se,7.3,0,0
10358,2,ba,2,msk,cs,se,7,133,67
10359,2,ba,2,msk,cs,se,7.3,112,67
10360,2,ba,2,msk,cs,se,7.2,129,66
10361,2,ba,2,msk,cs,se,7.1,249,77
10362,0,ba,2,msk,cs,se,7,0,0
10363,2,ba,2,msk,cs,se,7,220,45
10364,1,ba,2,msk,cs,se,7,78,4
10365,2,ba,2,msk,cs,se,7,199,127
10366,2,ba,2,msk,cs,se,7.4,214,120
10367,2,ba,2,msk,cs,se,7.2,128,36
10368,0,ba,2,msk,cs,se,7.6,0,0
10369,2,ba,2,msk,cs,se,7.1,77,27
10370,2,ba,2,msk,cs,se,6.5,121,51
10371,2,ba,2,msk,cs,se,6.8,69,30
10372,2,ba,2,msk,cs,se,6.8,378,97
10373,1,ba,2,msk,cs,se,6.8,137,66
10374,2,ba,2,msk,cs,se,7,95,52
10375,2,ba,2,msk,cs,se,6.8,189,99
10376,0,ba,2,msk,cs,se,6.8,0,0
10377,2,ba,2,msk,cs,se,7.2,31,12
10378,2,ba,2,msk,cs,se,6.7,0,0
10379,2,ba,2,msk,cs,se,7.2,388,186
10380,1,ba,2,msk,cs,se,6.7,454,120
10381,2,ba,2,msk,cs,se,6.7,271,92
10382,2,ba,2,msk,cs,se,6.6,273,92
10383,2,ba,2,msk,cs,se,6.6,104,60
10384,2,ba,2,msk,cs,se,6.9,373,106
10385,2,ba,2,msk,cs,se,6.4,210,63
10386,1,ba,2,msk,cs,se,6.6,254,61
10387,1,ba,2,msk,cs,se,6.2,202,51
10388,2,ba,2,msk,cs,se,6.3,268,60
10389,2,ba,2,msk,cs,se,6.7,77,27
10390,2,ba,2,msk,cs,se,6,75,24
10391,1,ba,2,msk,cs,se,6.2,423,214
10392,2,ba,2,msk,cs,se,6.1,379,177
10393,2,ba,2,msk,cs,se,6.1,8,7
10394,2,ba,2,msk,cs,se,6,145,29
10395,2,ba,2,msk,cs,se,6.3,51,34
10396,2,ba,2,msk,cs,se,5.8,119,21
10397,2,ba,2,msk,cs,se,5.8,116,82
10398,0,ba,2,msk,cs,se,6.1,0,0
10399,2,ba,2,msk,cs,se,5.7,137,66
10400,2,ba,2,msk,cs,se,5.8,100,69
10401,0,ba,2,msk,cs,se,5.8,0,0
10402,2,ba,2,msk,cs,se,5.7,185,108
10403,2,ba,2,msk,cs,se,5.7,36,14
10404,1,ba,2,msk,cs,se,5.7,678,212
10405,2,ba,2,msk,cs,se,5.4,446,68
10406,1,ba,2,msk,socsci,soc,8.9,250,83
10407,1,ba,2,msk,socsci,soc,9.1,199,66
10408,1,ba,2,msk,socsci,soc,9,433,147
10409,2,ba,2,msk,socsci,soc,8.7,86,45
10410,1,ba,2,msk,socsci,soc,9.1,35,24
10411,1,ba,2,msk,socsci,soc,8.7,395,105
10412,1,ba,2,msk,socsci,soc,8.4,99,24
10413,1,ba,2,msk,socsci,soc,9,142,33
10414,1,ba,2,msk,socsci,soc,8.8,142,33
10415,1,ba,2,msk,socsci,soc,8.6,82,31
10416,0,ba,2,msk,socsci,soc,8.7,0,0
10417,1,ba,2,msk,socsci,soc,8.6,129,68
10418,1,ba,2,msk,socsci,soc,8.4,679,173
10419,1,ba,2,msk,socsci,soc,8.1,309,57
10420,1,ba,2,msk,socsci,soc,8.4,215,46
10421,2,ba,2,msk,socsci,soc,8.3,1197,175
10422,0,ba,2,msk,socsci,soc,8.3,0,0
10423,1,ba,2,msk,socsci,soc,8.1,295,145
10424,1,ba,2,msk,socsci,soc,8.1,1459,105
10425,1,ba,2,msk,socsci,soc,8,131,51
10426,1,ba,2,msk,socsci,soc,8.3,100,40
10427,2,ba,2,msk,socsci,soc,8.3,383,147
10428,1,ba,2,msk,socsci,soc,8,116,63
10429,1,ba,2,msk,socsci,soc,8.1,207,71
10430,1,ba,2,msk,socsci,soc,7.7,174,69
10431,1,ba,2,msk,socsci,soc,8,302,44
10432,1,ba,2,msk,socsci,soc,7.9,233,123
10433,1,ba,2,msk,socsci,soc,7.9,203,70
10434,1,ba,2,msk,socsci,soc,8.1,466,120
10435,1,ba,2,msk,socsci,soc,8,297,40
10436,1,ba,2,msk,socsci,soc,7.9,275,40
10437,1,ba,2,msk,socsci,soc,8,723,320
10438,1,ba,2,msk,socsci,soc,7.9,266,121
10439,1,ba,2,msk,socsci,soc,8,304,56
10440,2,ba,2,msk,socsci,soc,7.9,55,18
10441,1,ba,2,msk,socsci,soc,7.9,517,63
10442,2,ba,2,msk,socsci,soc,7.9,182,81
10443,1,ba,2,msk,socsci,soc,7.7,370,145
10444,2,ba,2,msk,socsci,soc,7.9,165,50
10445,1,ba,2,msk,socsci,soc,7.9,187,74
10446,1,ba,2,msk,socsci,soc,8,165,48
10447,1,ba,2,msk,socsci,soc,7.9,225,43
10448,2,ba,2,msk,socsci,soc,6.4,23,10
10449,1,ba,2,msk,socsci,soc,7.6,344,58
10450,2,ba,2,msk,socsci,soc,7.7,105,60
10451,1,ba,2,msk,socsci,soc,7.4,100,50
10452,1,ba,2,msk,socsci,soc,7.6,179,65
10453,2,ba,2,msk,socsci,soc,7.4,136,66
10454,1,ba,2,msk,socsci,soc,7.6,277,61
10455,1,ba,2,msk,socsci,soc,7.4,295,75
10456,2,ba,2,msk,socsci,soc,7.3,44,19
10457,1,ba,2,msk,socsci,soc,7.7,432,176
10458,2,ba,2,msk,socsci,soc,7.6,106,48
10459,2,ba,2,msk,socsci,soc,7.4,175,93
10460,1,ba,2,msk,socsci,soc,7.6,320,144
10461,1,ba,2,msk,socsci,soc,7.4,195,40
10462,1,ba,2,msk,socsci,soc,7.1,426,232
10463,1,ba,2,msk,socsci,soc,7.1,475,196
10464,1,ba,2,msk,socsci,soc,7.4,351,65
10465,1,ba,2,msk,socsci,soc,7.3,82,34
10466,1,ba,2,msk,socsci,soc,7,0,0
10467,1,ba,2,msk,socsci,soc,7.3,272,140
10468,1,ba,2,msk,socsci,soc,7.1,122,46
10469,1,ba,2,msk,socsci,soc,6.9,105,61
10470,1,ba,2,msk,socsci,soc,7.3,65,37
10471,1,ba,2,msk,socsci,soc,7,176,78
10472,1,ba,2,msk,socsci,soc,7.3,340,83
10473,1,ba,2,msk,socsci,soc,6.9,750,169
10474,1,ba,2,msk,socsci,soc,7.1,219,51
10475,1,ba,2,msk,socsci,soc,7.1,338,90
10476,1,ba,2,msk,socsci,soc,7,292,88
10477,2,ba,2,msk,socsci,soc,6.6,100,57
10478,2,ba,2,msk,socsci,soc,7.2,148,65
10479,1,ba,2,msk,socsci,soc,6.9,535,73
10480,0,ba,2,msk,socsci,soc,6.9,0,0
10481,1,ba,2,msk,socsci,soc,7,100,57
10482,2,ba,2,msk,socsci,soc,6.6,77,49
10483,1,ba,2,msk,socsci,soc,6.3,111,36
10484,1,ba,2,msk,socsci,soc,6.9,80,30
10485,1,ba,2,msk,socsci,soc,6.7,86,26
10486,1,ba,2,msk,socsci,soc,6.9,152,54
10487,0,ba,2,msk,socsci,soc,6.9,0,0
10488,2,ba,2,msk,socsci,soc,6.6,183,42
10489,0,ba,2,msk,socsci,soc,6.6,0,0
10490,1,ba,2,msk,socsci,soc,5.7,526,141
10491,2,ba,2,msk,socsci,soc,6.4,259,122
10492,1,ba,2,msk,socsci,soc,6.3,267,69
10493,2,ba,2,msk,socsci,soc,6.4,170,107
10494,0,ba,2,msk,socsci,soc,6.4,0,0
10495,1,ba,2,msk,socsci,soc,6.4,403,88
10496,1,ba,2,msk,socsci,soc,6.3,147,54
10497,1,ba,2,msk,socsci,soc,6.1,249,101
10498,2,ba,2,msk,socsci,soc,6.6,47,22
10499,1,ba,2,msk,socsci,soc,6.1,573,140
10500,1,ba,2,msk,socsci,soc,6.3,493,50
10501,1,ba,2,msk,socsci,soc,6.3,111,42
10502,2,ba,2,msk,socsci,soc,6.3,135,26
10503,1,ba,2,msk,socsci,soc,6.8,163,13
10504,1,ba,2,msk,socsci,soc,5.9,211,61
10505,1,ba,2,msk,socsci,soc,6,373,85
10506,2,ba,2,msk,socsci,soc,5.9,201,128
10507,1,ba,2,msk,socsci,soc,6,235,80
10508,1,ba,2,msk,socsci,soc,5.9,166,63
10509,2,ba,2,msk,socsci,soc,6,101,40
10510,1,ba,2,msk,socsci,soc,5.6,104,49
10511,1,ba,2,msk,socsci,soc,5.6,260,96
10512,1,ba,2,msk,socsci,soc,5.4,602,72
10513,2,ba,2,msk,socsci,soc,5.4,220,95
10514,1,ba,2,msk,socsci,soc,5.4,62,29
10515,1,ba,2,msk,socsci,soc,5.6,182,59
10516,1,ba,2,msk,econsci,stat,9.3,203,60
10517,1,ba,2,msk,econsci,stat,8.9,200,79
10518,1,ba,2,msk,econsci,stat,8.9,185,72
10519,1,ba,2,msk,econsci,stat,8.3,199,76
10520,1,ba,2,msk,econsci,stat,8.4,143,54
10521,2,ba,2,msk,econsci,stat,8.2,218,101
10522,1,ba,2,msk,econsci,stat,8.4,190,46
10523,1,ba,2,msk,econsci,stat,8.3,266,102
10524,1,ba,2,msk,econsci,stat,8.1,158,58
10525,2,ba,2,msk,econsci,stat,7.7,233,99
10526,1,ba,2,msk,econsci,stat,8,119,57
10527,2,ba,2,msk,econsci,stat,7.7,55,42
10528,1,ba,2,msk,econsci,stat,7.8,331,61
10529,1,ba,2,msk,econsci,stat,8.2,113,75
10530,1,ba,2,msk,econsci,stat,8,180,65
10531,2,ba,2,msk,econsci,stat,7.8,356,123
10532,1,ba,2,msk,econsci,stat,7.3,284,143
10533,1,ba,2,msk,econsci,stat,7.3,72,38
10534,1,ba,2,msk,econsci,stat,7.4,346,77
10535,1,ba,2,msk,econsci,stat,7.4,412,136
10536,1,ba,2,msk,econsci,stat,7.4,122,51
10537,1,ba,2,msk,econsci,stat,7.5,282,128
10538,1,ba,2,msk,econsci,stat,7.2,196,36
10539,1,ba,2,msk,econsci,stat,7.1,113,39
10540,1,ba,2,msk,econsci,stat,7.3,126,79
10541,1,ba,2,msk,econsci,stat,6.9,118,79
10542,1,ba,2,msk,econsci,stat,7,175,64
10543,1,ba,2,msk,econsci,stat,6.7,496,131
10544,1,ba,2,msk,econsci,stat,7,171,61
10545,0,ba,2,msk,econsci,stat,6.9,0,0
10546,1,ba,2,msk,econsci,stat,7,122,45
10547,2,ba,2,msk,econsci,stat,6.7,139,55
10548,2,ba,2,msk,econsci,stat,6.8,225,104
10549,1,ba,2,msk,econsci,stat,6.7,265,69
10550,0,ba,2,msk,econsci,stat,6.6,0,0
10551,2,ba,2,msk,econsci,stat,6.3,121,72
10552,1,ba,2,msk,econsci,stat,6.3,282,58
10553,1,ba,2,msk,econsci,stat,6.2,234,112
10554,1,ba,2,msk,econsci,stat,6.8,410,137
10555,2,ba,2,msk,econsci,stat,6.2,137,41
10556,1,ba,2,msk,econsci,stat,6.5,62,24
10557,1,ba,2,msk,econsci,stat,6.5,363,98
10558,0,ba,2,msk,econsci,stat,6.5,0,0
10559,1,ba,2,msk,econsci,stat,6.1,566,219
10560,2,ba,2,msk,econsci,stat,6.2,187,79
10561,1,ba,2,msk,econsci,stat,5.9,134,52
10562,1,ba,2,msk,econsci,stat,6.1,31,20
10563,1,ba,2,msk,econsci,stat,5.4,74,34
10564,1,ba,2,msk,econsci,stat,5.2,340,152
10565,1,ba,2,msk,econsci,stat,4.9,467,181
10566,1,ba,2,msk,econsci,stat,4.8,127,54
10567,2,ba,2,msk,econsci,stat,4.7,144,52
10568,0,ba,2,msk,econsci,stat,4,0,0
10569,0,ba,2,msk,econsci,stat,6.3,0,0
10570,2,ba,2,msk,wordecon,we,9,341,116
10571,1,ba,2,msk,wordecon,we,9.2,235,109
10572,2,ba,2,msk,wordecon,we,9,363,180
10573,2,ba,2,msk,wordecon,we,9,107,42
10574,1,ba,2,msk,wordecon,we,9,136,55
10575,2,ba,2,msk,wordecon,we,9,279,132
10576,1,ba,2,msk,wordecon,we,8.5,204,90
10577,0,ba,2,msk,wordecon,we,8.8,0,0
10578,1,ba,2,msk,wordecon,we,9,324,56
10579,1,ba,2,msk,wordecon,we,8.5,208,62
10580,1,ba,2,msk,wordecon,we,8.5,519,146
10581,0,ba,2,msk,wordecon,we,8,0,0
10582,2,ba,2,msk,wordecon,we,8,355,128
10583,1,ba,2,msk,wordecon,we,8.8,141,85
10584,2,ba,2,msk,wordecon,we,8.5,220,128
10585,1,ba,2,msk,wordecon,we,8.5,170,115
10586,1,ba,2,msk,wordecon,we,8.8,177,56
10587,0,ba,2,msk,wordecon,we,8.5,0,0
10588,1,ba,2,msk,wordecon,we,8.5,163,71
10589,2,ba,2,msk,wordecon,we,8.2,283,126
10590,1,ba,2,msk,wordecon,we,8.2,383,115
10591,1,ba,2,msk,wordecon,we,8.5,66,22
10592,1,ba,2,msk,wordecon,we,8.8,115,55
10593,1,ba,2,msk,wordecon,we,8.5,313,80
10594,2,ba,2,msk,wordecon,we,7.8,0,0
10595,2,ba,2,msk,wordecon,we,7.8,316,134
10596,1,ba,2,msk,wordecon,we,7.5,253,79
10597,2,ba,2,msk,wordecon,we,7.5,1044,153
10598,1,ba,2,msk,wordecon,we,8.5,421,143
10599,1,ba,2,msk,wordecon,we,8.5,185,66
10600,1,ba,2,msk,wordecon,we,8.2,357,80
10601,2,ba,2,msk,wordecon,we,8,77,19
10602,1,ba,2,msk,wordecon,we,8.5,405,133
10603,2,ba,2,msk,wordecon,we,8,150,61
10604,1,ba,2,msk,wordecon,we,7.5,306,116
10605,2,ba,2,msk,wordecon,we,7.8,285,109
10606,1,ba,2,msk,wordecon,we,8.5,179,67
10607,1,ba,2,msk,wordecon,we,7.8,477,158
10608,2,ba,2,msk,wordecon,we,7.2,477,196
10609,1,ba,2,msk,wordecon,we,8,255,74
10610,1,ba,2,msk,wordecon,we,8.2,191,82
10611,1,ba,2,msk,wordecon,we,8,585,132
10612,1,ba,2,msk,wordecon,we,8,302,94
10613,1,ba,2,msk,wordecon,we,8,331,83
10614,1,ba,2,msk,wordecon,we,7.8,98,50
10615,1,ba,2,msk,wordecon,we,7.8,90,41
10616,2,ba,2,msk,wordecon,we,8.5,94,45
10617,1,ba,2,msk,wordecon,we,8.2,131,41
10618,1,ba,2,msk,wordecon,we,7.5,83,23
10619,1,ba,2,msk,wordecon,we,7.5,168,88
10620,2,ba,2,msk,wordecon,we,6.8,209,73
10621,1,ba,2,msk,wordecon,we,7.5,215,125
10622,1,ba,2,msk,wordecon,we,7.5,222,143
10623,2,ba,2,msk,wordecon,we,7.5,52,35
10624,2,ba,2,msk,wordecon,we,7.5,43,25
10625,1,ba,2,msk,wordecon,we,7.2,128,56
10626,1,ba,2,msk,wordecon,we,7.2,330,82
10627,1,ba,2,msk,wordecon,we,6.5,0,0
10628,1,ba,2,msk,wordecon,we,7.5,188,49
10629,2,ba,2,msk,wordecon,we,6.8,147,53
10630,1,ba,2,msk,wordecon,we,7.2,141,44
10631,2,ba,2,msk,wordecon,we,6.5,176,89
10632,1,ba,2,msk,wordecon,we,7,0,0
10633,1,ba,2,msk,wordecon,we,7.2,129,60
10634,2,ba,2,msk,wordecon,we,6.2,193,85
10635,1,ba,2,msk,wordecon,we,7,275,51
10636,2,ba,2,msk,wordecon,we,6.5,395,117
10637,1,ba,2,msk,wordecon,we,6.5,268,73
10638,1,ba,2,msk,wordecon,we,6.5,123,36
10639,1,ba,2,msk,wordecon,we,7.2,446,157
10640,2,ba,2,msk,wordecon,we,7.2,113,59
10641,1,ba,2,msk,wordecon,we,7.2,113,28
10642,1,ba,2,msk,wordecon,we,6.8,229,41
10643,0,ba,2,msk,wordecon,we,6.2,0,0
10644,1,ba,2,msk,wordecon,we,7.2,195,61
10645,2,ba,2,msk,wordecon,we,6.2,274,58
10646,1,ba,2,msk,wordecon,we,6.8,432,95
10647,1,ba,2,msk,wordecon,we,6.2,506,95
10648,2,ba,2,msk,wordecon,we,6.2,263,112
10649,2,ba,2,msk,wordecon,we,6.2,183,50
10650,1,ba,2,msk,wordecon,we,7.5,199,79
10651,1,ba,2,msk,wordecon,we,6,489,99
10652,1,ba,2,msk,wordecon,we,7.2,259,73
10653,1,ba,2,msk,wordecon,we,7,243,75
10654,1,ba,2,msk,wordecon,we,6.8,175,53
10655,1,ba,2,msk,wordecon,we,6.5,80,14
10656,1,ba,2,msk,wordecon,we,6.8,250,50
10657,2,ba,2,msk,wordecon,we,6.8,326,116
10658,1,ba,2,msk,wordecon,we,6.5,164,36
10659,2,ba,2,msk,wordecon,we,6.5,112,56
10660,2,ba,2,msk,wordecon,we,5.8,768,202
10661,1,ba,2,msk,wordecon,we,5.8,170,55
10662,1,ba,2,msk,wordecon,we,6.8,218,66
10663,2,ba,2,msk,wordecon,we,5.2,182,45
10664,2,ba,2,msk,wordecon,we,5.5,211,129
10665,1,ba,2,msk,wordecon,we,5.8,373,10
10666,2,ba,2,msk,wordecon,we,6,261,47
10667,2,ba,2,msk,wordecon,we,5.8,149,76
10668,2,ba,2,msk,wordecon,we,5.8,121,40
10669,1,ba,2,msk,wordecon,we,5,546,237
10670,2,ba,2,msk,wordecon,we,5.2,0,0
10671,2,ba,2,msk,wordecon,we,6,149,38
10672,2,ba,2,msk,wordecon,we,5.5,143,55
10673,2,ba,2,msk,wordecon,we,4.5,516,174
10674,2,ba,2,msk,wordecon,we,5.8,194,104
10675,1,ba,2,msk,wordecon,we,6.2,343,84
10676,2,ba,2,msk,wordecon,we,6,226,19
10677,0,ba,2,msk,wordecon,we,4.8,0,0
10678,0,ba,2,msk,wordecon,we,5.2,0,0
10679,2,ba,2,msk,wordecon,we,5.2,128,62
10680,2,ba,2,msk,wordecon,we,5,133,55
10681,2,ba,2,msk,wordecon,we,5.5,137,91
10682,2,ba,2,msk,wordecon,we,5.8,198,124
10683,2,ba,2,msk,wordecon,we,5,168,22
10684,1,ba,2,msk,wordecon,we,4.8,141,22
10685,2,ba,2,msk,wordecon,we,4.8,80,35
10686,2,ba,2,msk,wordecon,we,5.2,700,247
10687,1,ba,2,msk,wordecon,we,6,0,0
10688,2,ba,2,msk,wordecon,we,4.2,451,77
10689,1,ba,2,msk,wordecon,we,5,152,49
10690,2,ba,2,msk,wordecon,we,4.2,142,66
10691,0,ba,2,msk,wordecon,we,5.2,0,0
10692,2,ba,2,msk,wordecon,we,3.8,232,97
10693,1,ba,2,msk,wordecon,we,5.5,472,208
10694,2,ba,2,msk,wordecon,we,5.5,475,80
10695,2,ba,2,msk,wordecon,we,5,76,44
10696,0,ba,2,msk,wordecon,we,5.5,0,0
10697,2,ba,2,msk,wordecon,we,5.5,358,64
10698,1,ba,2,msk,humanities,histart,9,102,28
10699,1,ba,2,msk,humanities,histart,8.5,86,27
10700,0,ba,2,msk,humanities,histart,8.2,0,0
10701,1,ba,2,msk,humanities,histart,8.2,56,18
10702,1,ba,2,msk,humanities,histart,8.2,101,28
10703,1,ba,2,msk,humanities,histart,8,203,50
10704,1,ba,2,msk,humanities,histart,9,199,54
10705,2,ba,2,msk,humanities,histart,8.5,83,17
10706,1,ba,2,msk,humanities,histart,8.2,158,63
10707,1,ba,2,msk,humanities,histart,8,556,174
10708,1,ba,2,msk,humanities,histart,8,307,40
10709,1,ba,2,msk,humanities,histart,8.8,103,8
10710,0,ba,2,msk,humanities,histart,8,0,0
10711,1,ba,2,msk,humanities,histart,8,297,42
10712,1,ba,2,msk,humanities,histart,7.4,76,33
10713,1,ba,2,msk,humanities,histart,7.2,470,130
10714,1,ba,2,msk,humanities,histart,7.2,408,40
10715,1,ba,2,msk,humanities,histart,7,87,33
10716,1,ba,2,msk,humanities,histart,7.2,185,57
10717,1,ba,2,msk,humanities,histart,7.8,27,13
10718,1,ba,2,msk,humanities,histart,6.2,65,27
10719,2,ba,2,msk,humanities,histart,6.5,400,184
10720,1,ba,2,msk,humanities,histart,6.2,277,30
10721,1,ba,2,msk,humanities,histart,6.8,684,135
10722,1,ba,2,msk,humanities,histart,5.8,333,116
10723,1,ba,2,msk,humanities,histart,6,66,20
10724,1,ba,2,msk,humanities,histart,6.2,94,30
10725,2,ba,2,msk,humanities,histart,5.2,1220,403
10726,2,ba,2,msk,humanities,histart,6.5,127,58
10727,1,ba,3,msk,mediades,ad,10,333,117
10728,1,ba,3,msk,mediades,ad,9.6,264,68
10729,0,ba,3,msk,mediades,ad,9.6,0,0
10730,1,ba,3,msk,mediades,ad,9.3,497,104
10731,1,ba,3,msk,mediades,ad,9.3,246,100
10732,1,ba,3,msk,mediades,ad,9.3,215,50
10733,2,ba,3,msk,mediades,ad,9.3,480,227
10734,1,ba,3,msk,mediades,ad,9.1,284,61
10735,1,ba,3,msk,mediades,ad,9.3,318,99
10736,1,ba,3,msk,mediades,ad,9,152,60
10737,1,ba,3,msk,mediades,ad,9.1,172,95
10738,1,ba,3,msk,mediades,ad,9.3,173,53
10739,1,ba,3,msk,mediades,ad,9.1,281,60
10740,1,ba,3,msk,mediades,ad,9,180,43
10741,1,ba,3,msk,mediades,ad,8.9,344,114
10742,1,ba,3,msk,mediades,ad,9,444,134
10743,1,ba,3,msk,mediades,ad,8.9,179,54
10744,1,ba,3,msk,mediades,ad,8.9,65,24
10745,1,ba,3,msk,mediades,ad,8.7,388,66
10746,0,ba,3,msk,mediades,ad,8.7,0,0
10747,1,ba,3,msk,mediades,ad,8.7,240,98
10748,1,ba,3,msk,mediades,ad,8.6,615,283
10749,1,ba,3,msk,mediades,ad,8.6,183,75
10750,1,ba,3,msk,mediades,ad,8.7,374,140
10751,1,ba,3,msk,mediades,ad,8.7,424,106
10752,1,ba,3,msk,mediades,ad,8.6,141,33
10753,1,ba,3,msk,mediades,ad,8.6,452,106
10754,0,ba,3,msk,mediades,ad,8.6,0,0
10755,2,ba,3,msk,mediades,ad,8.4,549,113
10756,1,ba,3,msk,mediades,ad,8.4,263,40
10757,1,ba,3,msk,mediades,ad,8.5,343,123
10758,1,ba,3,msk,mediades,ad,8.4,193,31
10759,1,ba,3,msk,mediades,ad,8.3,277,77
10760,1,ba,3,msk,mediades,ad,8.3,331,47
10761,1,ba,3,msk,mediades,ad,8.3,1111,56
10762,1,ba,3,msk,mediades,ad,8.3,91,23
10763,1,ba,3,msk,mediades,ad,8.1,141,37
10764,1,ba,3,msk,mediades,ad,8.4,437,119
10765,0,ba,3,msk,mediades,ad,8.1,0,0
10766,1,ba,3,msk,mediades,ad,8.4,0,0
10767,1,ba,3,msk,mediades,ad,8.1,141,47
10768,1,ba,3,msk,mediades,ad,8,248,82
10769,1,ba,3,msk,mediades,ad,8.1,66,35
10770,1,ba,3,msk,mediades,ad,8,138,39
10771,1,ba,3,msk,mediades,ad,8,865,119
10772,1,ba,3,msk,mediades,ad,8,212,70
10773,1,ba,3,msk,mediades,ad,7.9,253,58
10774,2,ba,3,msk,mediades,ad,7.9,211,82
10775,2,ba,3,msk,mediades,ad,7.7,239,124
10776,1,ba,3,msk,mediades,ad,7.7,607,150
10777,1,ba,3,msk,mediades,ad,7.7,464,86
10778,1,ba,3,msk,mediades,ad,7.4,154,51
10779,1,ba,3,msk,mediades,ad,7.5,200,59
10780,1,ba,3,msk,mediades,ad,7.6,816,162
10781,0,ba,3,msk,mediades,ad,7.4,0,0
10782,2,ba,3,msk,mediades,ad,7.4,76,32
10783,1,ba,3,msk,mediades,ad,7.3,0,0
10784,2,ba,3,msk,mediades,ad,7,396,95
10785,1,ba,3,msk,mediades,ad,7.3,187,28
10786,1,ba,3,msk,mediades,ad,7.1,192,31
10787,1,ba,3,msk,mediades,ad,7.1,233,58
10788,1,ba,3,msk,mediades,ad,7,66,32
10789,2,ba,3,msk,mediades,ad,6.9,338,9
10790,1,ba,3,msk,mediades,ad,6.7,261,48
10791,1,ba,3,msk,mediades,ad,6.6,236,73
10792,2,ba,3,msk,mediades,ad,7.3,395,72
10793,1,ba,3,msk,mediades,ad,6.3,165,31
10794,1,ba,3,msk,mediades,ad,6,501,126
10795,2,ba,3,msk,mediades,ad,5.9,369,153
10796,2,ba,3,msk,mediades,ad,6.7,215,17
10797,0,ba,3,msk,mediades,ad,5.6,0,0
10798,1,ba,3,msk,mediades,ad,5.1,371,37
10799,2,ba,3,msk,mediades,ad,6.2,464,21
10800,2,ba,3,msk,mediades,ad,5.3,268,34
10801,2,ba,3,msk,miem,am,9.2,53,23
10802,2,ba,3,msk,miem,am,9.2,81,32
10803,2,ba,3,msk,miem,am,9.2,0,0
10804,2,ba,3,msk,miem,am,9.2,103,25
10805,1,ba,3,msk,miem,am,8.8,61,37
10806,2,ba,3,msk,miem,am,8.3,142,29
10807,2,ba,3,msk,miem,am,8.5,108,26
10808,2,ba,3,msk,miem,am,8.5,166,40
10809,2,ba,3,msk,miem,am,8.3,5,0
10810,1,ba,3,msk,miem,am,8.5,120,35
10811,1,ba,3,msk,miem,am,8.2,193,37
10812,2,ba,3,msk,miem,am,8.2,62,30
10813,2,ba,3,msk,miem,am,7.7,160,68
10814,2,ba,3,msk,miem,am,8,127,43
10815,2,ba,3,msk,miem,am,7.7,110,29
10816,1,ba,3,msk,miem,am,7.7,130,38
10817,0,ba,3,msk,miem,am,7.3,0,0
10818,2,ba,3,msk,miem,am,7.2,97,21
10819,1,ba,3,msk,miem,am,7,139,22
10820,2,ba,3,msk,miem,am,7,193,49
10821,1,ba,3,msk,miem,am,7,137,25
10822,1,ba,3,msk,miem,am,6.5,183,42
10823,1,ba,3,msk,miem,am,6.3,93,36
10824,2,ba,3,msk,miem,am,6.2,166,95
10825,2,ba,3,msk,miem,am,6.3,153,46
10826,2,ba,3,msk,miem,am,6.3,144,54
10827,1,ba,3,msk,miem,am,5.8,161,78
10828,2,ba,3,msk,miem,am,5.5,169,37
10829,2,ba,3,msk,miem,am,5.5,298,53
10830,2,ba,3,msk,miem,am,5.2,50,14
10831,2,ba,3,msk,miem,am,4.7,262,74
10832,2,ba,3,msk,miem,am,4.5,149,54
10833,2,ba,3,msk,miem,am,3.5,77,11
10834,2,ba,3,msk,miem,am,8.6,87,30
10835,1,ba,3,msk,miem,am,8.3,150,41
10836,1,ba,3,msk,miem,am,8.2,92,24
10837,2,ba,3,msk,miem,am,8.2,132,47
10838,1,ba,3,msk,miem,am,7.8,229,46
10839,1,ba,3,msk,miem,am,8.4,132,55
10840,1,ba,3,msk,miem,am,7.7,269,127
10841,2,ba,3,msk,miem,am,8,432,74
10842,1,ba,3,msk,miem,am,7.9,76,36
10843,0,ba,3,msk,miem,am,7.8,0,0
10844,2,ba,3,msk,miem,am,7.7,389,19
10845,1,ba,3,msk,miem,am,7.7,207,41
10846,2,ba,3,msk,miem,am,7.8,185,91
10847,1,ba,3,msk,miem,am,7.5,70,28
10848,1,ba,3,msk,miem,am,7.5,120,28
10849,2,ba,3,msk,miem,am,7.5,51,12
10850,2,ba,3,msk,miem,am,7.3,113,33
10851,1,ba,3,msk,miem,am,7.2,158,55
10852,2,ba,3,msk,miem,am,7.2,57,34
10853,1,ba,3,msk,miem,am,7,154,32
10854,1,ba,3,msk,miem,am,7,232,54
10855,1,ba,3,msk,miem,am,7,275,84
10856,1,ba,3,msk,miem,am,6.8,213,24
10857,2,ba,3,msk,miem,am,7,170,78
10858,1,ba,3,msk,miem,am,6.8,133,27
10859,2,ba,3,msk,miem,am,7,117,19
10860,1,ba,3,msk,miem,am,6.5,399,29
10861,2,ba,3,msk,miem,am,6.5,99,33
10862,1,ba,3,msk,miem,am,6.3,186,54
10863,2,ba,3,msk,miem,am,6.7,197,68
10864,1,ba,3,msk,miem,am,6.3,102,30
10865,1,ba,3,msk,miem,am,6.2,99,40
10866,2,ba,3,msk,miem,am,6.2,141,50
10867,0,ba,3,msk,miem,am,6.2,0,0
10868,2,ba,3,msk,miem,am,6.2,25,15
10869,2,ba,3,msk,miem,am,6.2,292,137
10870,0,ba,3,msk,miem,am,6,0,0
10871,2,ba,3,msk,miem,am,6,214,44
10872,2,ba,3,msk,miem,am,6,100,14
10873,1,ba,3,msk,miem,am,5.7,186,36
10874,2,ba,3,msk,miem,am,5.7,158,27
10875,2,ba,3,msk,miem,am,5.5,16,9
10876,2,ba,3,msk,miem,am,5.5,47,16
10877,2,ba,3,msk,miem,am,5.5,29,17
10878,2,ba,3,msk,miem,am,5.3,229,62
10879,2,ba,3,msk,miem,am,5.7,68,19
10880,2,ba,3,msk,miem,am,5.3,178,30
10881,2,ba,3,msk,miem,am,5.2,136,40
10882,2,ba,3,msk,miem,am,5.3,167,61
10883,2,ba,3,msk,miem,am,4.8,133,66
10884,2,ba,3,msk,miem,am,4.8,197,42
10885,2,ba,3,msk,miem,am,4.7,23,11
10886,2,ba,3,msk,miem,am,4.3,120,24
10887,2,ba,3,msk,miem,am,4,87,21
10888,1,ba,3,msk,miem,am,9,135,28
10889,2,ba,3,msk,miem,am,8.7,114,21
10890,1,ba,3,msk,miem,am,8.5,206,40
10891,1,ba,3,msk,miem,am,7.8,47,21
10892,2,ba,3,msk,miem,am,7.5,103,31
10893,0,ba,3,msk,miem,am,7.7,0,0
10894,2,ba,3,msk,miem,am,6.8,106,32
10895,2,ba,3,msk,miem,am,7,696,1
10896,1,ba,3,msk,miem,am,6.7,153,25
10897,1,ba,3,msk,miem,am,6.5,90,31
10898,2,ba,3,msk,miem,am,6.7,251,44
10899,2,ba,3,msk,miem,am,6.2,158,14
10900,1,ba,3,msk,miem,am,6.2,323,57
10901,1,ba,3,msk,miem,am,6.3,230,49
10902,2,ba,3,msk,miem,am,6.2,324,43
10903,2,ba,3,msk,miem,am,5.7,898,361
10904,1,ba,3,msk,miem,am,5.7,103,27
10905,2,ba,3,msk,miem,am,5.8,443,96
10906,1,ba,3,msk,miem,am,5.5,124,37
10907,2,ba,3,msk,miem,am,5.8,388,82
10908,2,ba,3,msk,miem,am,5.3,109,11
10909,2,ba,3,msk,miem,am,5.2,218,61
10910,2,ba,3,msk,miem,am,5.2,82,0
10911,2,ba,3,msk,miem,am,5.3,196,62
10912,0,ba,3,msk,miem,am,5.5,0,0
10913,1,ba,3,msk,cs,ami,9.6,266,67
10914,2,ba,3,msk,cs,ami,9.6,244,133
10915,2,ba,3,msk,cs,ami,9.4,252,101
10916,2,ba,3,msk,cs,ami,9.4,130,49
10917,2,ba,3,msk,cs,ami,9.2,211,110
10918,1,ba,3,msk,cs,ami,9.2,210,81
10919,2,ba,3,msk,cs,ami,9.2,307,75
10920,1,ba,3,msk,cs,ami,9,34,19
10921,1,ba,3,msk,cs,ami,9.3,142,62
10922,1,ba,3,msk,cs,ami,9.2,138,63
10923,2,ba,3,msk,cs,ami,8.8,210,50
10924,1,ba,3,msk,cs,ami,8.6,285,40
10925,2,ba,3,msk,cs,ami,8.7,199,106
10926,2,ba,3,msk,cs,ami,8.6,124,43
10927,1,ba,3,msk,cs,ami,8.6,372,99
10928,1,ba,3,msk,cs,ami,8.6,249,51
10929,2,ba,3,msk,cs,ami,8.6,729,209
10930,1,ba,3,msk,cs,ami,8.7,114,29
10931,1,ba,3,msk,cs,ami,8.5,168,70
10932,2,ba,3,msk,cs,ami,8.6,437,147
10933,1,ba,3,msk,cs,ami,8.4,384,143
10934,2,ba,3,msk,cs,ami,8.2,73,46
10935,2,ba,3,msk,cs,ami,8.4,353,122
10936,1,ba,3,msk,cs,ami,8.2,136,81
10937,1,ba,3,msk,cs,ami,8.2,132,52
10938,2,ba,3,msk,cs,ami,8.4,579,169
10939,2,ba,3,msk,cs,ami,8,174,46
10940,2,ba,3,msk,cs,ami,8.1,238,121
10941,2,ba,3,msk,cs,ami,8,59,31
10942,2,ba,3,msk,cs,ami,7.8,95,33
10943,1,ba,3,msk,cs,ami,7.6,93,33
10944,1,ba,3,msk,cs,ami,7.8,268,87
10945,1,ba,3,msk,cs,ami,7.6,106,78
10946,1,ba,3,msk,cs,ami,7.4,363,64
10947,1,ba,3,msk,cs,ami,7.8,278,78
10948,1,ba,3,msk,cs,ami,7.6,244,80
10949,1,ba,3,msk,cs,ami,7.4,603,130
10950,1,ba,3,msk,cs,ami,7.4,123,50
10951,2,ba,3,msk,cs,ami,7.2,153,80
10952,2,ba,3,msk,cs,ami,7.4,661,104
10953,1,ba,3,msk,cs,ami,7.2,53,27
10954,2,ba,3,msk,cs,ami,7.2,125,40
10955,2,ba,3,msk,cs,ami,7,77,11
10956,1,ba,3,msk,cs,ami,7.2,261,69
10957,2,ba,3,msk,cs,ami,7.5,110,48
10958,2,ba,3,msk,cs,ami,7,62,31
10959,0,ba,3,msk,cs,ami,7,0,0
10960,2,ba,3,msk,cs,ami,7,146,48
10961,2,ba,3,msk,cs,ami,7.2,402,73
10962,1,ba,3,msk,cs,ami,7,335,110
10963,2,ba,3,msk,cs,ami,7.3,153,50
10964,0,ba,3,msk,cs,ami,6.8,0,0
10965,2,ba,3,msk,cs,ami,6.8,484,259
10966,2,ba,3,msk,cs,ami,6.6,0,0
10967,1,ba,3,msk,cs,ami,6.4,301,79
10968,0,ba,3,msk,cs,ami,6.3,0,0
10969,2,ba,3,msk,cs,ami,6.7,257,35
10970,0,ba,3,msk,cs,ami,6,0,0
10971,1,ba,3,msk,cs,ami,6.4,395,73
10972,2,ba,3,msk,cs,ami,6,155,72
10973,1,ba,3,msk,cs,ami,6.2,391,28
10974,2,ba,3,msk,cs,ami,6,67,36
10975,1,ba,3,msk,cs,ami,6.2,216,25
10976,2,ba,3,msk,cs,ami,6,107,54
10977,2,ba,3,msk,cs,ami,5.3,180,39
10978,0,ba,3,msk,cs,ami,5.2,0,0
10979,2,ba,3,msk,cs,ami,5.8,372,76
10980,1,ba,3,msk,cs,ami,4.8,222,59
10981,2,ba,3,msk,cs,ami,5.5,102,18
10982,2,ba,3,msk,cs,ami,4.5,138,32
10983,2,ba,3,msk,bisandman,bi,9.4,110,42
10984,2,ba,3,msk,bisandman,bi,9.2,166,53
10985,2,ba,3,msk,bisandman,bi,9,143,54
10986,2,ba,3,msk,bisandman,bi,9,411,259
10987,2,ba,3,msk,bisandman,bi,8.8,176,108
10988,1,ba,3,msk,bisandman,bi,8.8,279,80
10989,2,ba,3,msk,bisandman,bi,8.6,158,99
10990,1,ba,3,msk,bisandman,bi,8.6,539,230
10991,2,ba,3,msk,bisandman,bi,8.6,159,40
10992,2,ba,3,msk,bisandman,bi,8.4,115,60
10993,2,ba,3,msk,bisandman,bi,8.4,214,76
10994,2,ba,3,msk,bisandman,bi,8.4,106,45
10995,2,ba,3,msk,bisandman,bi,8.4,188,59
10996,1,ba,3,msk,bisandman,bi,8.4,245,78
10997,1,ba,3,msk,bisandman,bi,8.6,496,162
10998,1,ba,3,msk,bisandman,bi,8.4,68,35
10999,1,ba,3,msk,bisandman,bi,8.2,242,62
11000,1,ba,3,msk,bisandman,bi,8.2,214,94
11001,1,ba,3,msk,bisandman,bi,8.2,228,55
11002,1,ba,3,msk,bisandman,bi,8.2,433,164
11003,1,ba,3,msk,bisandman,bi,8.2,274,131
11004,1,ba,3,msk,bisandman,bi,8.2,328,112
11005,1,ba,3,msk,bisandman,bi,8.2,178,57
11006,1,ba,3,msk,bisandman,bi,8.2,116,51
11007,1,ba,3,msk,bisandman,bi,8.2,396,135
11008,2,ba,3,msk,bisandman,bi,8.2,219,63
11009,1,ba,3,msk,bisandman,bi,8.2,442,125
11010,1,ba,3,msk,bisandman,bi,8.2,218,74
11011,1,ba,3,msk,bisandman,bi,8,588,133
11012,2,ba,3,msk,bisandman,bi,8.2,138,45
11013,1,ba,3,msk,bisandman,bi,8.2,174,66
11014,2,ba,3,msk,bisandman,bi,7.8,336,118
11015,1,ba,3,msk,bisandman,bi,7.8,109,65
11016,1,ba,3,msk,bisandman,bi,7.8,117,49
11017,2,ba,3,msk,bisandman,bi,7.8,365,212
11018,1,ba,3,msk,bisandman,bi,7.8,149,82
11019,2,ba,3,msk,bisandman,bi,7.6,425,89
11020,2,ba,3,msk,bisandman,bi,7.8,175,68
11021,2,ba,3,msk,bisandman,bi,7.8,143,58
11022,1,ba,3,msk,bisandman,bi,7.8,152,84
11023,2,ba,3,msk,bisandman,bi,7.6,173,117
11024,1,ba,3,msk,bisandman,bi,7.6,231,109
11025,1,ba,3,msk,bisandman,bi,7.6,310,61
11026,2,ba,3,msk,bisandman,bi,7.4,325,89
11027,2,ba,3,msk,bisandman,bi,7.6,96,43
11028,2,ba,3,msk,bisandman,bi,7.6,114,37
11029,1,ba,3,msk,bisandman,bi,7.6,127,56
11030,2,ba,3,msk,bisandman,bi,7.6,209,69
11031,1,ba,3,msk,bisandman,bi,7.4,151,47
11032,2,ba,3,msk,bisandman,bi,7.4,122,63
11033,2,ba,3,msk,bisandman,bi,7.6,305,124
11034,1,ba,3,msk,bisandman,bi,7.4,130,55
11035,1,ba,3,msk,bisandman,bi,7.4,108,65
11036,2,ba,3,msk,bisandman,bi,7.6,103,57
11037,2,ba,3,msk,bisandman,bi,7.4,217,115
11038,0,ba,3,msk,bisandman,bi,7.4,0,0
11039,1,ba,3,msk,bisandman,bi,7.4,134,48
11040,1,ba,3,msk,bisandman,bi,7.4,181,58
11041,2,ba,3,msk,bisandman,bi,7.4,378,114
11042,1,ba,3,msk,bisandman,bi,7.2,238,68
11043,1,ba,3,msk,bisandman,bi,7.4,105,34
11044,2,ba,3,msk,bisandman,bi,7.2,316,119
11045,2,ba,3,msk,bisandman,bi,7.2,57,30
11046,2,ba,3,msk,bisandman,bi,7.4,149,37
11047,2,ba,3,msk,bisandman,bi,7.2,66,24
11048,2,ba,3,msk,bisandman,bi,7.2,523,255
11049,2,ba,3,msk,bisandman,bi,7,158,54
11050,1,ba,3,msk,bisandman,bi,7,119,62
11051,2,ba,3,msk,bisandman,bi,7,33,22
11052,2,ba,3,msk,bisandman,bi,7.2,155,67
11053,2,ba,3,msk,bisandman,bi,7,81,55
11054,0,ba,3,msk,bisandman,bi,7,0,0
11055,2,ba,3,msk,bisandman,bi,7.2,112,23
11056,2,ba,3,msk,bisandman,bi,7,212,62
11057,2,ba,3,msk,bisandman,bi,7,224,117
11058,2,ba,3,msk,bisandman,bi,7.2,142,46
11059,2,ba,3,msk,bisandman,bi,7,286,102
11060,2,ba,3,msk,bisandman,bi,7,89,53
11061,1,ba,3,msk,bisandman,bi,7,329,52
11062,1,ba,3,msk,bisandman,bi,7,104,39
11063,1,ba,3,msk,bisandman,bi,6.8,317,97
11064,2,ba,3,msk,bisandman,bi,7,191,54
11065,2,ba,3,msk,bisandman,bi,7,106,46
11066,1,ba,3,msk,bisandman,bi,6.8,118,43
11067,1,ba,3,msk,bisandman,bi,7,155,45
11068,2,ba,3,msk,bisandman,bi,7,137,83
11069,2,ba,3,msk,bisandman,bi,6.8,235,84
11070,2,ba,3,msk,bisandman,bi,6.8,316,112
11071,1,ba,3,msk,bisandman,bi,6.8,229,55
11072,1,ba,3,msk,bisandman,bi,7,673,287
11073,1,ba,3,msk,bisandman,bi,6.8,296,81
11074,2,ba,3,msk,bisandman,bi,6.8,69,15
11075,2,ba,3,msk,bisandman,bi,6.8,319,90
11076,1,ba,3,msk,bisandman,bi,6.6,162,61
11077,2,ba,3,msk,bisandman,bi,6.6,647,129
11078,1,ba,3,msk,bisandman,bi,7,185,48
11079,2,ba,3,msk,bisandman,bi,7,467,182
11080,2,ba,3,msk,bisandman,bi,6.8,180,44
11081,2,ba,3,msk,bisandman,bi,6.6,176,67
11082,1,ba,3,msk,bisandman,bi,6.6,180,80
11083,2,ba,3,msk,bisandman,bi,6.8,171,56
11084,2,ba,3,msk,bisandman,bi,6.6,167,43
11085,2,ba,3,msk,bisandman,bi,6.4,521,128
11086,2,ba,3,msk,bisandman,bi,6.2,237,71
11087,1,ba,3,msk,bisandman,bi,6.6,208,54
11088,2,ba,3,msk,bisandman,bi,6.8,271,54
11089,1,ba,3,msk,bisandman,bi,6.8,258,82
11090,1,ba,3,msk,bisandman,bi,6.4,215,46
11091,1,ba,3,msk,bisandman,bi,6.6,200,49
11092,2,ba,3,msk,bisandman,bi,6.4,283,133
11093,2,ba,3,msk,bisandman,bi,6.6,16,14
11094,2,ba,3,msk,bisandman,bi,6.2,122,88
11095,2,ba,3,msk,bisandman,bi,6.8,202,73
11096,2,ba,3,msk,bisandman,bi,6.6,79,19
11097,2,ba,3,msk,bisandman,bi,6.4,134,40
11098,2,ba,3,msk,bisandman,bi,6.4,86,34
11099,1,ba,3,msk,bisandman,bi,6.2,570,176
11100,2,ba,3,msk,bisandman,bi,6.2,105,27
11101,1,ba,3,msk,bisandman,bi,6.2,203,68
11102,2,ba,3,msk,bisandman,bi,6.2,95,38
11103,2,ba,3,msk,bisandman,bi,6.2,76,43
11104,2,ba,3,msk,bisandman,bi,6.2,304,187
11105,2,ba,3,msk,bisandman,bi,6.2,818,109
11106,2,ba,3,msk,bisandman,bi,6.2,197,47
11107,2,ba,3,msk,bisandman,bi,6.2,0,0
11108,1,ba,3,msk,bisandman,bi,6.2,200,60
11109,2,ba,3,msk,bisandman,bi,6,125,52
11110,1,ba,3,msk,bisandman,bi,6,312,45
11111,2,ba,3,msk,bisandman,bi,6,22,15
11112,1,ba,3,msk,bisandman,bi,6,222,84
11113,2,ba,3,msk,bisandman,bi,6,462,38
11114,2,ba,3,msk,bisandman,bi,6.4,608,260
11115,2,ba,3,msk,bisandman,bi,6.2,81,34
11116,2,ba,3,msk,bisandman,bi,6.2,266,84
11117,2,ba,3,msk,bisandman,bi,6.2,303,158
11118,2,ba,3,msk,bisandman,bi,6,73,26
11119,1,ba,3,msk,bisandman,bi,6,909,411
11120,2,ba,3,msk,bisandman,bi,5.8,129,45
11121,2,ba,3,msk,bisandman,bi,6,145,64
11122,1,ba,3,msk,bisandman,bi,5.8,389,88
11123,2,ba,3,msk,bisandman,bi,5.8,72,20
11124,2,ba,3,msk,bisandman,bi,5.8,224,81
11125,2,ba,3,msk,bisandman,bi,5.6,1980,36
11126,1,ba,3,msk,bisandman,bi,5.6,226,57
11127,2,ba,3,msk,bisandman,bi,5.6,128,42
11128,1,ba,3,msk,bisandman,bi,6,210,42
11129,1,ba,3,msk,bisandman,bi,5.6,299,101
11130,0,ba,3,msk,bisandman,bi,5.8,0,0
11131,2,ba,3,msk,bisandman,bi,5.8,130,33
11132,1,ba,3,msk,bisandman,bi,6,176,39
11133,1,ba,3,msk,bisandman,bi,5.4,300,117
11134,2,ba,3,msk,bisandman,bi,5.4,29,12
11135,2,ba,3,msk,bisandman,bi,5.8,44,16
11136,1,ba,3,msk,bisandman,bi,5.4,253,96
11137,2,ba,3,msk,bisandman,bi,5.4,133,38
11138,2,ba,3,msk,bisandman,bi,5.2,157,92
11139,2,ba,3,msk,bisandman,bi,5.2,207,65
11140,1,ba,3,msk,bisandman,bi,5.2,578,57
11141,1,ba,3,msk,bisandman,bi,5.2,124,48
11142,1,ba,3,msk,bisandman,bi,5.4,55,28
11143,2,ba,3,msk,bisandman,bi,5.2,125,71
11144,2,ba,3,msk,bisandman,bi,5.4,101,64
11145,1,ba,3,msk,bisandman,bi,4.8,131,39
11146,2,ba,3,msk,bisandman,bi,5,74,46
11147,2,ba,3,msk,bisandman,bi,4.6,121,25
11148,1,ba,3,msk,bisandman,bi,4.4,303,86
11149,2,ba,3,msk,bisandman,bi,4.3,339,99
11150,0,ba,3,msk,bisandman,bi,5.2,0,0
11151,2,ba,3,msk,miem,cosec,9,255,67
11152,1,ba,3,msk,miem,cosec,9,63,12
11153,1,ba,3,msk,miem,cosec,8.9,92,37
11154,1,ba,3,msk,miem,cosec,8.6,206,39
11155,1,ba,3,msk,miem,cosec,8.3,171,35
11156,1,ba,3,msk,miem,cosec,8,140,22
11157,2,ba,3,msk,miem,cosec,7.9,101,24
11158,1,ba,3,msk,miem,cosec,7.4,101,17
11159,2,ba,3,msk,miem,cosec,7.4,78,11
11160,1,ba,3,msk,miem,cosec,7.6,226,37
11161,2,ba,3,msk,miem,cosec,7.4,209,109
11162,1,ba,3,msk,miem,cosec,7.4,58,22
11163,2,ba,3,msk,miem,cosec,7.4,167,28
11164,2,ba,3,msk,miem,cosec,7.4,80,28
11165,2,ba,3,msk,miem,cosec,7.3,36,17
11166,2,ba,3,msk,miem,cosec,7.1,86,40
11167,2,ba,3,msk,miem,cosec,7,98,35
11168,2,ba,3,msk,miem,cosec,7,616,91
11169,2,ba,3,msk,miem,cosec,6.9,77,26
11170,2,ba,3,msk,miem,cosec,6.9,231,40
11171,2,ba,3,msk,miem,cosec,6.7,69,20
11172,2,ba,3,msk,miem,cosec,6.6,108,35
11173,2,ba,3,msk,miem,cosec,6.4,239,33
11174,2,ba,3,msk,miem,cosec,6.4,75,21
11175,2,ba,3,msk,miem,cosec,6.1,181,34
11176,2,ba,3,msk,miem,cosec,5.9,107,30
11177,2,ba,3,msk,miem,cosec,5.1,1591,59
11178,2,ba,3,msk,miem,cosec,5.1,139,44
11179,2,ba,3,msk,econsci,economics,9.8,346,219
11180,2,ba,3,msk,econsci,economics,9.8,522,161
11181,1,ba,3,msk,econsci,economics,9.5,122,49
11182,1,ba,3,msk,econsci,economics,9.3,374,151
11183,1,ba,3,msk,econsci,economics,9.2,748,148
11184,2,ba,3,msk,econsci,economics,9.1,141,30
11185,1,ba,3,msk,econsci,economics,9.1,227,90
11186,1,ba,3,msk,econsci,economics,9.2,335,103
11187,1,ba,3,msk,econsci,economics,9.2,373,151
11188,2,ba,3,msk,econsci,economics,9,173,127
11189,1,ba,3,msk,econsci,economics,9,431,237
11190,2,ba,3,msk,econsci,economics,8.9,396,144
11191,2,ba,3,msk,econsci,economics,9,139,60
11192,2,ba,3,msk,econsci,economics,8.9,162,64
11193,2,ba,3,msk,econsci,economics,8.9,192,103
11194,1,ba,3,msk,econsci,economics,8.9,140,54
11195,0,ba,3,msk,econsci,economics,8.8,0,0
11196,2,ba,3,msk,econsci,economics,8.9,236,74
11197,2,ba,3,msk,econsci,economics,8.8,507,108
11198,2,ba,3,msk,econsci,economics,9,401,115
11199,2,ba,3,msk,econsci,economics,8.8,81,31
11200,2,ba,3,msk,econsci,economics,8.8,410,190
11201,2,ba,3,msk,econsci,economics,8.8,261,130
11202,2,ba,3,msk,econsci,economics,8.8,194,110
11203,2,ba,3,msk,econsci,economics,8.9,234,76
11204,1,ba,3,msk,econsci,economics,8.9,167,88
11205,2,ba,3,msk,econsci,economics,8.8,86,35
11206,0,ba,3,msk,econsci,economics,8.8,0,0
11207,1,ba,3,msk,econsci,economics,8.6,183,72
11208,1,ba,3,msk,econsci,economics,8.6,323,91
11209,1,ba,3,msk,econsci,economics,8.6,220,137
11210,1,ba,3,msk,econsci,economics,8.8,165,51
11211,2,ba,3,msk,econsci,economics,8.6,324,152
11212,2,ba,3,msk,econsci,economics,8.5,287,109
11213,1,ba,3,msk,econsci,economics,8.5,137,78
11214,2,ba,3,msk,econsci,economics,8.7,80,28
11215,0,ba,3,msk,econsci,economics,8.7,0,0
11216,1,ba,3,msk,econsci,economics,8.7,254,69
11217,2,ba,3,msk,econsci,economics,8.7,143,70
11218,1,ba,3,msk,econsci,economics,8.5,657,178
11219,1,ba,3,msk,econsci,economics,8.5,170,67
11220,2,ba,3,msk,econsci,economics,8.6,167,119
11221,2,ba,3,msk,econsci,economics,8.4,205,96
11222,0,ba,3,msk,econsci,economics,8.7,0,0
11223,1,ba,3,msk,econsci,economics,8.4,318,106
11224,2,ba,3,msk,econsci,economics,8.4,165,65
11225,1,ba,3,msk,econsci,economics,8.3,311,65
11226,2,ba,3,msk,econsci,economics,8.4,294,58
11227,2,ba,3,msk,econsci,economics,8.3,372,111
11228,1,ba,3,msk,econsci,economics,8.4,119,58
11229,1,ba,3,msk,econsci,economics,8.1,527,183
11230,2,ba,3,msk,econsci,economics,8.3,409,167
11231,1,ba,3,msk,econsci,economics,8.3,175,65
11232,2,ba,3,msk,econsci,economics,8.3,169,70
11233,2,ba,3,msk,econsci,economics,8.3,242,109
11234,2,ba,3,msk,econsci,economics,8.3,507,137
11235,2,ba,3,msk,econsci,economics,8.5,288,140
11236,2,ba,3,msk,econsci,economics,8.1,434,153
11237,1,ba,3,msk,econsci,economics,8.3,188,115
11238,1,ba,3,msk,econsci,economics,8.3,187,66
11239,2,ba,3,msk,econsci,economics,8.3,339,184
11240,1,ba,3,msk,econsci,economics,8.3,410,151
11241,1,ba,3,msk,econsci,economics,8.3,120,44
11242,2,ba,3,msk,econsci,economics,8.3,435,109
11243,1,ba,3,msk,econsci,economics,8.1,115,35
11244,2,ba,3,msk,econsci,economics,8,311,123
11245,2,ba,3,msk,econsci,economics,8,66,44
11246,2,ba,3,msk,econsci,economics,8,203,137
11247,1,ba,3,msk,econsci,economics,8,264,79
11248,2,ba,3,msk,econsci,economics,8.2,369,148
11249,1,ba,3,msk,econsci,economics,8,92,37
11250,1,ba,3,msk,econsci,economics,8.1,69,30
11251,1,ba,3,msk,econsci,economics,8.1,334,99
11252,0,ba,3,msk,econsci,economics,7.9,0,0
11253,1,ba,3,msk,econsci,economics,7.9,695,254
11254,2,ba,3,msk,econsci,economics,8,191,110
11255,2,ba,3,msk,econsci,economics,8.2,135,74
11256,2,ba,3,msk,econsci,economics,8,156,91
11257,2,ba,3,msk,econsci,economics,8,325,105
11258,2,ba,3,msk,econsci,economics,7.8,327,116
11259,2,ba,3,msk,econsci,economics,7.9,79,44
11260,1,ba,3,msk,econsci,economics,8.2,215,84
11261,1,ba,3,msk,econsci,economics,7.8,433,169
11262,2,ba,3,msk,econsci,economics,7.9,328,133
11263,1,ba,3,msk,econsci,economics,8,85,39
11264,1,ba,3,msk,econsci,economics,7.8,182,51
11265,2,ba,3,msk,econsci,economics,8,111,54
11266,1,ba,3,msk,econsci,economics,7.9,288,93
11267,2,ba,3,msk,econsci,economics,7.9,208,93
11268,1,ba,3,msk,econsci,economics,7.7,314,99
11269,2,ba,3,msk,econsci,economics,7.8,530,203
11270,2,ba,3,msk,econsci,economics,7.6,83,50
11271,1,ba,3,msk,econsci,economics,7.8,269,110
11272,1,ba,3,msk,econsci,economics,7.7,175,63
11273,1,ba,3,msk,econsci,economics,7.7,137,35
11274,1,ba,3,msk,econsci,economics,7.9,129,46
11275,1,ba,3,msk,econsci,economics,7.5,425,167
11276,2,ba,3,msk,econsci,economics,7.7,77,39
11277,1,ba,3,msk,econsci,economics,7.7,115,35
11278,2,ba,3,msk,econsci,economics,7.8,321,186
11279,2,ba,3,msk,econsci,economics,7.8,768,261
11280,1,ba,3,msk,econsci,economics,7.8,237,78
11281,2,ba,3,msk,econsci,economics,7.7,67,40
11282,1,ba,3,msk,econsci,economics,7.7,632,183
11283,1,ba,3,msk,econsci,economics,7.5,780,308
11284,1,ba,3,msk,econsci,economics,7.7,303,42
11285,1,ba,3,msk,econsci,economics,7.5,237,71
11286,2,ba,3,msk,econsci,economics,7.7,57,28
11287,1,ba,3,msk,econsci,economics,7.5,473,54
11288,1,ba,3,msk,econsci,economics,7.4,548,220
11289,2,ba,3,msk,econsci,economics,7.4,352,93
11290,1,ba,3,msk,econsci,economics,7.8,196,55
11291,2,ba,3,msk,econsci,economics,7.5,267,97
11292,1,ba,3,msk,econsci,economics,7.5,256,63
11293,2,ba,3,msk,econsci,economics,7.4,284,97
11294,1,ba,3,msk,econsci,economics,7.5,50,27
11295,1,ba,3,msk,econsci,economics,7.5,210,60
11296,2,ba,3,msk,econsci,economics,7.2,257,123
11297,1,ba,3,msk,econsci,economics,7.5,381,109
11298,2,ba,3,msk,econsci,economics,7.2,35,19
11299,2,ba,3,msk,econsci,economics,7.3,349,109
11300,1,ba,3,msk,econsci,economics,7.4,285,66
11301,2,ba,3,msk,econsci,economics,7.3,103,58
11302,2,ba,3,msk,econsci,economics,7.3,2614,4
11303,1,ba,3,msk,econsci,economics,7.5,171,89
11304,1,ba,3,msk,econsci,economics,7.1,263,87
11305,1,ba,3,msk,econsci,economics,7.3,276,74
11306,2,ba,3,msk,econsci,economics,7.3,150,64
11307,2,ba,3,msk,econsci,economics,7.2,167,116
11308,1,ba,3,msk,econsci,economics,7.2,230,85
11309,1,ba,3,msk,econsci,economics,7.3,204,73
11310,1,ba,3,msk,econsci,economics,7.1,112,48
11311,1,ba,3,msk,econsci,economics,7.1,110,44
11312,1,ba,3,msk,econsci,economics,7.3,211,130
11313,0,ba,3,msk,econsci,economics,7.3,0,0
11314,1,ba,3,msk,econsci,economics,7.3,154,51
11315,1,ba,3,msk,econsci,economics,7.3,102,4
11316,2,ba,3,msk,econsci,economics,7.2,165,93
11317,1,ba,3,msk,econsci,economics,7.2,160,59
11318,1,ba,3,msk,econsci,economics,7.2,429,99
11319,2,ba,3,msk,econsci,economics,7.1,219,119
11320,1,ba,3,msk,econsci,economics,7,151,88
11321,1,ba,3,msk,econsci,economics,7.1,194,55
11322,1,ba,3,msk,econsci,economics,7,190,70
11323,0,ba,3,msk,econsci,economics,7,0,0
11324,2,ba,3,msk,econsci,economics,7,195,115
11325,2,ba,3,msk,econsci,economics,7,199,99
11326,2,ba,3,msk,econsci,economics,6.9,246,153
11327,2,ba,3,msk,econsci,economics,7,193,109
11328,2,ba,3,msk,econsci,economics,7.1,325,72
11329,1,ba,3,msk,econsci,economics,7.2,125,48
11330,2,ba,3,msk,econsci,economics,6.8,718,106
11331,2,ba,3,msk,econsci,economics,6.9,351,106
11332,1,ba,3,msk,econsci,economics,6.9,348,160
11333,1,ba,3,msk,econsci,economics,6.9,241,39
11334,1,ba,3,msk,econsci,economics,7,243,87
11335,2,ba,3,msk,econsci,economics,7,127,61
11336,1,ba,3,msk,econsci,economics,6.7,319,116
11337,2,ba,3,msk,econsci,economics,6.9,214,81
11338,1,ba,3,msk,econsci,economics,6.7,416,198
11339,1,ba,3,msk,econsci,economics,6.9,299,134
11340,1,ba,3,msk,econsci,economics,6.9,291,132
11341,2,ba,3,msk,econsci,economics,6.8,142,73
11342,2,ba,3,msk,econsci,economics,6.8,310,126
11343,1,ba,3,msk,econsci,economics,6.9,129,52
11344,2,ba,3,msk,econsci,economics,6.6,706,146
11345,2,ba,3,msk,econsci,economics,6.6,661,195
11346,2,ba,3,msk,econsci,economics,6.7,75,53
11347,1,ba,3,msk,econsci,economics,6.8,512,126
11348,2,ba,3,msk,econsci,economics,6.6,217,94
11349,1,ba,3,msk,econsci,economics,6.7,362,138
11350,2,ba,3,msk,econsci,economics,6.5,509,334
11351,1,ba,3,msk,econsci,economics,6.6,266,111
11352,2,ba,3,msk,econsci,economics,6.6,451,211
11353,1,ba,3,msk,econsci,economics,6.7,281,77
11354,2,ba,3,msk,econsci,economics,6.7,474,160
11355,2,ba,3,msk,econsci,economics,6.6,23,10
11356,1,ba,3,msk,econsci,economics,6.4,252,98
11357,1,ba,3,msk,econsci,economics,6.7,182,70
11358,2,ba,3,msk,econsci,economics,6.5,244,46
11359,2,ba,3,msk,econsci,economics,6.5,561,199
11360,1,ba,3,msk,econsci,economics,6.4,290,53
11361,2,ba,3,msk,econsci,economics,6.4,69,45
11362,2,ba,3,msk,econsci,economics,6.7,290,85
11363,2,ba,3,msk,econsci,economics,6.5,266,159
11364,2,ba,3,msk,econsci,economics,6.4,517,181
11365,1,ba,3,msk,econsci,economics,6.6,140,43
11366,1,ba,3,msk,econsci,economics,6.5,95,54
11367,2,ba,3,msk,econsci,economics,6.5,155,78
11368,2,ba,3,msk,econsci,economics,6.7,405,88
11369,2,ba,3,msk,econsci,economics,6.4,546,160
11370,2,ba,3,msk,econsci,economics,6.4,179,68
11371,0,ba,3,msk,econsci,economics,6.5,0,0
11372,2,ba,3,msk,econsci,economics,6.6,441,182
11373,2,ba,3,msk,econsci,economics,6.5,116,38
11374,2,ba,3,msk,econsci,economics,6.5,476,186
11375,2,ba,3,msk,econsci,economics,6.5,164,73
11376,2,ba,3,msk,econsci,economics,6.5,474,188
11377,2,ba,3,msk,econsci,economics,6.4,104,32
11378,2,ba,3,msk,econsci,economics,6.3,438,66
11379,2,ba,3,msk,econsci,economics,6.3,269,138
11380,1,ba,3,msk,econsci,economics,6.3,61,34
11381,2,ba,3,msk,econsci,economics,6.3,362,106
11382,1,ba,3,msk,econsci,economics,6.3,161,51
11383,2,ba,3,msk,econsci,economics,6.3,356,109
11384,2,ba,3,msk,econsci,economics,6.4,160,78
11385,1,ba,3,msk,econsci,economics,6.3,191,67
11386,2,ba,3,msk,econsci,economics,6.1,173,98
11387,1,ba,3,msk,econsci,economics,6.3,222,87
11388,1,ba,3,msk,econsci,economics,6.3,309,146
11389,1,ba,3,msk,econsci,economics,6.3,188,45
11390,1,ba,3,msk,econsci,economics,6.2,102,49
11391,2,ba,3,msk,econsci,economics,6.3,246,118
11392,2,ba,3,msk,econsci,economics,6.2,135,41
11393,2,ba,3,msk,econsci,economics,6,226,57
11394,1,ba,3,msk,econsci,economics,6.1,553,146
11395,1,ba,3,msk,econsci,economics,6.3,228,36
11396,1,ba,3,msk,econsci,economics,6.2,145,39
11397,2,ba,3,msk,econsci,economics,5.9,148,50
11398,2,ba,3,msk,econsci,economics,6.1,217,77
11399,1,ba,3,msk,econsci,economics,6,300,121
11400,2,ba,3,msk,econsci,economics,6,245,64
11401,2,ba,3,msk,econsci,economics,6.2,308,92
11402,1,ba,3,msk,econsci,economics,6,354,147
11403,1,ba,3,msk,econsci,economics,6,228,103
11404,2,ba,3,msk,econsci,economics,6,101,44
11405,2,ba,3,msk,econsci,economics,5.9,258,87
11406,1,ba,3,msk,econsci,economics,6,291,62
11407,1,ba,3,msk,econsci,economics,5.8,321,107
11408,0,ba,3,msk,econsci,economics,6,0,0
11409,0,ba,3,msk,econsci,economics,5.9,0,0
11410,2,ba,3,msk,econsci,economics,5.8,738,54
11411,2,ba,3,msk,econsci,economics,6,333,114
11412,1,ba,3,msk,econsci,economics,6,200,76
11413,1,ba,3,msk,econsci,economics,5.9,138,30
11414,1,ba,3,msk,econsci,economics,5.8,140,41
11415,2,ba,3,msk,econsci,economics,6,255,57
11416,1,ba,3,msk,econsci,economics,5.9,200,61
11417,2,ba,3,msk,econsci,economics,5.8,50,19
11418,1,ba,3,msk,econsci,economics,6.2,225,63
11419,2,ba,3,msk,econsci,economics,5.8,246,91
11420,2,ba,3,msk,econsci,economics,5.8,188,47
11421,2,ba,3,msk,econsci,economics,5.7,308,158
11422,1,ba,3,msk,econsci,economics,5.7,253,120
11423,1,ba,3,msk,econsci,economics,5.7,318,92
11424,2,ba,3,msk,econsci,economics,5.7,289,91
11425,2,ba,3,msk,econsci,economics,5.5,195,149
11426,1,ba,3,msk,econsci,economics,5.7,53,18
11427,2,ba,3,msk,econsci,economics,5.7,190,66
11428,2,ba,3,msk,econsci,economics,5.7,673,147
11429,2,ba,3,msk,econsci,economics,5.4,38,16
11430,2,ba,3,msk,econsci,economics,5.6,98,43
11431,1,ba,3,msk,econsci,economics,5.6,63,24
11432,1,ba,3,msk,econsci,economics,5.7,149,69
11433,2,ba,3,msk,econsci,economics,5.8,524,109
11434,2,ba,3,msk,econsci,economics,5.3,102,51
11435,2,ba,3,msk,econsci,economics,5.5,112,36
11436,1,ba,3,msk,econsci,economics,5.4,284,128
11437,1,ba,3,msk,econsci,economics,5.5,171,76
11438,2,ba,3,msk,econsci,economics,6.2,2073,67
11439,2,ba,3,msk,econsci,economics,5.7,558,174
11440,2,ba,3,msk,econsci,economics,5.7,424,177
11441,2,ba,3,msk,econsci,economics,5.7,386,226
11442,2,ba,3,msk,econsci,economics,5.3,178,50
11443,1,ba,3,msk,econsci,economics,5.3,264,61
11444,1,ba,3,msk,econsci,economics,5.3,440,158
11445,1,ba,3,msk,econsci,economics,5.3,163,65
11446,1,ba,3,msk,econsci,economics,5.3,119,47
11447,1,ba,3,msk,econsci,economics,5.3,110,38
11448,2,ba,3,msk,econsci,economics,5.2,211,69
11449,2,ba,3,msk,econsci,economics,5.2,387,117
11450,2,ba,3,msk,econsci,economics,5.2,152,55
11451,2,ba,3,msk,econsci,economics,6.1,159,51
11452,2,ba,3,msk,econsci,economics,5.7,154,25
11453,2,ba,3,msk,econsci,economics,5,278,144
11454,0,ba,3,msk,econsci,economics,5,0,0
11455,2,ba,3,msk,econsci,economics,5,175,98
11456,2,ba,3,msk,econsci,economics,6.3,148,89
11457,1,ba,3,msk,econsci,economics,5,247,64
11458,1,ba,3,msk,econsci,economics,4.9,203,97
11459,2,ba,3,msk,econsci,economics,4.9,261,71
11460,2,ba,3,msk,econsci,economics,4.8,258,114
11461,2,ba,3,msk,econsci,economics,5,148,63
11462,2,ba,3,msk,econsci,economics,4.9,503,202
11463,2,ba,3,msk,econsci,economics,4.8,177,76
11464,2,ba,3,msk,econsci,economics,4.8,0,0
11465,2,ba,3,msk,econsci,economics,5,349,78
11466,0,ba,3,msk,econsci,economics,5,0,0
11467,2,ba,3,msk,econsci,economics,4.7,181,66
11468,2,ba,3,msk,econsci,economics,5.4,470,52
11469,2,ba,3,msk,econsci,economics,4.9,147,49
11470,2,ba,3,msk,econsci,economics,4.7,78,27
11471,2,ba,3,msk,econsci,economics,6,284,71
11472,2,ba,3,msk,econsci,economics,4.7,361,66
11473,2,ba,3,msk,econsci,economics,4.7,163,101
11474,1,ba,3,msk,econsci,economics,4.7,134,33
11475,1,ba,3,msk,econsci,economics,4.7,132,36
11476,2,ba,3,msk,econsci,economics,4.2,191,51
11477,2,ba,3,msk,econsci,economics,4.8,91,32
11478,2,ba,3,msk,econsci,economics,4.4,812,168
11479,2,ba,3,msk,econsci,economics,5.2,182,60
11480,2,ba,3,msk,econsci,economics,5.3,153,24
11481,2,ba,3,msk,econsci,economics,4,179,53
11482,2,ba,3,msk,econsci,economics,4.2,87,39
11483,1,ba,3,msk,socsci,gmu,10,173,56
11484,1,ba,3,msk,socsci,gmu,10,228,72
11485,2,ba,3,msk,socsci,gmu,9.7,112,80
11486,1,ba,3,msk,socsci,gmu,9.7,317,87
11487,1,ba,3,msk,socsci,gmu,9.7,143,47
11488,1,ba,3,msk,socsci,gmu,9.7,97,31
11489,1,ba,3,msk,socsci,gmu,9.7,330,102
11490,1,ba,3,msk,socsci,gmu,9.7,100,33
11491,1,ba,3,msk,socsci,gmu,9.7,131,57
11492,1,ba,3,msk,socsci,gmu,9.3,365,131
11493,1,ba,3,msk,socsci,gmu,9.3,149,47
11494,1,ba,3,msk,socsci,gmu,9.3,144,70
11495,2,ba,3,msk,socsci,gmu,9.3,512,141
11496,1,ba,3,msk,socsci,gmu,9.3,150,73
11497,1,ba,3,msk,socsci,gmu,9.3,325,95
11498,1,ba,3,msk,socsci,gmu,9.3,164,45
11499,1,ba,3,msk,socsci,gmu,9.3,210,58
11500,1,ba,3,msk,socsci,gmu,9.3,154,70
11501,1,ba,3,msk,socsci,gmu,9.5,462,122
11502,1,ba,3,msk,socsci,gmu,9.3,156,42
11503,1,ba,3,msk,socsci,gmu,9,290,100
11504,0,ba,3,msk,socsci,gmu,9,0,0
11505,1,ba,3,msk,socsci,gmu,9,189,86
11506,1,ba,3,msk,socsci,gmu,9,253,127
11507,1,ba,3,msk,socsci,gmu,9,323,54
11508,0,ba,3,msk,socsci,gmu,9,0,0
11509,1,ba,3,msk,socsci,gmu,9,94,41
11510,1,ba,3,msk,socsci,gmu,9,139,63
11511,0,ba,3,msk,socsci,gmu,9,0,0
11512,1,ba,3,msk,socsci,gmu,9,163,79
11513,1,ba,3,msk,socsci,gmu,8.7,151,77
11514,1,ba,3,msk,socsci,gmu,8.7,172,98
11515,1,ba,3,msk,socsci,gmu,8.7,426,76
11516,2,ba,3,msk,socsci,gmu,8.7,177,53
11517,1,ba,3,msk,socsci,gmu,9,78,26
11518,1,ba,3,msk,socsci,gmu,8.7,162,53
11519,1,ba,3,msk,socsci,gmu,8.7,150,79
11520,1,ba,3,msk,socsci,gmu,8.7,159,47
11521,1,ba,3,msk,socsci,gmu,8.8,488,191
11522,1,ba,3,msk,socsci,gmu,8.7,206,73
11523,1,ba,3,msk,socsci,gmu,8.7,407,152
11524,2,ba,3,msk,socsci,gmu,8.7,331,102
11525,0,ba,3,msk,socsci,gmu,8.7,0,0
11526,1,ba,3,msk,socsci,gmu,8.7,242,81
11527,1,ba,3,msk,socsci,gmu,8.7,142,40
11528,2,ba,3,msk,socsci,gmu,8.7,124,20
11529,1,ba,3,msk,socsci,gmu,8.3,180,87
11530,1,ba,3,msk,socsci,gmu,8.3,426,109
11531,2,ba,3,msk,socsci,gmu,8,172,94
11532,0,ba,3,msk,socsci,gmu,8,0,0
11533,2,ba,3,msk,socsci,gmu,8,472,207
11534,1,ba,3,msk,socsci,gmu,8,195,41
11535,1,ba,3,msk,socsci,gmu,8.3,87,56
11536,1,ba,3,msk,socsci,gmu,8.3,218,56
11537,1,ba,3,msk,socsci,gmu,8,168,42
11538,1,ba,3,msk,socsci,gmu,8,113,45
11539,1,ba,3,msk,socsci,gmu,8,410,60
11540,1,ba,3,msk,socsci,gmu,8,154,57
11541,1,ba,3,msk,socsci,gmu,7.7,302,125
11542,2,ba,3,msk,socsci,gmu,7.7,82,50
11543,1,ba,3,msk,socsci,gmu,8,644,88
11544,1,ba,3,msk,socsci,gmu,8,274,77
11545,1,ba,3,msk,socsci,gmu,8,185,45
11546,1,ba,3,msk,socsci,gmu,7.7,472,94
11547,1,ba,3,msk,socsci,gmu,7.7,120,42
11548,1,ba,3,msk,socsci,gmu,7.7,623,234
11549,1,ba,3,msk,socsci,gmu,7.7,143,2
11550,1,ba,3,msk,socsci,gmu,7.3,289,89
11551,1,ba,3,msk,socsci,gmu,7.3,171,54
11552,1,ba,3,msk,socsci,gmu,7.3,172,63
11553,1,ba,3,msk,socsci,gmu,7.3,173,85
11554,1,ba,3,msk,socsci,gmu,7.3,161,59
11555,1,ba,3,msk,socsci,gmu,7.3,142,56
11556,1,ba,3,msk,socsci,gmu,7,932,260
11557,1,ba,3,msk,socsci,gmu,7.3,327,84
11558,2,ba,3,msk,socsci,gmu,7,207,70
11559,1,ba,3,msk,socsci,gmu,7,128,52
11560,1,ba,3,msk,socsci,gmu,7,283,148
11561,1,ba,3,msk,socsci,gmu,7,76,31
11562,1,ba,3,msk,socsci,gmu,7,278,99
11563,1,ba,3,msk,socsci,gmu,7,316,84
11564,2,ba,3,msk,socsci,gmu,7,151,61
11565,1,ba,3,msk,socsci,gmu,6.7,326,160
11566,1,ba,3,msk,socsci,gmu,6.7,310,49
11567,1,ba,3,msk,socsci,gmu,7,184,42
11568,1,ba,3,msk,socsci,gmu,6.7,57,41
11569,2,ba,3,msk,socsci,gmu,6.7,539,186
11570,0,ba,3,msk,socsci,gmu,6.7,0,0
11571,1,ba,3,msk,socsci,gmu,6.7,275,83
11572,1,ba,3,msk,socsci,gmu,7,189,39
11573,1,ba,3,msk,socsci,gmu,6.7,166,69
11574,1,ba,3,msk,socsci,gmu,6.3,115,29
11575,1,ba,3,msk,socsci,gmu,6.7,439,127
11576,1,ba,3,msk,socsci,gmu,6.3,439,133
11577,1,ba,3,msk,socsci,gmu,6.3,486,174
11578,1,ba,3,msk,socsci,gmu,6.3,240,83
11579,1,ba,3,msk,socsci,gmu,6.7,90,31
11580,1,ba,3,msk,socsci,gmu,6.3,373,175
11581,2,ba,3,msk,socsci,gmu,6.3,70,28
11582,2,ba,3,msk,socsci,gmu,5.7,384,249
11583,1,ba,3,msk,socsci,gmu,6,160,68
11584,2,ba,3,msk,socsci,gmu,6,216,97
11585,1,ba,3,msk,socsci,gmu,5.8,272,68
11586,2,ba,3,msk,socsci,gmu,6.3,821,129
11587,2,ba,3,msk,socsci,gmu,6.3,408,50
11588,2,ba,3,msk,socsci,gmu,6,193,99
11589,2,ba,3,msk,socsci,gmu,6,145,39
11590,1,ba,3,msk,socsci,gmu,6,140,39
11591,2,ba,3,msk,socsci,gmu,5.7,633,177
11592,0,ba,3,msk,socsci,gmu,5.7,0,0
11593,2,ba,3,msk,socsci,gmu,5,368,224
11594,0,ba,3,msk,socsci,gmu,5.3,0,0
11595,1,ba,3,msk,socsci,gmu,5.3,60,10
11596,1,ba,3,msk,socsci,gmu,5.3,607,163
11597,1,ba,3,msk,socsci,gmu,5,149,45
11598,1,ba,3,msk,socsci,gmu,4.7,422,79
11599,0,ba,3,msk,socsci,gmu,4.7,0,0
11600,1,ba,3,msk,socsci,gmu,4.3,101,31
11601,2,ba,3,msk,socsci,gmu,4,53,31
11602,2,ba,3,msk,socsci,gmu,4,109,21
11603,1,ba,3,msk,socsci,gmu,6,405,12
11604,1,ba,3,msk,humanities,hist,9.2,349,12
11605,1,ba,3,msk,humanities,hist,9.2,240,64
11606,1,ba,3,msk,humanities,hist,9.2,204,60
11607,1,ba,3,msk,humanities,hist,9,181,81
11608,1,ba,3,msk,humanities,hist,9,145,65
11609,1,ba,3,msk,humanities,hist,8.9,219,111
11610,1,ba,3,msk,humanities,hist,9,228,64
11611,1,ba,3,msk,humanities,hist,8.8,74,42
11612,1,ba,3,msk,humanities,hist,8.8,261,53
11613,1,ba,3,msk,humanities,hist,8.8,135,35
11614,1,ba,3,msk,humanities,hist,8.6,79,29
11615,1,ba,3,msk,humanities,hist,8.6,49,1
11616,1,ba,3,msk,humanities,hist,8.6,540,15
11617,0,ba,3,msk,humanities,hist,8.6,0,0
11618,1,ba,3,msk,humanities,hist,8.4,91,34
11619,2,ba,3,msk,humanities,hist,8.4,88,44
11620,2,ba,3,msk,humanities,hist,8.4,207,87
11621,2,ba,3,msk,humanities,hist,8.4,481,169
11622,1,ba,3,msk,humanities,hist,8.4,231,86
11623,1,ba,3,msk,humanities,hist,8.2,409,178
11624,1,ba,3,msk,humanities,hist,8.2,140,49
11625,1,ba,3,msk,humanities,hist,8.2,181,47
11626,0,ba,3,msk,humanities,hist,8,0,0
11627,0,ba,3,msk,humanities,hist,8.2,0,0
11628,2,ba,3,msk,humanities,hist,8,100,34
11629,1,ba,3,msk,humanities,hist,8,409,126
11630,1,ba,3,msk,humanities,hist,8,481,49
11631,2,ba,3,msk,humanities,hist,8,722,111
11632,1,ba,3,msk,humanities,hist,7.8,700,102
11633,2,ba,3,msk,humanities,hist,7.8,149,59
11634,1,ba,3,msk,humanities,hist,7.6,364,109
11635,2,ba,3,msk,humanities,hist,7.6,141,49
11636,1,ba,3,msk,humanities,hist,7.6,218,104
11637,1,ba,3,msk,humanities,hist,7.4,8,5
11638,0,ba,3,msk,humanities,hist,7.4,0,0
11639,2,ba,3,msk,humanities,hist,7.4,175,47
11640,2,ba,3,msk,humanities,hist,7.4,54,34
11641,1,ba,3,msk,humanities,hist,7.4,289,112
11642,2,ba,3,msk,humanities,hist,7.2,66,34
11643,0,ba,3,msk,humanities,hist,7.2,0,0
11644,2,ba,3,msk,humanities,hist,7.2,334,35
11645,2,ba,3,msk,humanities,hist,7.2,315,104
11646,2,ba,3,msk,humanities,hist,7.2,817,105
11647,2,ba,3,msk,humanities,hist,6.8,438,109
11648,1,ba,3,msk,humanities,hist,7,144,30
11649,2,ba,3,msk,humanities,hist,7,118,37
11650,2,ba,3,msk,humanities,hist,6.8,163,61
11651,1,ba,3,msk,humanities,hist,6.8,0,0
11652,2,ba,3,msk,humanities,hist,7.1,98,49
11653,2,ba,3,msk,humanities,hist,6.6,68,22
11654,1,ba,3,msk,humanities,hist,6.6,80,23
11655,0,ba,3,msk,humanities,hist,6,0,0
11656,1,ba,3,msk,wordecon,ia,9.6,304,129
11657,1,ba,3,msk,wordecon,ia,9.4,134,71
11658,1,ba,3,msk,wordecon,ia,9.4,330,145
11659,2,ba,3,msk,wordecon,ia,9.4,555,168
11660,1,ba,3,msk,wordecon,ia,9.4,120,53
11661,2,ba,3,msk,wordecon,ia,9.3,712,312
11662,1,ba,3,msk,wordecon,ia,9.3,100,54
11663,1,ba,3,msk,wordecon,ia,9.1,388,105
11664,2,ba,3,msk,wordecon,ia,9.1,133,73
11665,1,ba,3,msk,wordecon,ia,9.1,425,130
11666,1,ba,3,msk,wordecon,ia,9.1,256,83
11667,1,ba,3,msk,wordecon,ia,9.1,48,29
11668,1,ba,3,msk,wordecon,ia,9.1,400,111
11669,2,ba,3,msk,wordecon,ia,9.1,505,107
11670,1,ba,3,msk,wordecon,ia,9.1,174,56
11671,1,ba,3,msk,wordecon,ia,9,194,96
11672,2,ba,3,msk,wordecon,ia,9,445,106
11673,1,ba,3,msk,wordecon,ia,9,164,68
11674,1,ba,3,msk,wordecon,ia,8.9,220,105
11675,1,ba,3,msk,wordecon,ia,8.9,412,162
11676,1,ba,3,msk,wordecon,ia,8.9,183,79
11677,1,ba,3,msk,wordecon,ia,8.9,215,126
11678,1,ba,3,msk,wordecon,ia,8.9,154,75
11679,1,ba,3,msk,wordecon,ia,8.7,210,105
11680,1,ba,3,msk,wordecon,ia,8.9,178,0
11681,2,ba,3,msk,wordecon,ia,8.7,497,87
11682,1,ba,3,msk,wordecon,ia,8.7,460,171
11683,1,ba,3,msk,wordecon,ia,8.7,351,82
11684,1,ba,3,msk,wordecon,ia,8.7,371,169
11685,1,ba,3,msk,wordecon,ia,8.6,564,178
11686,2,ba,3,msk,wordecon,ia,8.6,62,37
11687,2,ba,3,msk,wordecon,ia,8.6,101,55
11688,2,ba,3,msk,wordecon,ia,8.6,156,78
11689,1,ba,3,msk,wordecon,ia,8.6,110,56
11690,1,ba,3,msk,wordecon,ia,8.4,146,56
11691,0,ba,3,msk,wordecon,ia,8.6,0,0
11692,1,ba,3,msk,wordecon,ia,8.6,123,47
11693,2,ba,3,msk,wordecon,ia,8.6,280,118
11694,2,ba,3,msk,wordecon,ia,8.4,205,125
11695,1,ba,3,msk,wordecon,ia,8.4,174,68
11696,1,ba,3,msk,wordecon,ia,8.4,190,104
11697,1,ba,3,msk,wordecon,ia,8.6,192,71
11698,1,ba,3,msk,wordecon,ia,8.4,166,68
11699,0,ba,3,msk,wordecon,ia,8.4,0,0
11700,1,ba,3,msk,wordecon,ia,8.3,620,121
11701,1,ba,3,msk,wordecon,ia,8.3,367,93
11702,1,ba,3,msk,wordecon,ia,8.4,94,52
11703,1,ba,3,msk,wordecon,ia,8.3,254,117
11704,2,ba,3,msk,wordecon,ia,8.1,199,132
11705,1,ba,3,msk,wordecon,ia,8.4,297,145
11706,1,ba,3,msk,wordecon,ia,8.3,264,98
11707,1,ba,3,msk,wordecon,ia,8.3,264,111
11708,2,ba,3,msk,wordecon,ia,8.1,147,74
11709,1,ba,3,msk,wordecon,ia,8.1,277,69
11710,0,ba,3,msk,wordecon,ia,8.1,0,0
11711,1,ba,3,msk,wordecon,ia,8.1,612,208
11712,2,ba,3,msk,wordecon,ia,8,273,81
11713,2,ba,3,msk,wordecon,ia,8,536,324
11714,2,ba,3,msk,wordecon,ia,8,85,38
11715,1,ba,3,msk,wordecon,ia,8,132,51
11716,1,ba,3,msk,wordecon,ia,8,234,60
11717,1,ba,3,msk,wordecon,ia,7.8,292,99
11718,2,ba,3,msk,wordecon,ia,8,318,116
11719,1,ba,3,msk,wordecon,ia,8,404,115
11720,2,ba,3,msk,wordecon,ia,7.9,183,81
11721,1,ba,3,msk,wordecon,ia,7.9,443,128
11722,1,ba,3,msk,wordecon,ia,7.9,212,74
11723,1,ba,3,msk,wordecon,ia,7.9,141,63
11724,1,ba,3,msk,wordecon,ia,7.7,180,66
11725,0,ba,3,msk,wordecon,ia,7.7,0,0
11726,1,ba,3,msk,wordecon,ia,7.6,476,117
11727,1,ba,3,msk,wordecon,ia,7.9,96,54
11728,1,ba,3,msk,wordecon,ia,7.7,329,86
11729,1,ba,3,msk,wordecon,ia,7.7,409,113
11730,2,ba,3,msk,wordecon,ia,7.6,87,71
11731,1,ba,3,msk,wordecon,ia,7.6,386,135
11732,2,ba,3,msk,wordecon,ia,7.6,97,41
11733,1,ba,3,msk,wordecon,ia,7.6,157,41
11734,1,ba,3,msk,wordecon,ia,7.6,508,131
11735,2,ba,3,msk,wordecon,ia,7.4,221,64
11736,1,ba,3,msk,wordecon,ia,7.4,653,151
11737,1,ba,3,msk,wordecon,ia,7.4,239,107
11738,2,ba,3,msk,wordecon,ia,7.4,446,145
11739,2,ba,3,msk,wordecon,ia,7.3,328,53
11740,2,ba,3,msk,wordecon,ia,7.3,110,42
11741,1,ba,3,msk,wordecon,ia,7.3,221,98
11742,1,ba,3,msk,wordecon,ia,7.1,179,54
11743,1,ba,3,msk,wordecon,ia,7.1,272,59
11744,0,ba,3,msk,wordecon,ia,7.1,0,0
11745,2,ba,3,msk,wordecon,ia,7,174,86
11746,2,ba,3,msk,wordecon,ia,7,337,115
11747,2,ba,3,msk,wordecon,ia,7,97,48
11748,2,ba,3,msk,wordecon,ia,6.9,367,94
11749,2,ba,3,msk,wordecon,ia,6.9,134,31
11750,2,ba,3,msk,wordecon,ia,7,193,59
11751,2,ba,3,msk,wordecon,ia,6.9,186,73
11752,2,ba,3,msk,wordecon,ia,6.9,277,152
11753,2,ba,3,msk,wordecon,ia,6.6,100,49
11754,1,ba,3,msk,wordecon,ia,6.6,146,65
11755,1,ba,3,msk,wordecon,ia,6.6,954,226
11756,2,ba,3,msk,wordecon,ia,6.6,143,67
11757,2,ba,3,msk,wordecon,ia,6.6,96,38
11758,2,ba,3,msk,wordecon,ia,6.6,121,63
11759,1,ba,3,msk,wordecon,ia,6.6,342,97
11760,2,ba,3,msk,wordecon,ia,6.3,44,18
11761,1,ba,3,msk,wordecon,ia,6.1,216,63
11762,1,ba,3,msk,wordecon,ia,6,163,99
11763,0,ba,3,msk,wordecon,ia,6.1,0,0
11764,2,ba,3,msk,wordecon,ia,6.1,531,62
11765,1,ba,3,msk,wordecon,ia,6,400,111
11766,2,ba,3,msk,wordecon,ia,6.7,160,90
11767,2,ba,3,msk,wordecon,ia,5.7,287,81
11768,2,ba,3,msk,wordecon,ia,4.6,146,42
11769,1,ba,3,msk,wordecon,ia,0,447,95
11770,2,ba,3,msk,miem,isct,9.2,80,27
11771,2,ba,3,msk,miem,isct,9,8,3
11772,1,ba,3,msk,miem,isct,8.8,142,77
11773,2,ba,3,msk,miem,isct,8.7,74,41
11774,2,ba,3,msk,miem,isct,8.8,43,24
11775,2,ba,3,msk,miem,isct,9,45,31
11776,1,ba,3,msk,miem,isct,9,5,2
11777,2,ba,3,msk,miem,isct,8.5,238,57
11778,2,ba,3,msk,miem,isct,8.8,256,56
11779,2,ba,3,msk,miem,isct,8.5,222,50
11780,1,ba,3,msk,miem,isct,8.5,177,50
11781,2,ba,3,msk,miem,isct,8.7,229,77
11782,1,ba,3,msk,miem,isct,8.7,381,67
11783,2,ba,3,msk,miem,isct,8.5,107,36
11784,2,ba,3,msk,miem,isct,8.5,67,23
11785,1,ba,3,msk,miem,isct,8.7,97,48
11786,2,ba,3,msk,miem,isct,8.7,59,24
11787,2,ba,3,msk,miem,isct,8.7,48,17
11788,1,ba,3,msk,miem,isct,8.3,149,34
11789,2,ba,3,msk,miem,isct,8.3,152,63
11790,2,ba,3,msk,miem,isct,8.8,184,44
11791,1,ba,3,msk,miem,isct,8.5,467,229
11792,2,ba,3,msk,miem,isct,8.3,52,29
11793,2,ba,3,msk,miem,isct,8.7,176,61
11794,1,ba,3,msk,miem,isct,8.7,111,58
11795,2,ba,3,msk,miem,isct,8.2,102,29
11796,2,ba,3,msk,miem,isct,8.7,67,24
11797,2,ba,3,msk,miem,isct,8.3,82,29
11798,2,ba,3,msk,miem,isct,8.3,474,72
11799,2,ba,3,msk,miem,isct,8.3,74,23
11800,2,ba,3,msk,miem,isct,8.3,97,39
11801,2,ba,3,msk,miem,isct,8.5,40,27
11802,2,ba,3,msk,miem,isct,8.7,262,144
11803,2,ba,3,msk,miem,isct,8.2,62,25
11804,2,ba,3,msk,miem,isct,8.2,91,43
11805,2,ba,3,msk,miem,isct,8.5,124,43
11806,2,ba,3,msk,miem,isct,8.3,79,34
11807,2,ba,3,msk,miem,isct,8.2,97,32
11808,2,ba,3,msk,miem,isct,8.2,42,19
11809,1,ba,3,msk,miem,isct,8.5,182,91
11810,2,ba,3,msk,miem,isct,8.5,180,4
11811,2,ba,3,msk,miem,isct,8.2,329,139
11812,2,ba,3,msk,miem,isct,8.2,78,33
11813,1,ba,3,msk,miem,isct,8.2,161,22
11814,2,ba,3,msk,miem,isct,8.5,259,64
11815,2,ba,3,msk,miem,isct,8.3,101,56
11816,2,ba,3,msk,miem,isct,8.3,202,43
11817,2,ba,3,msk,miem,isct,8.3,78,37
11818,2,ba,3,msk,miem,isct,8.2,38,21
11819,2,ba,3,msk,miem,isct,8.2,288,83
11820,2,ba,3,msk,miem,isct,8.2,614,100
11821,2,ba,3,msk,miem,isct,8,86,37
11822,1,ba,3,msk,miem,isct,7.8,307,77
11823,2,ba,3,msk,miem,isct,8.2,78,23
11824,2,ba,3,msk,miem,isct,8.2,141,40
11825,2,ba,3,msk,miem,isct,8.2,110,27
11826,1,ba,3,msk,miem,isct,8,70,32
11827,1,ba,3,msk,miem,isct,8,66,28
11828,0,ba,3,msk,miem,isct,7.8,0,0
11829,0,ba,3,msk,miem,isct,7.8,0,0
11830,2,ba,3,msk,miem,isct,8.2,257,95
11831,1,ba,3,msk,miem,isct,7.7,133,80
11832,1,ba,3,msk,miem,isct,7.8,75,17
11833,1,ba,3,msk,miem,isct,7.8,213,41
11834,2,ba,3,msk,miem,isct,8.2,85,39
11835,1,ba,3,msk,miem,isct,8.2,312,60
11836,2,ba,3,msk,miem,isct,8,59,32
11837,1,ba,3,msk,miem,isct,7.8,256,104
11838,2,ba,3,msk,miem,isct,8.2,59,28
11839,2,ba,3,msk,miem,isct,7.8,108,48
11840,2,ba,3,msk,miem,isct,7.8,296,76
11841,2,ba,3,msk,miem,isct,7.7,111,32
11842,2,ba,3,msk,miem,isct,7.7,431,107
11843,1,ba,3,msk,miem,isct,7.7,248,120
11844,2,ba,3,msk,miem,isct,8,51,24
11845,2,ba,3,msk,miem,isct,7.8,76,22
11846,2,ba,3,msk,miem,isct,7.7,277,87
11847,2,ba,3,msk,miem,isct,8,228,87
11848,2,ba,3,msk,miem,isct,7.8,212,81
11849,2,ba,3,msk,miem,isct,7.8,148,43
11850,2,ba,3,msk,miem,isct,8.2,76,43
11851,1,ba,3,msk,miem,isct,7.5,248,60
11852,2,ba,3,msk,miem,isct,7.8,23,11
11853,2,ba,3,msk,miem,isct,7.8,42,19
11854,2,ba,3,msk,miem,isct,7.7,189,58
11855,2,ba,3,msk,miem,isct,7.7,37,17
11856,2,ba,3,msk,miem,isct,7.7,74,45
11857,1,ba,3,msk,miem,isct,7.7,142,60
11858,1,ba,3,msk,miem,isct,7.7,493,128
11859,2,ba,3,msk,miem,isct,7.7,95,39
11860,2,ba,3,msk,miem,isct,7.3,237,36
11861,1,ba,3,msk,miem,isct,7.3,113,44
11862,2,ba,3,msk,miem,isct,7.7,121,34
11863,2,ba,3,msk,miem,isct,7.5,57,16
11864,2,ba,3,msk,miem,isct,7.5,55,8
11865,1,ba,3,msk,miem,isct,7.3,465,106
11866,2,ba,3,msk,miem,isct,7.5,97,33
11867,0,ba,3,msk,miem,isct,7.5,0,0
11868,2,ba,3,msk,miem,isct,7.2,52,18
11869,2,ba,3,msk,miem,isct,7.2,229,53
11870,2,ba,3,msk,miem,isct,7.5,350,157
11871,1,ba,3,msk,miem,isct,7.3,25,14
11872,2,ba,3,msk,miem,isct,7.5,249,117
11873,2,ba,3,msk,miem,isct,7.5,147,46
11874,2,ba,3,msk,miem,isct,7.2,103,34
11875,1,ba,3,msk,miem,isct,7.2,37,24
11876,2,ba,3,msk,miem,isct,7.2,50,17
11877,0,ba,3,msk,miem,isct,7.5,0,0
11878,2,ba,3,msk,miem,isct,7.5,174,29
11879,2,ba,3,msk,miem,isct,7.2,316,137
11880,2,ba,3,msk,miem,isct,7,466,80
11881,2,ba,3,msk,miem,isct,7.3,194,36
11882,2,ba,3,msk,miem,isct,7.2,109,33
11883,2,ba,3,msk,miem,isct,7.2,104,41
11884,2,ba,3,msk,miem,isct,7,83,26
11885,1,ba,3,msk,miem,isct,7,217,56
11886,1,ba,3,msk,miem,isct,7,161,28
11887,2,ba,3,msk,miem,isct,7.3,281,131
11888,2,ba,3,msk,miem,isct,7.2,274,82
11889,2,ba,3,msk,miem,isct,7,150,48
11890,2,ba,3,msk,miem,isct,6.8,75,29
11891,1,ba,3,msk,miem,isct,6.7,16,10
11892,2,ba,3,msk,miem,isct,6.8,309,39
11893,2,ba,3,msk,miem,isct,6.8,1170,75
11894,2,ba,3,msk,miem,isct,6.8,235,80
11895,2,ba,3,msk,miem,isct,6.8,125,29
11896,2,ba,3,msk,miem,isct,7,159,69
11897,2,ba,3,msk,miem,isct,6.5,170,88
11898,2,ba,3,msk,miem,isct,7,96,37
11899,2,ba,3,msk,miem,isct,6.5,95,26
11900,1,ba,3,msk,miem,isct,6.5,124,38
11901,2,ba,3,msk,miem,isct,6.5,170,67
11902,1,ba,3,msk,miem,isct,6.3,238,73
11903,2,ba,3,msk,miem,isct,6.5,57,20
11904,2,ba,3,msk,miem,isct,6.5,57,25
11905,2,ba,3,msk,miem,isct,6.5,136,32
11906,2,ba,3,msk,miem,isct,6.7,316,35
11907,2,ba,3,msk,miem,isct,6.5,130,40
11908,2,ba,3,msk,miem,isct,6.2,162,36
11909,2,ba,3,msk,miem,isct,6.2,163,47
11910,2,ba,3,msk,miem,isct,6.3,130,31
11911,2,ba,3,msk,miem,isct,6.3,60,23
11912,2,ba,3,msk,miem,isct,6.2,22,13
11913,2,ba,3,msk,miem,isct,6.2,522,186
11914,2,ba,3,msk,miem,isct,6.3,145,85
11915,2,ba,3,msk,miem,isct,6.2,139,56
11916,2,ba,3,msk,miem,isct,6.5,0,0
11917,2,ba,3,msk,miem,isct,6.2,248,94
11918,2,ba,3,msk,miem,isct,6.1,61,24
11919,2,ba,3,msk,miem,isct,5.7,0,0
11920,0,ba,3,msk,miem,isct,5.7,0,0
11921,2,ba,3,msk,miem,isct,5.7,129,34
11922,2,ba,3,msk,miem,isct,5.3,655,401
11923,2,ba,3,msk,miem,isct,5.3,250,37
11924,2,ba,3,msk,miem,isct,5.3,547,27
11925,2,ba,3,msk,miem,isct,4.8,157,63
11926,2,ba,3,msk,miem,it,9.6,149,80
11927,1,ba,3,msk,miem,it,9.4,185,68
11928,1,ba,3,msk,miem,it,9.2,163,49
11929,1,ba,3,msk,miem,it,9.2,109,39
11930,1,ba,3,msk,miem,it,9.2,422,33
11931,1,ba,3,msk,miem,it,9.2,1975,97
11932,2,ba,3,msk,miem,it,8.8,97,44
11933,1,ba,3,msk,miem,it,9,130,40
11934,2,ba,3,msk,miem,it,8.6,267,113
11935,1,ba,3,msk,miem,it,8.8,122,33
11936,1,ba,3,msk,miem,it,8.8,202,63
11937,2,ba,3,msk,miem,it,8.6,1202,78
11938,1,ba,3,msk,miem,it,8.6,242,25
11939,2,ba,3,msk,miem,it,8.6,231,44
11940,0,ba,3,msk,miem,it,8.4,0,0
11941,1,ba,3,msk,miem,it,8.4,129,44
11942,2,ba,3,msk,miem,it,8.4,267,76
11943,1,ba,3,msk,miem,it,8.2,217,53
11944,1,ba,3,msk,miem,it,8.2,180,73
11945,0,ba,3,msk,miem,it,8.2,0,0
11946,2,ba,3,msk,miem,it,8.4,58,21
11947,2,ba,3,msk,miem,it,8.2,105,47
11948,2,ba,3,msk,miem,it,8.2,1204,4
11949,2,ba,3,msk,miem,it,8.2,52,15
11950,0,ba,3,msk,miem,it,8,0,0
11951,2,ba,3,msk,miem,it,8,133,33
11952,2,ba,3,msk,miem,it,8.2,295,63
11953,2,ba,3,msk,miem,it,8,301,44
11954,2,ba,3,msk,miem,it,8,0,0
11955,1,ba,3,msk,miem,it,7.8,230,93
11956,2,ba,3,msk,miem,it,8,147,63
11957,2,ba,3,msk,miem,it,8,212,42
11958,0,ba,3,msk,miem,it,7.8,0,0
11959,0,ba,3,msk,miem,it,7.8,0,0
11960,2,ba,3,msk,miem,it,7.8,100,44
11961,1,ba,3,msk,miem,it,7.6,132,49
11962,0,ba,3,msk,miem,it,7.2,0,0
11963,2,ba,3,msk,miem,it,7.4,343,32
11964,2,ba,3,msk,miem,it,7.2,135,30
11965,2,ba,3,msk,miem,it,7.2,83,25
11966,2,ba,3,msk,miem,it,7,179,56
11967,2,ba,3,msk,miem,it,6.6,446,165
11968,2,ba,3,msk,miem,it,7,311,58
11969,2,ba,3,msk,miem,it,6.8,386,81
11970,2,ba,3,msk,miem,it,6.6,87,32
11971,2,ba,3,msk,miem,it,6.4,155,38
11972,2,ba,3,msk,miem,it,6,402,52
11973,0,ba,3,msk,miem,it,5.2,0,0
11974,1,ba,3,msk,mediades,journ,10,248,55
11975,1,ba,3,msk,mediades,journ,10,464,107
11976,0,ba,3,msk,mediades,journ,9.7,0,0
11977,1,ba,3,msk,mediades,journ,9.7,286,102
11978,1,ba,3,msk,mediades,journ,9.4,326,112
11979,1,ba,3,msk,mediades,journ,9.3,416,67
11980,1,ba,3,msk,mediades,journ,9.6,126,63
11981,1,ba,3,msk,mediades,journ,9.4,454,86
11982,1,ba,3,msk,mediades,journ,9.1,167,33
11983,1,ba,3,msk,mediades,journ,9.3,1397,224
11984,1,ba,3,msk,mediades,journ,9.4,239,64
11985,1,ba,3,msk,mediades,journ,9.4,620,229
11986,1,ba,3,msk,mediades,journ,9.2,300,154
11987,1,ba,3,msk,mediades,journ,9.6,529,74
11988,1,ba,3,msk,mediades,journ,9.6,245,63
11989,0,ba,3,msk,mediades,journ,9.1,0,0
11990,1,ba,3,msk,mediades,journ,9.1,293,96
11991,1,ba,3,msk,mediades,journ,9,0,0
11992,1,ba,3,msk,mediades,journ,9.3,98,38
11993,1,ba,3,msk,mediades,journ,9.3,567,106
11994,1,ba,3,msk,mediades,journ,9.4,162,73
11995,1,ba,3,msk,mediades,journ,9.1,106,40
11996,1,ba,3,msk,mediades,journ,9.3,372,66
11997,1,ba,3,msk,mediades,journ,9.1,280,102
11998,1,ba,3,msk,mediades,journ,8.7,101,60
11999,1,ba,3,msk,mediades,journ,9.1,494,170
12000,1,ba,3,msk,mediades,journ,9.3,67,31
12001,1,ba,3,msk,mediades,journ,9,451,103
12002,2,ba,3,msk,mediades,journ,9.3,234,104
12003,1,ba,3,msk,mediades,journ,9,295,144
12004,1,ba,3,msk,mediades,journ,9.1,61,24
12005,1,ba,3,msk,mediades,journ,9.3,274,86
12006,1,ba,3,msk,mediades,journ,8.9,313,158
12007,1,ba,3,msk,mediades,journ,9,387,145
12008,1,ba,3,msk,mediades,journ,8.7,660,245
12009,2,ba,3,msk,mediades,journ,9.1,225,71
12010,1,ba,3,msk,mediades,journ,8.7,509,156
12011,1,ba,3,msk,mediades,journ,8.6,157,49
12012,1,ba,3,msk,mediades,journ,8.7,511,64
12013,1,ba,3,msk,mediades,journ,8.4,165,27
12014,1,ba,3,msk,mediades,journ,8.7,240,66
12015,2,ba,3,msk,mediades,journ,8.7,470,116
12016,1,ba,3,msk,mediades,journ,8.9,720,282
12017,1,ba,3,msk,mediades,journ,8.4,216,59
12018,1,ba,3,msk,mediades,journ,9.1,218,113
12019,1,ba,3,msk,mediades,journ,9,703,259
12020,2,ba,3,msk,mediades,journ,8.3,247,149
12021,1,ba,3,msk,mediades,journ,8.7,247,88
12022,1,ba,3,msk,mediades,journ,8.4,240,62
12023,2,ba,3,msk,mediades,journ,8.9,212,110
12024,2,ba,3,msk,mediades,journ,8.3,198,63
12025,1,ba,3,msk,mediades,journ,8.3,288,60
12026,1,ba,3,msk,mediades,journ,8.4,413,52
12027,1,ba,3,msk,mediades,journ,8.1,686,151
12028,1,ba,3,msk,mediades,journ,8.6,195,63
12029,1,ba,3,msk,mediades,journ,8,297,92
12030,1,ba,3,msk,mediades,journ,8.3,452,180
12031,1,ba,3,msk,mediades,journ,8.1,157,61
12032,1,ba,3,msk,mediades,journ,8.3,906,209
12033,2,ba,3,msk,mediades,journ,8,65,10
12034,1,ba,3,msk,mediades,journ,8,844,115
12035,1,ba,3,msk,mediades,journ,8.3,520,101
12036,1,ba,3,msk,mediades,journ,8,290,79
12037,0,ba,3,msk,mediades,journ,8.4,0,0
12038,2,ba,3,msk,mediades,journ,8.1,495,101
12039,0,ba,3,msk,mediades,journ,8.3,0,0
12040,2,ba,3,msk,mediades,journ,8.3,396,152
12041,1,ba,3,msk,mediades,journ,7.9,283,74
12042,1,ba,3,msk,mediades,journ,8,347,88
12043,1,ba,3,msk,mediades,journ,8.1,393,63
12044,1,ba,3,msk,mediades,journ,8,453,110
12045,1,ba,3,msk,mediades,journ,7.9,47,23
12046,0,ba,3,msk,mediades,journ,7.7,0,0
12047,1,ba,3,msk,mediades,journ,7.6,215,59
12048,2,ba,3,msk,mediades,journ,7.6,123,38
12049,1,ba,3,msk,mediades,journ,7.6,507,91
12050,1,ba,3,msk,mediades,journ,7.7,233,109
12051,2,ba,3,msk,mediades,journ,8,502,246
12052,1,ba,3,msk,mediades,journ,8.1,208,72
12053,0,ba,3,msk,mediades,journ,7.6,0,0
12054,1,ba,3,msk,mediades,journ,7.4,727,108
12055,2,ba,3,msk,mediades,journ,7.7,230,153
12056,1,ba,3,msk,mediades,journ,7.6,364,52
12057,1,ba,3,msk,mediades,journ,6.8,1057,147
12058,1,ba,3,msk,mediades,journ,7.2,88,46
12059,0,ba,3,msk,mediades,journ,7.1,0,0
12060,1,ba,3,msk,mediades,journ,7.6,593,122
12061,1,ba,3,msk,mediades,journ,7.1,153,29
12062,1,ba,3,msk,mediades,journ,7.3,277,82
12063,1,ba,3,msk,mediades,journ,7.6,317,48
12064,2,ba,3,msk,mediades,journ,7.6,777,281
12065,1,ba,3,msk,mediades,journ,7.3,686,113
12066,1,ba,3,msk,mediades,journ,7.4,93,22
12067,1,ba,3,msk,mediades,journ,7.1,189,81
12068,2,ba,3,msk,mediades,journ,6.9,198,65
12069,1,ba,3,msk,mediades,journ,6.7,299,56
12070,1,ba,3,msk,mediades,journ,6.7,1489,53
12071,0,ba,3,msk,mediades,journ,7,0,0
12072,2,ba,3,msk,law,law,10,79,41
12073,1,ba,3,msk,law,law,9.2,249,81
12074,1,ba,3,msk,law,law,9.8,180,80
12075,1,ba,3,msk,law,law,9.7,260,78
12076,2,ba,3,msk,law,law,9.7,280,128
12077,2,ba,3,msk,law,law,9.7,161,76
12078,2,ba,3,msk,law,law,9.3,366,51
12079,1,ba,3,msk,law,law,9.3,184,51
12080,1,ba,3,msk,law,law,9.3,369,134
12081,2,ba,3,msk,law,law,9.3,169,68
12082,2,ba,3,msk,law,law,9.3,217,71
12083,1,ba,3,msk,law,law,9.3,220,124
12084,2,ba,3,msk,law,law,9.3,149,73
12085,1,ba,3,msk,law,law,9.3,139,65
12086,1,ba,3,msk,law,law,9.3,128,49
12087,1,ba,3,msk,law,law,9.3,144,76
12088,2,ba,3,msk,law,law,9.3,211,112
12089,1,ba,3,msk,law,law,9.3,209,108
12090,1,ba,3,msk,law,law,9.2,359,83
12091,1,ba,3,msk,law,law,9.2,301,79
12092,1,ba,3,msk,law,law,9.2,257,121
12093,2,ba,3,msk,law,law,9.5,276,118
12094,2,ba,3,msk,law,law,9.5,72,43
12095,1,ba,3,msk,law,law,9.5,154,93
12096,2,ba,3,msk,law,law,9.5,220,116
12097,0,ba,3,msk,law,law,9.5,0,0
12098,1,ba,3,msk,law,law,9.5,191,84
12099,1,ba,3,msk,law,law,9.5,121,57
12100,1,ba,3,msk,law,law,9.5,209,139
12101,2,ba,3,msk,law,law,9.3,194,76
12102,0,ba,3,msk,law,law,9.3,0,0
12103,1,ba,3,msk,law,law,9.3,250,122
12104,1,ba,3,msk,law,law,9.2,147,37
12105,1,ba,3,msk,law,law,9.3,179,82
12106,1,ba,3,msk,law,law,9.3,330,156
12107,1,ba,3,msk,law,law,8.8,758,245
12108,1,ba,3,msk,law,law,9,163,83
12109,1,ba,3,msk,law,law,9,547,120
12110,2,ba,3,msk,law,law,9,1045,219
12111,2,ba,3,msk,law,law,9,420,213
12112,2,ba,3,msk,law,law,9,123,59
12113,0,ba,3,msk,law,law,9,0,0
12114,2,ba,3,msk,law,law,9,164,79
12115,1,ba,3,msk,law,law,9,654,83
12116,2,ba,3,msk,law,law,9,147,68
12117,2,ba,3,msk,law,law,9,659,189
12118,1,ba,3,msk,law,law,9,372,153
12119,1,ba,3,msk,law,law,9,297,70
12120,0,ba,3,msk,law,law,9,0,0
12121,1,ba,3,msk,law,law,9,295,93
12122,1,ba,3,msk,law,law,9.2,286,77
12123,2,ba,3,msk,law,law,9,455,141
12124,1,ba,3,msk,law,law,9,182,69
12125,1,ba,3,msk,law,law,9,348,99
12126,1,ba,3,msk,law,law,9,479,94
12127,1,ba,3,msk,law,law,9,1155,234
12128,1,ba,3,msk,law,law,9,375,122
12129,1,ba,3,msk,law,law,9,269,74
12130,1,ba,3,msk,law,law,9,230,126
12131,1,ba,3,msk,law,law,9,220,43
12132,2,ba,3,msk,law,law,9,395,214
12133,2,ba,3,msk,law,law,9,285,117
12134,1,ba,3,msk,law,law,9,109,59
12135,1,ba,3,msk,law,law,9,258,61
12136,1,ba,3,msk,law,law,9.2,148,89
12137,1,ba,3,msk,law,law,9,138,63
12138,1,ba,3,msk,law,law,9,553,158
12139,2,ba,3,msk,law,law,9,609,110
12140,1,ba,3,msk,law,law,9,109,59
12141,1,ba,3,msk,law,law,9,862,354
12142,1,ba,3,msk,law,law,9,668,208
12143,1,ba,3,msk,law,law,9,201,77
12144,1,ba,3,msk,law,law,9,133,55
12145,1,ba,3,msk,law,law,9,255,92
12146,1,ba,3,msk,law,law,8.8,181,45
12147,1,ba,3,msk,law,law,8.8,385,213
12148,2,ba,3,msk,law,law,8.7,528,248
12149,2,ba,3,msk,law,law,8.7,913,435
12150,1,ba,3,msk,law,law,8.7,306,130
12151,2,ba,3,msk,law,law,8.7,118,34
12152,1,ba,3,msk,law,law,8.8,267,82
12153,1,ba,3,msk,law,law,8.7,268,144
12154,1,ba,3,msk,law,law,8.7,181,93
12155,1,ba,3,msk,law,law,8.7,291,139
12156,1,ba,3,msk,law,law,8.7,142,74
12157,1,ba,3,msk,law,law,8.7,78,42
12158,1,ba,3,msk,law,law,8.7,149,72
12159,1,ba,3,msk,law,law,8.7,238,92
12160,2,ba,3,msk,law,law,8.7,301,72
12161,2,ba,3,msk,law,law,8.7,243,79
12162,1,ba,3,msk,law,law,8.7,365,63
12163,2,ba,3,msk,law,law,8.7,371,70
12164,2,ba,3,msk,law,law,7.4,463,153
12165,0,ba,3,msk,law,law,9,0,0
12166,2,ba,3,msk,law,law,9,318,80
12167,2,ba,3,msk,law,law,9,154,6
12168,2,ba,3,msk,law,law,9,224,80
12169,2,ba,3,msk,law,law,9,161,82
12170,1,ba,3,msk,law,law,8.7,181,68
12171,1,ba,3,msk,law,law,8.7,167,52
12172,1,ba,3,msk,law,law,8.7,215,109
12173,2,ba,3,msk,law,law,8.7,929,142
12174,0,ba,3,msk,law,law,8.7,0,0
12175,1,ba,3,msk,law,law,8.7,95,1
12176,2,ba,3,msk,law,law,8.7,282,144
12177,1,ba,3,msk,law,law,8.7,124,39
12178,1,ba,3,msk,law,law,8.7,178,81
12179,2,ba,3,msk,law,law,8.7,378,105
12180,0,ba,3,msk,law,law,8.7,0,0
12181,2,ba,3,msk,law,law,8.7,203,111
12182,1,ba,3,msk,law,law,8.7,438,92
12183,1,ba,3,msk,law,law,8.7,221,103
12184,2,ba,3,msk,law,law,8.7,654,259
12185,2,ba,3,msk,law,law,8.5,95,39
12186,1,ba,3,msk,law,law,8.7,175,61
12187,2,ba,3,msk,law,law,8.3,75,29
12188,1,ba,3,msk,law,law,8,236,109
12189,1,ba,3,msk,law,law,8.2,208,79
12190,1,ba,3,msk,law,law,8.2,383,138
12191,1,ba,3,msk,law,law,8.3,141,52
12192,1,ba,3,msk,law,law,8.3,218,59
12193,1,ba,3,msk,law,law,8.3,99,65
12194,1,ba,3,msk,law,law,8.3,144,71
12195,2,ba,3,msk,law,law,8.3,274,102
12196,1,ba,3,msk,law,law,8.2,162,60
12197,1,ba,3,msk,law,law,8.2,249,133
12198,1,ba,3,msk,law,law,8.3,369,96
12199,1,ba,3,msk,law,law,8.5,717,229
12200,1,ba,3,msk,law,law,8.3,247,94
12201,2,ba,3,msk,law,law,8.3,177,113
12202,1,ba,3,msk,law,law,8.3,348,121
12203,2,ba,3,msk,law,law,8.3,202,70
12204,2,ba,3,msk,law,law,8.3,517,228
12205,1,ba,3,msk,law,law,8.3,108,50
12206,2,ba,3,msk,law,law,8.3,309,80
12207,1,ba,3,msk,law,law,8.3,141,53
12208,2,ba,3,msk,law,law,8.3,124,88
12209,2,ba,3,msk,law,law,8.3,272,101
12210,1,ba,3,msk,law,law,8.3,151,62
12211,1,ba,3,msk,law,law,8.3,119,73
12212,1,ba,3,msk,law,law,8.3,252,147
12213,1,ba,3,msk,law,law,8.3,279,50
12214,2,ba,3,msk,law,law,8.3,13,1
12215,1,ba,3,msk,law,law,8.3,161,81
12216,1,ba,3,msk,law,law,8.3,331,168
12217,1,ba,3,msk,law,law,8.3,310,191
12218,2,ba,3,msk,law,law,8,241,92
12219,1,ba,3,msk,law,law,8.3,97,60
12220,2,ba,3,msk,law,law,8.3,225,83
12221,1,ba,3,msk,law,law,8.3,642,331
12222,1,ba,3,msk,law,law,8.3,389,103
12223,2,ba,3,msk,law,law,8.3,192,57
12224,2,ba,3,msk,law,law,8.3,159,71
12225,0,ba,3,msk,law,law,8,0,0
12226,2,ba,3,msk,law,law,8.2,111,37
12227,1,ba,3,msk,law,law,8,149,45
12228,0,ba,3,msk,law,law,8,0,0
12229,1,ba,3,msk,law,law,8,127,40
12230,1,ba,3,msk,law,law,8,219,43
12231,2,ba,3,msk,law,law,8,275,134
12232,0,ba,3,msk,law,law,8,0,0
12233,2,ba,3,msk,law,law,8,214,127
12234,0,ba,3,msk,law,law,8,0,0
12235,2,ba,3,msk,law,law,8,200,96
12236,1,ba,3,msk,law,law,8,227,57
12237,2,ba,3,msk,law,law,8,176,69
12238,1,ba,3,msk,law,law,8,141,50
12239,2,ba,3,msk,law,law,8,56,50
12240,2,ba,3,msk,law,law,8,307,120
12241,2,ba,3,msk,law,law,8,1099,389
12242,1,ba,3,msk,law,law,8,114,41
12243,1,ba,3,msk,law,law,8.5,551,258
12244,2,ba,3,msk,law,law,8.5,73,34
12245,2,ba,3,msk,law,law,8.5,314,73
12246,1,ba,3,msk,law,law,8.5,177,81
12247,2,ba,3,msk,law,law,8.5,265,61
12248,0,ba,3,msk,law,law,8.5,0,0
12249,2,ba,3,msk,law,law,8.5,313,107
12250,1,ba,3,msk,law,law,8.5,254,119
12251,2,ba,3,msk,law,law,8.5,73,38
12252,2,ba,3,msk,law,law,8.3,389,160
12253,2,ba,3,msk,law,law,7.8,65,32
12254,1,ba,3,msk,law,law,8,225,45
12255,1,ba,3,msk,law,law,8,400,175
12256,1,ba,3,msk,law,law,8,385,160
12257,1,ba,3,msk,law,law,8,144,58
12258,1,ba,3,msk,law,law,8,197,58
12259,2,ba,3,msk,law,law,8,129,59
12260,1,ba,3,msk,law,law,8,286,56
12261,2,ba,3,msk,law,law,8,265,79
12262,1,ba,3,msk,law,law,8,142,43
12263,1,ba,3,msk,law,law,8,578,80
12264,1,ba,3,msk,law,law,8,297,149
12265,1,ba,3,msk,law,law,8,118,65
12266,1,ba,3,msk,law,law,8,225,81
12267,2,ba,3,msk,law,law,8,182,62
12268,2,ba,3,msk,law,law,8,214,101
12269,0,ba,3,msk,law,law,8,0,0
12270,2,ba,3,msk,law,law,8,342,80
12271,0,ba,3,msk,law,law,8,0,0
12272,1,ba,3,msk,law,law,8,141,51
12273,1,ba,3,msk,law,law,7.8,201,35
12274,2,ba,3,msk,law,law,8,426,184
12275,1,ba,3,msk,law,law,7.7,474,110
12276,1,ba,3,msk,law,law,7.2,476,109
12277,2,ba,3,msk,law,law,7.7,22,10
12278,2,ba,3,msk,law,law,7.7,199,87
12279,1,ba,3,msk,law,law,7.7,116,30
12280,1,ba,3,msk,law,law,7.7,274,69
12281,1,ba,3,msk,law,law,7.7,297,46
12282,0,ba,3,msk,law,law,7.7,0,0
12283,1,ba,3,msk,law,law,7.7,165,48
12284,2,ba,3,msk,law,law,7.7,152,84
12285,2,ba,3,msk,law,law,7.7,25,19
12286,1,ba,3,msk,law,law,7.7,100,41
12287,1,ba,3,msk,law,law,7.7,444,184
12288,1,ba,3,msk,law,law,7.7,0,0
12289,1,ba,3,msk,law,law,7.7,80,38
12290,1,ba,3,msk,law,law,7.7,160,95
12291,0,ba,3,msk,law,law,7.7,0,0
12292,2,ba,3,msk,law,law,7.7,335,117
12293,0,ba,3,msk,law,law,7.7,0,0
12294,2,ba,3,msk,law,law,7.7,113,67
12295,2,ba,3,msk,law,law,7.7,412,62
12296,2,ba,3,msk,law,law,7.7,132,60
12297,0,ba,3,msk,law,law,7.7,0,0
12298,1,ba,3,msk,law,law,7.3,174,91
12299,2,ba,3,msk,law,law,7.3,259,106
12300,1,ba,3,msk,law,law,7.3,78,18
12301,1,ba,3,msk,law,law,8,217,74
12302,2,ba,3,msk,law,law,8,232,73
12303,2,ba,3,msk,law,law,7.3,434,161
12304,2,ba,3,msk,law,law,7.3,623,94
12305,2,ba,3,msk,law,law,7.3,334,114
12306,2,ba,3,msk,law,law,7.3,433,167
12307,1,ba,3,msk,law,law,7.3,67,30
12308,2,ba,3,msk,law,law,7.3,1029,293
12309,1,ba,3,msk,law,law,7.3,74,29
12310,1,ba,3,msk,law,law,7.3,106,47
12311,2,ba,3,msk,law,law,7.3,422,144
12312,1,ba,3,msk,law,law,7.3,306,80
12313,2,ba,3,msk,law,law,7.3,0,0
12314,1,ba,3,msk,law,law,7,271,98
12315,1,ba,3,msk,law,law,7.3,158,79
12316,2,ba,3,msk,law,law,7,420,61
12317,2,ba,3,msk,law,law,7,245,80
12318,2,ba,3,msk,law,law,7,47,38
12319,1,ba,3,msk,law,law,7,160,64
12320,2,ba,3,msk,law,law,7,147,39
12321,2,ba,3,msk,law,law,7,254,89
12322,2,ba,3,msk,law,law,7,180,89
12323,1,ba,3,msk,law,law,7,283,87
12324,1,ba,3,msk,law,law,6.4,45,6
12325,2,ba,3,msk,law,law,7,31,28
12326,2,ba,3,msk,law,law,7,414,50
12327,2,ba,3,msk,law,law,6.7,343,130
12328,1,ba,3,msk,law,law,6.7,282,88
12329,0,ba,3,msk,law,law,6.7,0,0
12330,1,ba,3,msk,law,law,6.7,185,73
12331,2,ba,3,msk,law,law,6.7,141,76
12332,2,ba,3,msk,law,law,6.7,115,44
12333,1,ba,3,msk,law,law,6.7,234,69
12334,0,ba,3,msk,law,law,6.7,0,0
12335,2,ba,3,msk,law,law,6.7,853,115
12336,1,ba,3,msk,law,law,6,329,126
12337,0,ba,3,msk,law,law,6,0,0
12338,1,ba,3,msk,law,law,7.2,154,70
12339,2,ba,3,msk,law,law,6.3,162,51
12340,2,ba,3,msk,law,law,6.3,166,75
12341,2,ba,3,msk,law,law,6.3,300,49
12342,2,ba,3,msk,law,law,6.3,283,107
12343,1,ba,3,msk,law,law,6.3,123,58
12344,2,ba,3,msk,law,law,7,178,79
12345,2,ba,3,msk,law,law,7,123,34
12346,2,ba,3,msk,law,law,6,250,93
12347,2,ba,3,msk,law,law,10,124,48
12348,1,ba,3,msk,bisandman,logistics,7.8,284,119
12349,2,ba,3,msk,bisandman,logistics,7.6,60,36
12350,2,ba,3,msk,bisandman,logistics,7.6,216,62
12351,1,ba,3,msk,bisandman,logistics,7.5,108,32
12352,1,ba,3,msk,bisandman,logistics,7.4,289,108
12353,1,ba,3,msk,bisandman,logistics,7.4,81,30
12354,1,ba,3,msk,bisandman,logistics,7.4,229,69
12355,1,ba,3,msk,bisandman,logistics,7.2,444,54
12356,2,ba,3,msk,bisandman,logistics,7.2,158,57
12357,1,ba,3,msk,bisandman,logistics,7.2,528,214
12358,1,ba,3,msk,bisandman,logistics,7,137,52
12359,2,ba,3,msk,bisandman,logistics,6.8,198,46
12360,1,ba,3,msk,bisandman,logistics,6.8,106,28
12361,2,ba,3,msk,bisandman,logistics,6.8,279,79
12362,1,ba,3,msk,bisandman,logistics,6.8,86,37
12363,1,ba,3,msk,bisandman,logistics,6.6,238,68
12364,0,ba,3,msk,bisandman,logistics,6.6,0,0
12365,1,ba,3,msk,bisandman,logistics,6.6,165,38
12366,1,ba,3,msk,bisandman,logistics,6.4,570,1
12367,2,ba,3,msk,bisandman,logistics,6.4,97,25
12368,1,ba,3,msk,bisandman,logistics,6.4,668,90
12369,1,ba,3,msk,bisandman,logistics,6.2,166,50
12370,1,ba,3,msk,bisandman,logistics,6.2,203,38
12371,2,ba,3,msk,bisandman,logistics,6.2,74,35
12372,1,ba,3,msk,bisandman,logistics,6.2,146,32
12373,2,ba,3,msk,bisandman,logistics,6.2,266,71
12374,1,ba,3,msk,bisandman,logistics,6,319,75
12375,1,ba,3,msk,bisandman,logistics,6,54,22
12376,1,ba,3,msk,bisandman,logistics,6,177,67
12377,1,ba,3,msk,bisandman,logistics,6,276,81
12378,1,ba,3,msk,bisandman,logistics,6,232,124
12379,1,ba,3,msk,bisandman,logistics,5.8,312,40
12380,2,ba,3,msk,bisandman,logistics,6,477,215
12381,1,ba,3,msk,bisandman,logistics,5.8,130,31
12382,1,ba,3,msk,bisandman,logistics,5.8,147,57
12383,2,ba,3,msk,bisandman,logistics,5.8,1029,169
12384,1,ba,3,msk,bisandman,logistics,5.8,413,172
12385,1,ba,3,msk,bisandman,logistics,5.8,114,30
12386,1,ba,3,msk,bisandman,logistics,5.6,223,61
12387,2,ba,3,msk,bisandman,logistics,5.5,97,45
12388,1,ba,3,msk,bisandman,logistics,5.6,150,67
12389,1,ba,3,msk,bisandman,logistics,5.6,185,80
12390,2,ba,3,msk,bisandman,logistics,5.5,43,17
12391,1,ba,3,msk,bisandman,logistics,5.6,168,56
12392,2,ba,3,msk,bisandman,logistics,5.6,296,118
12393,1,ba,3,msk,bisandman,logistics,5.5,140,34
12394,1,ba,3,msk,bisandman,logistics,5.4,195,25
12395,1,ba,3,msk,bisandman,logistics,5.4,119,52
12396,2,ba,3,msk,bisandman,logistics,5.4,237,111
12397,1,ba,3,msk,bisandman,logistics,5.4,159,63
12398,0,ba,3,msk,bisandman,logistics,5.5,0,0
12399,2,ba,3,msk,bisandman,logistics,5.5,377,58
12400,2,ba,3,msk,bisandman,logistics,5.4,166,63
12401,1,ba,3,msk,bisandman,logistics,5.4,87,33
12402,1,ba,3,msk,bisandman,logistics,5.2,97,34
12403,2,ba,3,msk,bisandman,logistics,5.2,161,67
12404,2,ba,3,msk,bisandman,logistics,5.2,265,113
12405,2,ba,3,msk,bisandman,logistics,5.2,154,55
12406,1,ba,3,msk,bisandman,logistics,5.2,272,54
12407,2,ba,3,msk,bisandman,logistics,5.2,362,144
12408,1,ba,3,msk,bisandman,logistics,5.2,122,39
12409,0,ba,3,msk,bisandman,logistics,5.2,0,0
12410,1,ba,3,msk,bisandman,logistics,5.2,0,0
12411,1,ba,3,msk,bisandman,logistics,5.2,242,56
12412,1,ba,3,msk,bisandman,logistics,5,175,65
12413,1,ba,3,msk,bisandman,logistics,5,829,110
12414,1,ba,3,msk,bisandman,logistics,5,161,48
12415,1,ba,3,msk,bisandman,logistics,5,44,12
12416,2,ba,3,msk,bisandman,logistics,5,359,64
12417,2,ba,3,msk,bisandman,logistics,5,191,75
12418,2,ba,3,msk,bisandman,logistics,5,32,4
12419,1,ba,3,msk,bisandman,logistics,5,94,40
12420,1,ba,3,msk,bisandman,logistics,4.8,20,3
12421,2,ba,3,msk,bisandman,logistics,4.8,347,82
12422,1,ba,3,msk,bisandman,logistics,4.8,169,49
12423,2,ba,3,msk,bisandman,logistics,4.8,316,117
12424,1,ba,3,msk,bisandman,logistics,4.8,95,24
12425,0,ba,3,msk,bisandman,logistics,4.8,0,0
12426,2,ba,3,msk,bisandman,logistics,4.8,195,71
12427,2,ba,3,msk,bisandman,logistics,4.8,68,21
12428,2,ba,3,msk,bisandman,logistics,4.6,36,15
12429,2,ba,3,msk,bisandman,logistics,4.6,70,34
12430,1,ba,3,msk,bisandman,logistics,4.6,115,50
12431,2,ba,3,msk,bisandman,logistics,4.5,159,61
12432,2,ba,3,msk,bisandman,logistics,4.5,71,27
12433,2,ba,3,msk,bisandman,logistics,4.5,309,112
12434,2,ba,3,msk,bisandman,logistics,4.5,94,36
12435,2,ba,3,msk,bisandman,logistics,4.5,335,141
12436,2,ba,3,msk,bisandman,logistics,4.4,54,5
12437,2,ba,3,msk,bisandman,logistics,4.4,151,55
12438,1,ba,3,msk,bisandman,logistics,4,755,6
12439,2,ba,3,msk,bisandman,logistics,4,193,50
12440,2,ba,3,msk,bisandman,logistics,4,131,50
12441,2,ba,3,msk,bisandman,logistics,4,214,11
12442,2,ba,3,msk,bisandman,logistics,4,499,98
12443,2,ba,3,msk,bisandman,logistics,3.8,249,79
12444,2,ba,3,msk,bisandman,logistics,4,113,12
12445,0,ba,3,msk,bisandman,logistics,3,0,0
12446,1,ba,3,msk,bisandman,logistics,0,245,83
12447,2,ba,3,msk,bisandman,logistics,0,39,12
12448,1,ba,3,msk,bisandman,logistics,0,271,48
12449,1,ba,3,msk,bisandman,logistics,0,92,27
12450,1,ba,3,msk,bisandman,logistics,0,139,31
12451,2,ba,3,msk,bisandman,management,9.7,0,0
12452,0,ba,3,msk,bisandman,management,9.3,0,0
12453,1,ba,3,msk,bisandman,management,9.3,397,214
12454,1,ba,3,msk,bisandman,management,9.3,571,118
12455,2,ba,3,msk,bisandman,management,9,166,79
12456,1,ba,3,msk,bisandman,management,9,138,57
12457,1,ba,3,msk,bisandman,management,9,576,194
12458,1,ba,3,msk,bisandman,management,9,136,56
12459,1,ba,3,msk,bisandman,management,9,275,98
12460,1,ba,3,msk,bisandman,management,9,326,92
12461,1,ba,3,msk,bisandman,management,9,378,159
12462,1,ba,3,msk,bisandman,management,9,252,104
12463,1,ba,3,msk,bisandman,management,9,535,77
12464,1,ba,3,msk,bisandman,management,9,430,152
12465,1,ba,3,msk,bisandman,management,8.7,449,138
12466,1,ba,3,msk,bisandman,management,8.7,325,128
12467,1,ba,3,msk,bisandman,management,8.7,250,36
12468,1,ba,3,msk,bisandman,management,8.7,190,103
12469,2,ba,3,msk,bisandman,management,8.7,166,91
12470,2,ba,3,msk,bisandman,management,8.7,129,33
12471,2,ba,3,msk,bisandman,management,8.7,571,124
12472,1,ba,3,msk,bisandman,management,8.7,247,116
12473,1,ba,3,msk,bisandman,management,8.7,130,76
12474,1,ba,3,msk,bisandman,management,8.5,707,155
12475,1,ba,3,msk,bisandman,management,8.5,195,56
12476,2,ba,3,msk,bisandman,management,8.5,251,79
12477,1,ba,3,msk,bisandman,management,8.5,171,74
12478,1,ba,3,msk,bisandman,management,8.5,208,58
12479,1,ba,3,msk,bisandman,management,8.5,371,73
12480,2,ba,3,msk,bisandman,management,8.5,157,87
12481,1,ba,3,msk,bisandman,management,8.5,183,81
12482,0,ba,3,msk,bisandman,management,8.5,0,0
12483,1,ba,3,msk,bisandman,management,8.5,332,84
12484,1,ba,3,msk,bisandman,management,8.5,221,80
12485,1,ba,3,msk,bisandman,management,8.3,73,42
12486,1,ba,3,msk,bisandman,management,8.3,232,70
12487,1,ba,3,msk,bisandman,management,8.3,413,117
12488,1,ba,3,msk,bisandman,management,8.5,299,146
12489,1,ba,3,msk,bisandman,management,8.3,193,74
12490,1,ba,3,msk,bisandman,management,8.3,242,99
12491,1,ba,3,msk,bisandman,management,8.3,212,86
12492,1,ba,3,msk,bisandman,management,8.3,407,155
12493,2,ba,3,msk,bisandman,management,8.3,260,94
12494,2,ba,3,msk,bisandman,management,8.3,157,56
12495,1,ba,3,msk,bisandman,management,8.3,886,190
12496,0,ba,3,msk,bisandman,management,8.3,0,0
12497,1,ba,3,msk,bisandman,management,8.3,871,144
12498,1,ba,3,msk,bisandman,management,8.3,367,107
12499,1,ba,3,msk,bisandman,management,8.3,493,232
12500,2,ba,3,msk,bisandman,management,8.3,247,62
12501,1,ba,3,msk,bisandman,management,8.3,137,80
12502,1,ba,3,msk,bisandman,management,8,162,62
12503,1,ba,3,msk,bisandman,management,8,395,140
12504,2,ba,3,msk,bisandman,management,8,204,102
12505,1,ba,3,msk,bisandman,management,8,249,74
12506,1,ba,3,msk,bisandman,management,8,407,93
12507,2,ba,3,msk,bisandman,management,8,179,65
12508,1,ba,3,msk,bisandman,management,8,261,113
12509,1,ba,3,msk,bisandman,management,8,270,93
12510,1,ba,3,msk,bisandman,management,8,216,75
12511,0,ba,3,msk,bisandman,management,8,0,0
12512,1,ba,3,msk,bisandman,management,8,488,79
12513,1,ba,3,msk,bisandman,management,8,476,195
12514,1,ba,3,msk,bisandman,management,8,231,37
12515,2,ba,3,msk,bisandman,management,8,406,155
12516,2,ba,3,msk,bisandman,management,8,151,53
12517,2,ba,3,msk,bisandman,management,8,40,25
12518,1,ba,3,msk,bisandman,management,8,106,76
12519,1,ba,3,msk,bisandman,management,8,235,94
12520,2,ba,3,msk,bisandman,management,8,389,187
12521,2,ba,3,msk,bisandman,management,8,863,7
12522,2,ba,3,msk,bisandman,management,8,177,76
12523,1,ba,3,msk,bisandman,management,8,205,63
12524,2,ba,3,msk,bisandman,management,8,604,170
12525,1,ba,3,msk,bisandman,management,8,50,31
12526,1,ba,3,msk,bisandman,management,8,113,38
12527,2,ba,3,msk,bisandman,management,7.7,178,112
12528,1,ba,3,msk,bisandman,management,7.7,340,92
12529,1,ba,3,msk,bisandman,management,7.7,552,124
12530,2,ba,3,msk,bisandman,management,7.7,140,69
12531,2,ba,3,msk,bisandman,management,7.7,189,96
12532,1,ba,3,msk,bisandman,management,7.7,1389,2
12533,1,ba,3,msk,bisandman,management,7.7,625,124
12534,2,ba,3,msk,bisandman,management,7.7,183,49
12535,2,ba,3,msk,bisandman,management,7.7,272,120
12536,2,ba,3,msk,bisandman,management,7.7,850,311
12537,1,ba,3,msk,bisandman,management,7.7,426,59
12538,1,ba,3,msk,bisandman,management,7.3,269,100
12539,1,ba,3,msk,bisandman,management,7.5,264,101
12540,1,ba,3,msk,bisandman,management,7.5,188,58
12541,1,ba,3,msk,bisandman,management,7.5,127,69
12542,1,ba,3,msk,bisandman,management,7.5,327,84
12543,2,ba,3,msk,bisandman,management,7.5,910,454
12544,1,ba,3,msk,bisandman,management,7.5,365,103
12545,0,ba,3,msk,bisandman,management,7.5,0,0
12546,1,ba,3,msk,bisandman,management,7.5,128,52
12547,2,ba,3,msk,bisandman,management,7.5,2329,121
12548,1,ba,3,msk,bisandman,management,7.5,169,68
12549,1,ba,3,msk,bisandman,management,7.5,188,93
12550,1,ba,3,msk,bisandman,management,7.5,585,271
12551,1,ba,3,msk,bisandman,management,7.5,256,65
12552,1,ba,3,msk,bisandman,management,7.5,248,78
12553,1,ba,3,msk,bisandman,management,7.3,197,90
12554,0,ba,3,msk,bisandman,management,7.3,0,0
12555,2,ba,3,msk,bisandman,management,7.5,356,80
12556,2,ba,3,msk,bisandman,management,7.5,194,72
12557,1,ba,3,msk,bisandman,management,7.5,227,65
12558,0,ba,3,msk,bisandman,management,7.5,0,0
12559,2,ba,3,msk,bisandman,management,7.3,348,140
12560,2,ba,3,msk,bisandman,management,7.3,468,181
12561,1,ba,3,msk,bisandman,management,7.3,140,58
12562,2,ba,3,msk,bisandman,management,7.3,739,197
12563,2,ba,3,msk,bisandman,management,7.3,245,50
12564,2,ba,3,msk,bisandman,management,7.3,187,70
12565,1,ba,3,msk,bisandman,management,7.3,322,123
12566,1,ba,3,msk,bisandman,management,7.3,337,154
12567,1,ba,3,msk,bisandman,management,7.3,61,35
12568,2,ba,3,msk,bisandman,management,7.3,154,59
12569,1,ba,3,msk,bisandman,management,7.3,273,51
12570,0,ba,3,msk,bisandman,management,7,0,0
12571,2,ba,3,msk,bisandman,management,7,300,166
12572,1,ba,3,msk,bisandman,management,7,477,100
12573,1,ba,3,msk,bisandman,management,7,122,57
12574,1,ba,3,msk,bisandman,management,7,618,97
12575,2,ba,3,msk,bisandman,management,7,47,27
12576,2,ba,3,msk,bisandman,management,7,90,55
12577,1,ba,3,msk,bisandman,management,7,202,73
12578,2,ba,3,msk,bisandman,management,7,260,94
12579,1,ba,3,msk,bisandman,management,7,115,63
12580,2,ba,3,msk,bisandman,management,7,333,65
12581,1,ba,3,msk,bisandman,management,7,189,64
12582,1,ba,3,msk,bisandman,management,7,246,103
12583,1,ba,3,msk,bisandman,management,7,253,110
12584,1,ba,3,msk,bisandman,management,7,233,112
12585,1,ba,3,msk,bisandman,management,7,259,127
12586,0,ba,3,msk,bisandman,management,7,0,0
12587,1,ba,3,msk,bisandman,management,7,222,101
12588,2,ba,3,msk,bisandman,management,7,165,72
12589,1,ba,3,msk,bisandman,management,7,144,30
12590,2,ba,3,msk,bisandman,management,7,207,100
12591,1,ba,3,msk,bisandman,management,7,442,98
12592,2,ba,3,msk,bisandman,management,7,147,67
12593,1,ba,3,msk,bisandman,management,7,205,54
12594,1,ba,3,msk,bisandman,management,7,224,60
12595,1,ba,3,msk,bisandman,management,7,387,107
12596,2,ba,3,msk,bisandman,management,7,598,170
12597,2,ba,3,msk,bisandman,management,7,287,116
12598,1,ba,3,msk,bisandman,management,7,84,39
12599,1,ba,3,msk,bisandman,management,7,334,97
12600,1,ba,3,msk,bisandman,management,7,124,48
12601,0,ba,3,msk,bisandman,management,7,0,0
12602,2,ba,3,msk,bisandman,management,7,104,42
12603,2,ba,3,msk,bisandman,management,7,360,131
12604,0,ba,3,msk,bisandman,management,6.7,0,0
12605,2,ba,3,msk,bisandman,management,6.7,220,83
12606,2,ba,3,msk,bisandman,management,6.7,144,67
12607,2,ba,3,msk,bisandman,management,6.7,708,178
12608,1,ba,3,msk,bisandman,management,6.7,325,85
12609,2,ba,3,msk,bisandman,management,6.7,1046,359
12610,2,ba,3,msk,bisandman,management,6.7,504,68
12611,2,ba,3,msk,bisandman,management,6.7,136,47
12612,2,ba,3,msk,bisandman,management,6.5,0,0
12613,2,ba,3,msk,bisandman,management,6.5,399,158
12614,2,ba,3,msk,bisandman,management,6.5,257,166
12615,1,ba,3,msk,bisandman,management,6.5,274,100
12616,1,ba,3,msk,bisandman,management,6.5,159,66
12617,0,ba,3,msk,bisandman,management,6.5,0,0
12618,2,ba,3,msk,bisandman,management,6.5,337,120
12619,1,ba,3,msk,bisandman,management,6.5,317,125
12620,2,ba,3,msk,bisandman,management,6.5,366,104
12621,1,ba,3,msk,bisandman,management,6.5,169,52
12622,1,ba,3,msk,bisandman,management,6.5,203,93
12623,2,ba,3,msk,bisandman,management,6.5,147,61
12624,1,ba,3,msk,bisandman,management,6.5,373,77
12625,1,ba,3,msk,bisandman,management,6.5,428,7
12626,2,ba,3,msk,bisandman,management,6.3,48,18
12627,2,ba,3,msk,bisandman,management,6.3,385,88
12628,1,ba,3,msk,bisandman,management,6.3,266,101
12629,2,ba,3,msk,bisandman,management,6.3,188,66
12630,2,ba,3,msk,bisandman,management,6.3,169,52
12631,0,ba,3,msk,bisandman,management,6.3,0,0
12632,1,ba,3,msk,bisandman,management,6,46,24
12633,2,ba,3,msk,bisandman,management,6,244,70
12634,2,ba,3,msk,bisandman,management,6,268,71
12635,1,ba,3,msk,bisandman,management,6,897,212
12636,2,ba,3,msk,bisandman,management,6,137,54
12637,2,ba,3,msk,bisandman,management,6,978,381
12638,1,ba,3,msk,bisandman,management,6,779,124
12639,1,ba,3,msk,bisandman,management,6,460,104
12640,2,ba,3,msk,bisandman,management,6,157,101
12641,1,ba,3,msk,bisandman,management,6,294,100
12642,2,ba,3,msk,bisandman,management,5.7,218,82
12643,2,ba,3,msk,bisandman,management,5.7,1131,414
12644,2,ba,3,msk,bisandman,management,5.7,214,82
12645,2,ba,3,msk,bisandman,management,5.7,251,70
12646,1,ba,3,msk,bisandman,management,5.7,276,82
12647,2,ba,3,msk,bisandman,management,5.5,215,62
12648,2,ba,3,msk,bisandman,management,5.5,347,75
12649,2,ba,3,msk,bisandman,management,5.5,168,84
12650,1,ba,3,msk,bisandman,management,5.5,315,77
12651,2,ba,3,msk,bisandman,management,5.5,308,74
12652,2,ba,3,msk,bisandman,management,5.5,343,71
12653,2,ba,3,msk,bisandman,management,5.3,201,70
12654,1,ba,3,msk,bisandman,management,5.3,786,184
12655,2,ba,3,msk,bisandman,management,5.5,175,77
12656,2,ba,3,msk,bisandman,management,5.3,497,110
12657,2,ba,3,msk,bisandman,management,5.3,266,57
12658,2,ba,3,msk,bisandman,management,5,463,93
12659,2,ba,3,msk,bisandman,management,5,227,103
12660,2,ba,3,msk,bisandman,management,5,160,41
12661,2,ba,3,msk,bisandman,management,5,304,45
12662,2,ba,3,msk,bisandman,management,5,748,296
12663,2,ba,3,msk,bisandman,management,5,187,71
12664,2,ba,3,msk,bisandman,management,5,359,77
12665,2,ba,3,msk,bisandman,management,5,304,66
12666,1,ba,3,msk,bisandman,management,5,389,66
12667,2,ba,3,msk,bisandman,management,4.7,363,118
12668,0,ba,3,msk,bisandman,management,4.7,0,0
12669,0,ba,3,msk,bisandman,management,4.7,0,0
12670,2,ba,3,msk,bisandman,management,4.7,222,89
12671,2,ba,3,msk,bisandman,management,4.7,597,188
12672,2,ba,3,msk,bisandman,management,4.7,90,38
12673,0,ba,3,msk,bisandman,management,3.5,0,0
12674,2,ba,3,msk,bisandman,management,4.5,303,85
12675,2,ba,3,msk,bisandman,management,4.5,262,95
12676,2,ba,3,msk,bisandman,management,4.5,196,85
12677,2,ba,3,msk,bisandman,management,4.5,122,50
12678,2,ba,3,msk,bisandman,management,4.5,193,73
12679,2,ba,3,msk,bisandman,management,4.3,326,44
12680,2,ba,3,msk,bisandman,management,4.3,0,0
12681,2,ba,3,msk,bisandman,management,4,146,66
12682,2,ba,3,msk,bisandman,management,4,187,118
12683,2,ba,3,msk,bisandman,management,4,150,32
12684,1,ba,3,msk,bisandman,management,3,0,0
12685,1,ba,3,msk,bisandman,management,2,697,90
12686,1,ba,3,msk,bisandman,management,4,0,0
12687,1,ba,3,msk,bisandman,management,4.5,236,55
12688,2,ba,3,msk,bisandman,management,0,166,64
12689,2,ba,3,msk,econsci,nes,9.8,161,70
12690,2,ba,3,msk,econsci,nes,9.4,240,117
12691,1,ba,3,msk,econsci,nes,9.4,234,119
12692,2,ba,3,msk,econsci,nes,9.4,336,179
12693,2,ba,3,msk,econsci,nes,9.2,195,78
12694,2,ba,3,msk,econsci,nes,9.2,111,53
12695,2,ba,3,msk,econsci,nes,8.8,520,212
12696,1,ba,3,msk,econsci,nes,9,43,26
12697,2,ba,3,msk,econsci,nes,9,579,215
12698,1,ba,3,msk,econsci,nes,9,401,96
12699,2,ba,3,msk,econsci,nes,8.8,119,68
12700,2,ba,3,msk,econsci,nes,8.8,333,89
12701,0,ba,3,msk,econsci,nes,8.8,0,0
12702,2,ba,3,msk,econsci,nes,8.6,316,88
12703,1,ba,3,msk,econsci,nes,8.6,302,92
12704,1,ba,3,msk,econsci,nes,8.4,213,96
12705,0,ba,3,msk,econsci,nes,8.4,0,0
12706,2,ba,3,msk,econsci,nes,8.4,208,80
12707,2,ba,3,msk,econsci,nes,8.2,119,73
12708,1,ba,3,msk,econsci,nes,8.2,287,109
12709,2,ba,3,msk,econsci,nes,8,456,182
12710,1,ba,3,msk,econsci,nes,8.2,432,151
12711,2,ba,3,msk,econsci,nes,8,150,89
12712,1,ba,3,msk,econsci,nes,7.8,446,120
12713,1,ba,3,msk,econsci,nes,7.8,244,103
12714,2,ba,3,msk,econsci,nes,7.8,246,109
12715,2,ba,3,msk,econsci,nes,7.6,478,230
12716,1,ba,3,msk,econsci,nes,7.6,168,58
12717,2,ba,3,msk,econsci,nes,7.4,781,226
12718,2,ba,3,msk,econsci,nes,7.4,160,78
12719,1,ba,3,msk,econsci,nes,7.2,411,213
12720,2,ba,3,msk,econsci,nes,7,167,95
12721,2,ba,3,msk,econsci,nes,6.6,197,81
12722,2,ba,3,msk,econsci,nes,6.6,63,34
12723,1,ba,3,msk,econsci,nes,6.6,208,78
12724,2,ba,3,msk,econsci,nes,6.6,192,96
12725,2,ba,3,msk,econsci,nes,6.4,355,151
12726,2,ba,3,msk,econsci,nes,6.2,291,105
12727,1,ba,3,msk,econsci,nes,6,307,120
12728,2,ba,3,msk,econsci,nes,6,353,117
12729,1,ba,3,msk,econsci,nes,5.8,291,92
12730,0,ba,3,msk,econsci,nes,5.8,0,0
12731,2,ba,3,msk,econsci,nes,5.4,60,21
12732,2,ba,3,msk,econsci,nes,5.2,504,225
12733,2,ba,3,msk,econsci,nes,5,238,93
12734,2,ba,3,msk,econsci,nes,5,589,177
12735,2,ba,3,msk,econsci,nes,5,148,66
12736,2,ba,3,msk,econsci,nes,4.8,193,54
12737,2,ba,3,msk,econsci,nes,4.8,79,49
12738,2,ba,3,msk,econsci,nes,4.8,168,108
12739,2,ba,3,msk,econsci,nes,4,913,298
12740,1,ba,3,msk,econsci,nes,4,290,73
12741,2,ba,3,msk,econsci,nes,0,341,119
12742,2,ba,3,msk,econsci,nes,0,831,176
12743,1,ba,3,msk,wordecon,oriental,9.2,80,26
12744,1,ba,3,msk,wordecon,oriental,9,67,22
12745,1,ba,3,msk,wordecon,oriental,8.7,62,27
12746,2,ba,3,msk,wordecon,oriental,9,141,41
12747,1,ba,3,msk,wordecon,oriental,8.7,99,23
12748,2,ba,3,msk,wordecon,oriental,8.7,119,57
12749,2,ba,3,msk,wordecon,oriental,8.3,119,50
12750,1,ba,3,msk,wordecon,oriental,8.3,195,91
12751,1,ba,3,msk,wordecon,oriental,8.2,371,60
12752,1,ba,3,msk,wordecon,oriental,8.3,254,39
12753,1,ba,3,msk,wordecon,oriental,8.3,320,122
12754,1,ba,3,msk,wordecon,oriental,8.2,97,31
12755,1,ba,3,msk,wordecon,oriental,8.2,194,68
12756,2,ba,3,msk,wordecon,oriental,8,138,39
12757,1,ba,3,msk,wordecon,oriental,8.2,91,44
12758,2,ba,3,msk,wordecon,oriental,8,292,67
12759,1,ba,3,msk,wordecon,oriental,8.3,116,35
12760,1,ba,3,msk,wordecon,oriental,7.8,328,61
12761,1,ba,3,msk,wordecon,oriental,8.3,97,25
12762,1,ba,3,msk,wordecon,oriental,8,188,67
12763,0,ba,3,msk,wordecon,oriental,8,0,0
12764,0,ba,3,msk,wordecon,oriental,8,0,0
12765,1,ba,3,msk,wordecon,oriental,8.2,71,18
12766,1,ba,3,msk,wordecon,oriental,8,169,43
12767,1,ba,3,msk,wordecon,oriental,7.7,224,58
12768,2,ba,3,msk,wordecon,oriental,8,293,87
12769,0,ba,3,msk,wordecon,oriental,7.8,0,0
12770,0,ba,3,msk,wordecon,oriental,8,0,0
12771,1,ba,3,msk,wordecon,oriental,7.8,91,22
12772,1,ba,3,msk,wordecon,oriental,7.7,227,37
12773,2,ba,3,msk,wordecon,oriental,7.5,165,54
12774,1,ba,3,msk,wordecon,oriental,8,248,78
12775,1,ba,3,msk,wordecon,oriental,7.7,249,48
12776,1,ba,3,msk,wordecon,oriental,7.7,119,41
12777,2,ba,3,msk,wordecon,oriental,7.7,92,30
12778,1,ba,3,msk,wordecon,oriental,8,465,110
12779,1,ba,3,msk,wordecon,oriental,7.5,207,46
12780,1,ba,3,msk,wordecon,oriental,7.7,255,53
12781,1,ba,3,msk,wordecon,oriental,7.3,334,77
12782,1,ba,3,msk,wordecon,oriental,7.8,187,41
12783,1,ba,3,msk,wordecon,oriental,7.7,280,63
12784,1,ba,3,msk,wordecon,oriental,7.5,448,68
12785,1,ba,3,msk,wordecon,oriental,7.7,423,35
12786,1,ba,3,msk,wordecon,oriental,7.5,359,83
12787,1,ba,3,msk,wordecon,oriental,7.7,163,9
12788,1,ba,3,msk,wordecon,oriental,7.2,120,26
12789,1,ba,3,msk,wordecon,oriental,7.3,106,24
12790,1,ba,3,msk,wordecon,oriental,7.3,85,18
12791,1,ba,3,msk,wordecon,oriental,7.5,196,54
12792,0,ba,3,msk,wordecon,oriental,7,0,0
12793,1,ba,3,msk,wordecon,oriental,7.5,665,78
12794,0,ba,3,msk,wordecon,oriental,7.3,0,0
12795,1,ba,3,msk,wordecon,oriental,7,170,49
12796,1,ba,3,msk,wordecon,oriental,7.7,263,58
12797,1,ba,3,msk,wordecon,oriental,7,106,32
12798,1,ba,3,msk,wordecon,oriental,7.3,271,49
12799,1,ba,3,msk,wordecon,oriental,7.3,213,81
12800,1,ba,3,msk,wordecon,oriental,7.2,207,36
12801,2,ba,3,msk,wordecon,oriental,7.3,136,35
12802,1,ba,3,msk,wordecon,oriental,7.2,86,34
12803,1,ba,3,msk,wordecon,oriental,7.5,286,60
12804,1,ba,3,msk,wordecon,oriental,7,118,34
12805,0,ba,3,msk,wordecon,oriental,6.9,0,0
12806,1,ba,3,msk,wordecon,oriental,7,72,18
12807,0,ba,3,msk,wordecon,oriental,6.8,0,0
12808,1,ba,3,msk,wordecon,oriental,7,187,31
12809,1,ba,3,msk,wordecon,oriental,7,408,79
12810,0,ba,3,msk,wordecon,oriental,7,0,0
12811,1,ba,3,msk,wordecon,oriental,6.8,565,75
12812,1,ba,3,msk,wordecon,oriental,6.7,147,56
12813,1,ba,3,msk,wordecon,oriental,7.1,89,27
12814,1,ba,3,msk,wordecon,oriental,6.7,111,37
12815,1,ba,3,msk,wordecon,oriental,6.8,203,55
12816,1,ba,3,msk,wordecon,oriental,6.8,280,65
12817,1,ba,3,msk,wordecon,oriental,6.2,121,41
12818,2,ba,3,msk,wordecon,oriental,6.5,163,24
12819,2,ba,3,msk,wordecon,oriental,6.2,97,17
12820,1,ba,3,msk,wordecon,oriental,6.3,65,31
12821,1,ba,3,msk,wordecon,oriental,6.2,78,24
12822,2,ba,3,msk,wordecon,oriental,6.8,222,25
12823,2,ba,3,msk,wordecon,oriental,6,111,27
12824,2,ba,3,msk,wordecon,oriental,6.3,186,101
12825,1,ba,3,msk,wordecon,oriental,6.7,612,287
12826,0,ba,3,msk,wordecon,oriental,6,0,0
12827,2,ba,3,msk,wordecon,oriental,6.3,0,0
12828,1,ba,3,msk,wordecon,oriental,6.3,195,74
12829,1,ba,3,msk,wordecon,oriental,6.2,141,42
12830,0,ba,3,msk,wordecon,oriental,5.7,0,0
12831,1,ba,3,msk,wordecon,oriental,6.2,120,43
12832,1,ba,3,msk,wordecon,oriental,6.2,249,33
12833,2,ba,3,msk,wordecon,oriental,6.3,377,188
12834,1,ba,3,msk,wordecon,oriental,5.8,435,92
12835,1,ba,3,msk,wordecon,oriental,6.3,1126,52
12836,2,ba,3,msk,wordecon,oriental,6.3,138,50
12837,2,ba,3,msk,wordecon,oriental,6.3,169,95
12838,1,ba,3,msk,wordecon,oriental,5.8,135,79
12839,1,ba,3,msk,wordecon,oriental,6,46,34
12840,2,ba,3,msk,wordecon,oriental,6.2,268,84
12841,1,ba,3,msk,wordecon,oriental,6,130,42
12842,2,ba,3,msk,wordecon,oriental,6.2,92,17
12843,1,ba,3,msk,wordecon,oriental,6.2,294,80
12844,1,ba,3,msk,wordecon,oriental,5.7,55,11
12845,2,ba,3,msk,wordecon,oriental,5.7,100,38
12846,2,ba,3,msk,wordecon,oriental,5.3,63,25
12847,0,ba,3,msk,wordecon,oriental,6.1,0,0
12848,1,ba,3,msk,wordecon,oriental,5.5,223,69
12849,1,ba,3,msk,wordecon,oriental,5.5,303,42
12850,1,ba,3,msk,wordecon,oriental,5.3,141,48
12851,2,ba,3,msk,wordecon,oriental,5.6,0,0
12852,1,ba,3,msk,wordecon,oriental,5.4,136,37
12853,1,ba,3,msk,wordecon,oriental,4.6,289,61
12854,2,ba,3,msk,wordecon,oriental,4.6,250,23
12855,1,ba,3,msk,humanities,phil,9.6,384,77
12856,2,ba,3,msk,humanities,phil,9.2,346,49
12857,1,ba,3,msk,humanities,phil,9,154,44
12858,1,ba,3,msk,humanities,phil,8.9,267,26
12859,1,ba,3,msk,humanities,phil,8.7,137,32
12860,1,ba,3,msk,humanities,phil,8.7,222,57
12861,1,ba,3,msk,humanities,phil,8.5,438,90
12862,1,ba,3,msk,humanities,phil,8.5,219,75
12863,1,ba,3,msk,humanities,phil,8.5,153,42
12864,1,ba,3,msk,humanities,phil,8.5,505,65
12865,1,ba,3,msk,humanities,phil,8.5,271,48
12866,1,ba,3,msk,humanities,phil,8.1,161,28
12867,1,ba,3,msk,humanities,phil,8.3,236,35
12868,2,ba,3,msk,humanities,phil,8.3,113,29
12869,1,ba,3,msk,humanities,phil,8.2,270,64
12870,1,ba,3,msk,humanities,phil,7.7,62,26
12871,1,ba,3,msk,humanities,phil,7.9,102,41
12872,2,ba,3,msk,humanities,phil,7.8,167,55
12873,2,ba,3,msk,humanities,phil,7.8,363,110
12874,2,ba,3,msk,humanities,phil,7.6,207,56
12875,1,ba,3,msk,humanities,phil,7.8,214,37
12876,1,ba,3,msk,humanities,phil,7.7,218,59
12877,2,ba,3,msk,humanities,phil,7.7,31,11
12878,2,ba,3,msk,humanities,phil,7.7,134,37
12879,0,ba,3,msk,humanities,phil,7.4,0,0
12880,0,ba,3,msk,humanities,phil,7.5,0,0
12881,1,ba,3,msk,humanities,phil,7.6,340,99
12882,1,ba,3,msk,humanities,phil,7.5,116,29
12883,1,ba,3,msk,humanities,phil,7.7,110,30
12884,0,ba,3,msk,humanities,phil,7.5,0,0
12885,1,ba,3,msk,humanities,phil,7.5,159,27
12886,0,ba,3,msk,humanities,phil,7.3,0,0
12887,1,ba,3,msk,humanities,phil,7.3,159,33
12888,1,ba,3,msk,humanities,phil,7.1,216,44
12889,0,ba,3,msk,humanities,phil,7,0,0
12890,1,ba,3,msk,humanities,phil,7.2,105,35
12891,1,ba,3,msk,humanities,phil,7.1,276,35
12892,1,ba,3,msk,humanities,phil,7.2,44,19
12893,1,ba,3,msk,humanities,phil,7,219,88
12894,1,ba,3,msk,humanities,phil,7,371,124
12895,1,ba,3,msk,humanities,phil,7,293,99
12896,2,ba,3,msk,humanities,phil,6.9,118,45
12897,1,ba,3,msk,humanities,phil,6.7,192,48
12898,1,ba,3,msk,humanities,phil,6.8,422,50
12899,2,ba,3,msk,humanities,phil,6.8,241,68
12900,2,ba,3,msk,humanities,phil,6.7,71,24
12901,0,ba,3,msk,humanities,phil,6.6,0,0
12902,2,ba,3,msk,humanities,phil,6.6,309,60
12903,1,ba,3,msk,humanities,phil,6.3,542,163
12904,2,ba,3,msk,humanities,phil,6.3,22,15
12905,2,ba,3,msk,humanities,phil,5.7,241,64
12906,0,ba,3,msk,humanities,phil,6.2,0,0
12907,2,ba,3,msk,humanities,phil,5.9,144,35
12908,2,ba,3,msk,humanities,phil,5.7,95,17
12909,1,ba,3,msk,socsci,political,9,120,47
12910,1,ba,3,msk,socsci,political,9,270,117
12911,1,ba,3,msk,socsci,political,9,998,449
12912,1,ba,3,msk,socsci,political,8.8,304,50
12913,1,ba,3,msk,socsci,political,8.5,317,46
12914,2,ba,3,msk,socsci,political,8.5,213,53
12915,0,ba,3,msk,socsci,political,8.2,0,0
12916,1,ba,3,msk,socsci,political,8.2,279,101
12917,2,ba,3,msk,socsci,political,8,186,99
12918,0,ba,3,msk,socsci,political,8,0,0
12919,1,ba,3,msk,socsci,political,8,210,61
12920,2,ba,3,msk,socsci,political,7.8,177,30
12921,1,ba,3,msk,socsci,political,7.2,69,26
12922,1,ba,3,msk,socsci,political,7.2,401,102
12923,2,ba,3,msk,socsci,political,7,522,346
12924,1,ba,3,msk,socsci,political,7.2,57,37
12925,1,ba,3,msk,socsci,political,7.2,216,54
12926,2,ba,3,msk,socsci,political,7.2,287,108
12927,2,ba,3,msk,socsci,political,7,201,65
12928,1,ba,3,msk,socsci,political,7,96,27
12929,1,ba,3,msk,socsci,political,7,365,88
12930,2,ba,3,msk,socsci,political,7,69,27
12931,1,ba,3,msk,socsci,political,7,215,75
12932,1,ba,3,msk,socsci,political,7,295,122
12933,1,ba,3,msk,socsci,political,7,192,47
12934,2,ba,3,msk,socsci,political,6.8,372,190
12935,2,ba,3,msk,socsci,political,6.8,202,22
12936,1,ba,3,msk,socsci,political,6.8,268,68
12937,1,ba,3,msk,socsci,political,6.5,146,54
12938,2,ba,3,msk,socsci,political,6.5,155,66
12939,2,ba,3,msk,socsci,political,6.5,1211,83
12940,2,ba,3,msk,socsci,political,6.5,176,72
12941,1,ba,3,msk,socsci,political,6.5,217,57
12942,1,ba,3,msk,socsci,political,6.2,424,125
12943,2,ba,3,msk,socsci,political,6.5,186,61
12944,0,ba,3,msk,socsci,political,6.5,0,0
12945,0,ba,3,msk,socsci,political,6.3,0,0
12946,1,ba,3,msk,socsci,political,6.2,68,38
12947,0,ba,3,msk,socsci,political,6.2,0,0
12948,1,ba,3,msk,socsci,political,6.2,146,42
12949,2,ba,3,msk,socsci,political,6.2,109,45
12950,1,ba,3,msk,socsci,political,6.2,162,51
12951,2,ba,3,msk,socsci,political,6,249,115
12952,0,ba,3,msk,socsci,political,6,0,0
12953,2,ba,3,msk,socsci,political,6,308,72
12954,1,ba,3,msk,socsci,political,6,98,26
12955,2,ba,3,msk,socsci,political,5.8,376,135
12956,0,ba,3,msk,socsci,political,5.8,0,0
12957,2,ba,3,msk,socsci,political,5.8,854,126
12958,1,ba,3,msk,socsci,political,5.8,280,118
12959,2,ba,3,msk,socsci,political,5.8,426,158
12960,2,ba,3,msk,socsci,political,5.5,347,42
12961,2,ba,3,msk,socsci,political,5.5,109,31
12962,1,ba,3,msk,socsci,political,5.5,188,47
12963,2,ba,3,msk,socsci,political,5.5,538,87
12964,1,ba,3,msk,socsci,political,5.5,187,116
12965,1,ba,3,msk,socsci,political,5.5,146,48
12966,1,ba,3,msk,socsci,political,5.2,171,47
12967,2,ba,3,msk,socsci,political,5.2,356,144
12968,1,ba,3,msk,socsci,political,5.2,189,38
12969,2,ba,3,msk,socsci,political,5,500,72
12970,1,ba,3,msk,socsci,political,5,244,65
12971,1,ba,3,msk,socsci,political,5,418,138
12972,2,ba,3,msk,socsci,political,5,141,62
12973,0,ba,3,msk,socsci,political,5,0,0
12974,1,ba,3,msk,socsci,political,5,522,95
12975,0,ba,3,msk,socsci,political,5,0,0
12976,2,ba,3,msk,socsci,political,4.8,252,65
12977,1,ba,3,msk,socsci,political,5,485,123
12978,1,ba,3,msk,socsci,political,6.3,564,122
12979,1,ba,3,msk,socsci,political,4.8,179,49
12980,1,ba,3,msk,socsci,political,4.5,792,15
12981,2,ba,3,msk,socsci,political,4.5,451,29
12982,2,ba,3,msk,socsci,political,4.2,80,7
12983,0,ba,3,msk,socsci,political,3.8,0,0
12984,2,ba,3,msk,socsci,political,3.3,193,42
12985,2,ba,3,msk,socsci,political,4,632,145
12986,2,ba,3,msk,socsci,political,5.5,187,45
12987,2,ba,3,msk,socsci,psy,9.2,421,192
12988,2,ba,3,msk,socsci,psy,9.2,38,23
12989,1,ba,3,msk,socsci,psy,9,221,126
12990,2,ba,3,msk,socsci,psy,8.6,248,84
12991,1,ba,3,msk,socsci,psy,8.4,248,109
12992,1,ba,3,msk,socsci,psy,8.4,752,85
12993,1,ba,3,msk,socsci,psy,8.2,148,60
12994,1,ba,3,msk,socsci,psy,8,167,41
12995,1,ba,3,msk,socsci,psy,8,34,15
12996,1,ba,3,msk,socsci,psy,8,261,75
12997,1,ba,3,msk,socsci,psy,7.8,432,183
12998,1,ba,3,msk,socsci,psy,7.6,277,25
12999,1,ba,3,msk,socsci,psy,7.6,286,98
13000,1,ba,3,msk,socsci,psy,7.6,317,104
13001,1,ba,3,msk,socsci,psy,7.6,152,32
13002,1,ba,3,msk,socsci,psy,7.7,169,112
13003,1,ba,3,msk,socsci,psy,7.6,184,62
13004,2,ba,3,msk,socsci,psy,7.6,257,63
13005,1,ba,3,msk,socsci,psy,7.4,242,91
13006,1,ba,3,msk,socsci,psy,7.2,424,95
13007,1,ba,3,msk,socsci,psy,7.2,252,65
13008,1,ba,3,msk,socsci,psy,7,156,61
13009,0,ba,3,msk,socsci,psy,7.2,0,0
13010,1,ba,3,msk,socsci,psy,7,128,56
13011,1,ba,3,msk,socsci,psy,7,43,26
13012,1,ba,3,msk,socsci,psy,7,804,109
13013,0,ba,3,msk,socsci,psy,7,0,0
13014,1,ba,3,msk,socsci,psy,7,139,48
13015,2,ba,3,msk,socsci,psy,6.8,181,64
13016,1,ba,3,msk,socsci,psy,6.8,473,40
13017,1,ba,3,msk,socsci,psy,6.8,476,127
13018,1,ba,3,msk,socsci,psy,6.6,239,57
13019,1,ba,3,msk,socsci,psy,6.8,156,55
13020,2,ba,3,msk,socsci,psy,6.6,288,167
13021,1,ba,3,msk,socsci,psy,6.6,293,104
13022,2,ba,3,msk,socsci,psy,6.6,733,250
13023,1,ba,3,msk,socsci,psy,6.6,154,36
13024,1,ba,3,msk,socsci,psy,6.6,151,41
13025,2,ba,3,msk,socsci,psy,6.4,307,115
13026,1,ba,3,msk,socsci,psy,6.8,0,0
13027,1,ba,3,msk,socsci,psy,6.6,136,45
13028,0,ba,3,msk,socsci,psy,6.4,0,0
13029,0,ba,3,msk,socsci,psy,6.2,0,0
13030,1,ba,3,msk,socsci,psy,6.2,204,40
13031,1,ba,3,msk,socsci,psy,6.2,305,86
13032,1,ba,3,msk,socsci,psy,6,408,144
13033,1,ba,3,msk,socsci,psy,6,156,43
13034,2,ba,3,msk,socsci,psy,5.8,634,197
13035,0,ba,3,msk,socsci,psy,5.8,0,0
13036,1,ba,3,msk,socsci,psy,6,166,57
13037,1,ba,3,msk,socsci,psy,6,825,360
13038,1,ba,3,msk,socsci,psy,6,199,77
13039,1,ba,3,msk,socsci,psy,5.8,90,38
13040,2,ba,3,msk,socsci,psy,5.8,69,34
13041,1,ba,3,msk,socsci,psy,5.8,228,41
13042,1,ba,3,msk,socsci,psy,5.6,154,90
13043,0,ba,3,msk,socsci,psy,5.8,0,0
13044,2,ba,3,msk,socsci,psy,5.4,408,164
13045,1,ba,3,msk,socsci,psy,5.4,58,29
13046,2,ba,3,msk,socsci,psy,5.4,452,205
13047,1,ba,3,msk,socsci,psy,5.2,215,59
13048,1,ba,3,msk,socsci,psy,5.2,206,45
13049,1,ba,3,msk,socsci,psy,5.2,474,115
13050,2,ba,3,msk,socsci,psy,5.2,108,43
13051,1,ba,3,msk,socsci,psy,5.2,86,22
13052,2,ba,3,msk,socsci,psy,5.2,153,87
13053,2,ba,3,msk,socsci,psy,5.2,465,121
13054,2,ba,3,msk,socsci,psy,5,720,218
13055,1,ba,3,msk,socsci,psy,5,38,31
13056,1,ba,3,msk,socsci,psy,5,339,61
13057,1,ba,3,msk,socsci,psy,5,202,93
13058,2,ba,3,msk,socsci,psy,4.8,398,134
13059,1,ba,3,msk,socsci,psy,4.8,261,103
13060,1,ba,3,msk,socsci,psy,4.6,185,25
13061,2,ba,3,msk,socsci,psy,4.2,322,78
13062,2,ba,3,msk,socsci,psy,5.2,109,66
13063,2,ba,3,msk,socsci,psy,4.5,214,71
13064,2,ba,3,msk,cs,se,9.7,63,47
13065,1,ba,3,msk,cs,se,9.4,155,47
13066,2,ba,3,msk,cs,se,9,312,89
13067,2,ba,3,msk,cs,se,9,82,33
13068,1,ba,3,msk,cs,se,9,270,99
13069,1,ba,3,msk,cs,se,8.9,305,78
13070,1,ba,3,msk,cs,se,8.9,210,59
13071,2,ba,3,msk,cs,se,8.9,84,47
13072,2,ba,3,msk,cs,se,8.9,202,71
13073,1,ba,3,msk,cs,se,8.9,82,41
13074,2,ba,3,msk,cs,se,8.9,255,113
13075,1,ba,3,msk,cs,se,8.7,1409,137
13076,2,ba,3,msk,cs,se,8.7,437,149
13077,2,ba,3,msk,cs,se,8.7,85,44
13078,2,ba,3,msk,cs,se,8.7,395,55
13079,2,ba,3,msk,cs,se,8.6,198,46
13080,1,ba,3,msk,cs,se,8.6,546,170
13081,2,ba,3,msk,cs,se,8.6,133,38
13082,2,ba,3,msk,cs,se,8.4,65,33
13083,1,ba,3,msk,cs,se,8.4,139,64
13084,2,ba,3,msk,cs,se,8.3,235,72
13085,2,ba,3,msk,cs,se,8.4,203,36
13086,1,ba,3,msk,cs,se,8.3,126,42
13087,2,ba,3,msk,cs,se,8.3,238,91
13088,1,ba,3,msk,cs,se,8.4,140,66
13089,2,ba,3,msk,cs,se,8.4,178,68
13090,2,ba,3,msk,cs,se,8.3,158,75
13091,2,ba,3,msk,cs,se,8.3,203,69
13092,2,ba,3,msk,cs,se,8.3,910,67
13093,1,ba,3,msk,cs,se,8.3,398,117
13094,2,ba,3,msk,cs,se,8.1,67,26
13095,2,ba,3,msk,cs,se,8.1,185,62
13096,2,ba,3,msk,cs,se,8.1,115,55
13097,2,ba,3,msk,cs,se,8,306,69
13098,2,ba,3,msk,cs,se,8.1,127,50
13099,2,ba,3,msk,cs,se,8.1,494,107
13100,2,ba,3,msk,cs,se,8.1,98,61
13101,2,ba,3,msk,cs,se,8,171,54
13102,2,ba,3,msk,cs,se,7.9,76,38
13103,2,ba,3,msk,cs,se,8,205,47
13104,2,ba,3,msk,cs,se,7.9,198,68
13105,2,ba,3,msk,cs,se,7.7,2,2
13106,2,ba,3,msk,cs,se,7.7,177,91
13107,1,ba,3,msk,cs,se,7.9,156,78
13108,2,ba,3,msk,cs,se,7.7,49,29
13109,2,ba,3,msk,cs,se,7.6,195,70
13110,1,ba,3,msk,cs,se,7.7,487,142
13111,1,ba,3,msk,cs,se,7.7,150,88
13112,2,ba,3,msk,cs,se,7.7,196,65
13113,2,ba,3,msk,cs,se,7.6,199,131
13114,1,ba,3,msk,cs,se,7.6,144,51
13115,2,ba,3,msk,cs,se,7.6,67,17
13116,2,ba,3,msk,cs,se,7.6,83,34
13117,2,ba,3,msk,cs,se,7.4,190,81
13118,2,ba,3,msk,cs,se,7.4,468,138
13119,2,ba,3,msk,cs,se,7.6,66,20
13120,2,ba,3,msk,cs,se,7.6,158,83
13121,2,ba,3,msk,cs,se,7.4,369,109
13122,2,ba,3,msk,cs,se,7.6,232,34
13123,2,ba,3,msk,cs,se,7.4,224,58
13124,2,ba,3,msk,cs,se,7.4,127,38
13125,2,ba,3,msk,cs,se,7.4,313,108
13126,2,ba,3,msk,cs,se,7.3,441,200
13127,2,ba,3,msk,cs,se,7.3,130,30
13128,2,ba,3,msk,cs,se,7.3,110,33
13129,2,ba,3,msk,cs,se,7.1,152,68
13130,2,ba,3,msk,cs,se,7.3,257,114
13131,2,ba,3,msk,cs,se,7.1,130,69
13132,2,ba,3,msk,cs,se,7,81,30
13133,2,ba,3,msk,cs,se,7.1,146,49
13134,2,ba,3,msk,cs,se,7,128,53
13135,2,ba,3,msk,cs,se,7,236,73
13136,2,ba,3,msk,cs,se,7,538,202
13137,2,ba,3,msk,cs,se,7,103,51
13138,2,ba,3,msk,cs,se,7,209,84
13139,2,ba,3,msk,cs,se,6.9,60,31
13140,2,ba,3,msk,cs,se,6.9,120,42
13141,2,ba,3,msk,cs,se,6.7,162,105
13142,2,ba,3,msk,cs,se,6.9,260,97
13143,1,ba,3,msk,cs,se,6.9,117,49
13144,2,ba,3,msk,cs,se,6.9,57,46
13145,2,ba,3,msk,cs,se,6.6,294,174
13146,2,ba,3,msk,cs,se,6.6,194,79
13147,2,ba,3,msk,cs,se,6.5,268,51
13148,0,ba,3,msk,cs,se,6.4,0,0
13149,2,ba,3,msk,cs,se,6.4,58,29
13150,2,ba,3,msk,cs,se,6.4,259,55
13151,2,ba,3,msk,cs,se,6.4,95,49
13152,2,ba,3,msk,cs,se,6.1,68,41
13153,1,ba,3,msk,socsci,soc,9.5,148,38
13154,1,ba,3,msk,socsci,soc,9.5,132,44
13155,2,ba,3,msk,socsci,soc,9.3,71,31
13156,1,ba,3,msk,socsci,soc,9.3,179,61
13157,1,ba,3,msk,socsci,soc,9.3,160,36
13158,1,ba,3,msk,socsci,soc,9.2,201,48
13159,1,ba,3,msk,socsci,soc,9.2,295,71
13160,1,ba,3,msk,socsci,soc,9.3,598,244
13161,1,ba,3,msk,socsci,soc,9,294,76
13162,1,ba,3,msk,socsci,soc,9,113,46
13163,1,ba,3,msk,socsci,soc,8.8,187,67
13164,0,ba,3,msk,socsci,soc,8.8,0,0
13165,1,ba,3,msk,socsci,soc,8.8,113,28
13166,1,ba,3,msk,socsci,soc,8.7,172,48
13167,1,ba,3,msk,socsci,soc,8.9,211,75
13168,1,ba,3,msk,socsci,soc,8.7,189,123
13169,1,ba,3,msk,socsci,soc,8.5,270,140
13170,2,ba,3,msk,socsci,soc,8.7,185,38
13171,1,ba,3,msk,socsci,soc,8.5,131,34
13172,1,ba,3,msk,socsci,soc,8.5,150,63
13173,1,ba,3,msk,socsci,soc,8.3,265,115
13174,1,ba,3,msk,socsci,soc,8.3,609,349
13175,1,ba,3,msk,socsci,soc,8.2,239,81
13176,1,ba,3,msk,socsci,soc,8.2,310,89
13177,1,ba,3,msk,socsci,soc,8.2,127,48
13178,1,ba,3,msk,socsci,soc,8.2,293,63
13179,1,ba,3,msk,socsci,soc,8.2,106,25
13180,1,ba,3,msk,socsci,soc,8,124,56
13181,1,ba,3,msk,socsci,soc,8,93,62
13182,1,ba,3,msk,socsci,soc,8,128,63
13183,1,ba,3,msk,socsci,soc,8,53,17
13184,1,ba,3,msk,socsci,soc,8,188,69
13185,1,ba,3,msk,socsci,soc,8,209,92
13186,1,ba,3,msk,socsci,soc,8,372,101
13187,1,ba,3,msk,socsci,soc,7.8,172,41
13188,1,ba,3,msk,socsci,soc,7.8,233,126
13189,1,ba,3,msk,socsci,soc,7.8,282,84
13190,1,ba,3,msk,socsci,soc,7.8,135,49
13191,1,ba,3,msk,socsci,soc,7.8,147,50
13192,1,ba,3,msk,socsci,soc,7.8,460,182
13193,1,ba,3,msk,socsci,soc,7.8,211,67
13194,1,ba,3,msk,socsci,soc,7.7,271,44
13195,2,ba,3,msk,socsci,soc,7.8,134,51
13196,1,ba,3,msk,socsci,soc,7.9,182,40
13197,0,ba,3,msk,socsci,soc,7.7,0,0
13198,1,ba,3,msk,socsci,soc,7.7,332,115
13199,1,ba,3,msk,socsci,soc,7.7,310,47
13200,2,ba,3,msk,socsci,soc,7.7,174,42
13201,1,ba,3,msk,socsci,soc,7.5,202,34
13202,1,ba,3,msk,socsci,soc,7.5,287,115
13203,1,ba,3,msk,socsci,soc,7.5,322,68
13204,1,ba,3,msk,socsci,soc,7.5,149,63
13205,1,ba,3,msk,socsci,soc,7.5,167,43
13206,1,ba,3,msk,socsci,soc,7.5,150,38
13207,2,ba,3,msk,socsci,soc,7.5,70,27
13208,1,ba,3,msk,socsci,soc,7.5,136,43
13209,1,ba,3,msk,socsci,soc,7.5,164,47
13210,1,ba,3,msk,socsci,soc,7.5,89,25
13211,2,ba,3,msk,socsci,soc,7,66,23
13212,1,ba,3,msk,socsci,soc,7.3,156,30
13213,1,ba,3,msk,socsci,soc,7.5,360,103
13214,2,ba,3,msk,socsci,soc,7.3,124,57
13215,2,ba,3,msk,socsci,soc,7.6,272,48
13216,1,ba,3,msk,socsci,soc,7.3,334,55
13217,1,ba,3,msk,socsci,soc,7.3,137,62
13218,1,ba,3,msk,socsci,soc,7.3,110,17
13219,1,ba,3,msk,socsci,soc,7.3,269,73
13220,1,ba,3,msk,socsci,soc,7.2,574,89
13221,1,ba,3,msk,socsci,soc,7.7,205,77
13222,1,ba,3,msk,socsci,soc,7.7,545,108
13223,1,ba,3,msk,socsci,soc,7.2,104,44
13224,1,ba,3,msk,socsci,soc,7.2,167,33
13225,1,ba,3,msk,socsci,soc,7.2,197,30
13226,1,ba,3,msk,socsci,soc,7,52,20
13227,1,ba,3,msk,socsci,soc,7,185,29
13228,1,ba,3,msk,socsci,soc,7,138,74
13229,1,ba,3,msk,socsci,soc,7,1601,363
13230,1,ba,3,msk,socsci,soc,7,308,82
13231,1,ba,3,msk,socsci,soc,7,272,81
13232,2,ba,3,msk,socsci,soc,6.8,543,89
13233,1,ba,3,msk,socsci,soc,6.8,366,223
13234,0,ba,3,msk,socsci,soc,6.7,0,0
13235,1,ba,3,msk,socsci,soc,6.8,0,0
13236,1,ba,3,msk,socsci,soc,6.7,174,45
13237,1,ba,3,msk,socsci,soc,6.7,286,73
13238,1,ba,3,msk,socsci,soc,7.3,136,29
13239,2,ba,3,msk,socsci,soc,6.7,71,25
13240,1,ba,3,msk,socsci,soc,6.7,449,91
13241,1,ba,3,msk,socsci,soc,6.5,0,0
13242,1,ba,3,msk,socsci,soc,6.5,230,23
13243,1,ba,3,msk,socsci,soc,6.5,337,69
13244,1,ba,3,msk,socsci,soc,6.3,292,160
13245,1,ba,3,msk,socsci,soc,6.3,138,39
13246,1,ba,3,msk,socsci,soc,6.3,353,64
13247,1,ba,3,msk,socsci,soc,6,48,16
13248,1,ba,3,msk,socsci,soc,6.2,175,34
13249,0,ba,3,msk,socsci,soc,6,0,0
13250,2,ba,3,msk,socsci,soc,5.7,101,36
13251,1,ba,3,msk,socsci,soc,5.8,455,214
13252,1,ba,3,msk,socsci,soc,6,263,125
13253,1,ba,3,msk,socsci,soc,5.8,847,183
13254,2,ba,3,msk,socsci,soc,5.1,472,22
13255,0,ba,3,msk,socsci,soc,6,0,0
13256,1,ba,3,msk,socsci,soc,5.2,94,8
13257,0,ba,3,msk,socsci,soc,4.8,0,0
13258,1,ba,3,msk,wordecon,we,9.8,484,2
13259,1,ba,3,msk,wordecon,we,9.5,141,30
13260,1,ba,3,msk,wordecon,we,9.5,225,98
13261,2,ba,3,msk,wordecon,we,9.5,126,74
13262,2,ba,3,msk,wordecon,we,9.3,284,133
13263,1,ba,3,msk,wordecon,we,9.3,218,110
13264,1,ba,3,msk,wordecon,we,9.2,444,73
13265,1,ba,3,msk,wordecon,we,9.2,111,37
13266,2,ba,3,msk,wordecon,we,9.2,420,173
13267,1,ba,3,msk,wordecon,we,9,179,95
13268,1,ba,3,msk,wordecon,we,9,530,140
13269,1,ba,3,msk,wordecon,we,9,350,121
13270,1,ba,3,msk,wordecon,we,9,188,107
13271,1,ba,3,msk,wordecon,we,9,453,131
13272,0,ba,3,msk,wordecon,we,9,0,0
13273,1,ba,3,msk,wordecon,we,8.8,188,83
13274,1,ba,3,msk,wordecon,we,8.8,147,52
13275,1,ba,3,msk,wordecon,we,8.8,360,113
13276,1,ba,3,msk,wordecon,we,8.8,169,54
13277,2,ba,3,msk,wordecon,we,8.8,131,83
13278,1,ba,3,msk,wordecon,we,8.7,156,65
13279,1,ba,3,msk,wordecon,we,8.7,200,78
13280,1,ba,3,msk,wordecon,we,8.7,191,37
13281,2,ba,3,msk,wordecon,we,8.7,113,56
13282,1,ba,3,msk,wordecon,we,8.7,195,83
13283,1,ba,3,msk,wordecon,we,8.8,398,89
13284,1,ba,3,msk,wordecon,we,8.7,187,50
13285,1,ba,3,msk,wordecon,we,8.7,587,83
13286,1,ba,3,msk,wordecon,we,8.7,103,42
13287,1,ba,3,msk,wordecon,we,8.7,267,104
13288,1,ba,3,msk,wordecon,we,8.5,237,55
13289,1,ba,3,msk,wordecon,we,8.5,30,8
13290,2,ba,3,msk,wordecon,we,8.7,180,65
13291,2,ba,3,msk,wordecon,we,8.7,46,22
13292,0,ba,3,msk,wordecon,we,8.7,0,0
13293,1,ba,3,msk,wordecon,we,8.5,108,42
13294,2,ba,3,msk,wordecon,we,8.5,148,59
13295,1,ba,3,msk,wordecon,we,8.5,354,94
13296,2,ba,3,msk,wordecon,we,8.5,207,111
13297,2,ba,3,msk,wordecon,we,8.5,225,85
13298,1,ba,3,msk,wordecon,we,8.3,104,36
13299,2,ba,3,msk,wordecon,we,8.5,441,187
13300,1,ba,3,msk,wordecon,we,8.5,219,78
13301,1,ba,3,msk,wordecon,we,8.3,267,56
13302,2,ba,3,msk,wordecon,we,8.3,63,40
13303,1,ba,3,msk,wordecon,we,8.5,81,35
13304,1,ba,3,msk,wordecon,we,8.3,138,43
13305,1,ba,3,msk,wordecon,we,8.3,194,55
13306,1,ba,3,msk,wordecon,we,8.3,214,52
13307,1,ba,3,msk,wordecon,we,8.3,110,51
13308,1,ba,3,msk,wordecon,we,8.3,256,104
13309,1,ba,3,msk,wordecon,we,8.3,199,84
13310,1,ba,3,msk,wordecon,we,8.3,173,38
13311,1,ba,3,msk,wordecon,we,8.3,0,0
13312,1,ba,3,msk,wordecon,we,8.3,302,70
13313,2,ba,3,msk,wordecon,we,8.2,0,0
13314,1,ba,3,msk,wordecon,we,8.2,415,121
13315,1,ba,3,msk,wordecon,we,8.2,322,84
13316,1,ba,3,msk,wordecon,we,8.2,231,59
13317,0,ba,3,msk,wordecon,we,8.2,0,0
13318,1,ba,3,msk,wordecon,we,8.2,176,82
13319,1,ba,3,msk,wordecon,we,8.2,113,49
13320,1,ba,3,msk,wordecon,we,8.2,180,66
13321,1,ba,3,msk,wordecon,we,8.2,99,48
13322,2,ba,3,msk,wordecon,we,8,360,182
13323,1,ba,3,msk,wordecon,we,8.2,237,117
13324,1,ba,3,msk,wordecon,we,8,240,101
13325,1,ba,3,msk,wordecon,we,8.2,475,135
13326,1,ba,3,msk,wordecon,we,8,90,28
13327,2,ba,3,msk,wordecon,we,8,211,51
13328,1,ba,3,msk,wordecon,we,8,222,87
13329,2,ba,3,msk,wordecon,we,8,191,106
13330,2,ba,3,msk,wordecon,we,7.8,415,115
13331,1,ba,3,msk,wordecon,we,8,162,61
13332,2,ba,3,msk,wordecon,we,8,94,77
13333,1,ba,3,msk,wordecon,we,7.8,112,63
13334,1,ba,3,msk,wordecon,we,7.8,248,73
13335,2,ba,3,msk,wordecon,we,7.8,164,73
13336,0,ba,3,msk,wordecon,we,7.8,0,0
13337,1,ba,3,msk,wordecon,we,7.8,256,56
13338,1,ba,3,msk,wordecon,we,7.8,166,54
13339,2,ba,3,msk,wordecon,we,7.7,115,69
13340,2,ba,3,msk,wordecon,we,7.8,242,95
13341,1,ba,3,msk,wordecon,we,7.8,262,126
13342,1,ba,3,msk,wordecon,we,7.7,208,95
13343,1,ba,3,msk,wordecon,we,7.7,489,87
13344,0,ba,3,msk,wordecon,we,7.7,0,0
13345,2,ba,3,msk,wordecon,we,7.7,184,87
13346,1,ba,3,msk,wordecon,we,7.7,180,50
13347,1,ba,3,msk,wordecon,we,7.5,480,91
13348,1,ba,3,msk,wordecon,we,7.5,150,43
13349,1,ba,3,msk,wordecon,we,7.5,248,95
13350,1,ba,3,msk,wordecon,we,7.5,114,55
13351,1,ba,3,msk,wordecon,we,7.5,177,51
13352,0,ba,3,msk,wordecon,we,7.5,0,0
13353,1,ba,3,msk,wordecon,we,7.5,104,33
13354,1,ba,3,msk,wordecon,we,7.5,354,164
13355,0,ba,3,msk,wordecon,we,7.5,0,0
13356,1,ba,3,msk,wordecon,we,8.3,304,62
13357,2,ba,3,msk,wordecon,we,7.5,328,151
13358,2,ba,3,msk,wordecon,we,7.3,470,115
13359,1,ba,3,msk,wordecon,we,7.5,377,163
13360,2,ba,3,msk,wordecon,we,7.3,297,68
13361,2,ba,3,msk,wordecon,we,7.6,645,11
13362,2,ba,3,msk,wordecon,we,7.3,251,99
13363,2,ba,3,msk,wordecon,we,7.2,154,79
13364,1,ba,3,msk,wordecon,we,7.2,276,72
13365,1,ba,3,msk,wordecon,we,7.2,718,89
13366,0,ba,3,msk,wordecon,we,7.3,0,0
13367,2,ba,3,msk,wordecon,we,7.2,98,54
13368,2,ba,3,msk,wordecon,we,7.2,231,68
13369,1,ba,3,msk,wordecon,we,7.2,341,89
13370,1,ba,3,msk,wordecon,we,7.2,125,64
13371,2,ba,3,msk,wordecon,we,7.2,76,20
13372,1,ba,3,msk,wordecon,we,7.2,93,43
13373,1,ba,3,msk,wordecon,we,7.2,84,36
13374,1,ba,3,msk,wordecon,we,6.8,204,51
13375,1,ba,3,msk,wordecon,we,7.2,220,104
13376,1,ba,3,msk,wordecon,we,7,154,32
13377,1,ba,3,msk,wordecon,we,6.8,124,38
13378,1,ba,3,msk,wordecon,we,7,470,86
13379,2,ba,3,msk,wordecon,we,6.8,304,111
13380,1,ba,3,msk,wordecon,we,6.8,102,30
13381,1,ba,3,msk,wordecon,we,7,539,108
13382,1,ba,3,msk,wordecon,we,6.8,160,72
13383,1,ba,3,msk,wordecon,we,7,156,52
13384,2,ba,3,msk,wordecon,we,6.8,511,156
13385,2,ba,3,msk,wordecon,we,6.8,401,78
13386,2,ba,3,msk,wordecon,we,6.7,115,43
13387,1,ba,3,msk,wordecon,we,6.7,203,59
13388,2,ba,3,msk,wordecon,we,6.7,541,127
13389,1,ba,3,msk,wordecon,we,6.7,211,96
13390,1,ba,3,msk,wordecon,we,6.7,289,85
13391,2,ba,3,msk,wordecon,we,6.7,254,76
13392,2,ba,3,msk,wordecon,we,6.5,102,34
13393,2,ba,3,msk,wordecon,we,6.7,88,34
13394,2,ba,3,msk,wordecon,we,6.7,155,92
13395,1,ba,3,msk,wordecon,we,6.5,81,31
13396,2,ba,3,msk,wordecon,we,6.5,220,70
13397,0,ba,3,msk,wordecon,we,6.5,0,0
13398,1,ba,3,msk,wordecon,we,6.5,360,162
13399,2,ba,3,msk,wordecon,we,6.5,88,38
13400,2,ba,3,msk,wordecon,we,6.5,228,129
13401,1,ba,3,msk,wordecon,we,6.5,190,82
13402,2,ba,3,msk,wordecon,we,6.3,166,37
13403,1,ba,3,msk,wordecon,we,6.3,131,54
13404,2,ba,3,msk,wordecon,we,6.3,156,96
13405,2,ba,3,msk,wordecon,we,6.2,804,209
13406,1,ba,3,msk,wordecon,we,6.2,191,97
13407,1,ba,3,msk,wordecon,we,6,190,56
13408,2,ba,3,msk,wordecon,we,6.2,439,127
13409,2,ba,3,msk,wordecon,we,6,394,124
13410,0,ba,3,msk,wordecon,we,6,0,0
13411,2,ba,3,msk,wordecon,we,5.8,21,14
13412,2,ba,3,msk,wordecon,we,5.8,245,118
13413,2,ba,3,msk,wordecon,we,6.3,476,42
13414,1,ba,3,msk,wordecon,we,5.8,35,19
13415,0,ba,3,msk,wordecon,we,5.8,0,0
13416,1,ba,3,msk,wordecon,we,5.7,239,96
13417,0,ba,3,msk,wordecon,we,5.7,0,0
13418,1,ba,3,msk,wordecon,we,5.7,65,40
13419,1,ba,3,msk,wordecon,we,5.5,277,83
13420,2,ba,3,msk,wordecon,we,5.7,444,150
13421,1,ba,3,msk,wordecon,we,8,535,26
13422,1,ba,3,msk,wordecon,we,6.2,278,84
13423,2,ba,3,msk,wordecon,we,6,205,128
13424,2,ba,3,msk,wordecon,we,5.5,233,89
13425,2,ba,3,msk,wordecon,we,5.3,239,82
13426,1,ba,3,msk,wordecon,we,6,364,105
13427,1,ba,3,msk,wordecon,we,5.2,190,88
13428,2,ba,3,msk,wordecon,we,5.3,0,0
13429,2,ba,3,msk,wordecon,we,5.5,546,236
13430,1,ba,3,msk,wordecon,we,5.3,98,47
13431,1,ba,3,msk,wordecon,we,5,168,51
13432,2,ba,3,msk,wordecon,we,4.2,183,59
13433,2,ba,3,msk,wordecon,we,6,214,80
13434,1,ba,3,msk,wordecon,we,4.8,293,12
13435,2,ba,3,msk,wordecon,we,5.5,134,60
13436,1,ba,4,msk,mediades,ad,9.2,215,69
13437,1,ba,4,msk,mediades,ad,9.2,499,103
13438,1,ba,4,msk,mediades,ad,9,255,54
13439,1,ba,4,msk,mediades,ad,9,508,97
13440,1,ba,4,msk,mediades,ad,9,237,114
13441,1,ba,4,msk,mediades,ad,8.8,280,57
13442,1,ba,4,msk,mediades,ad,8.8,227,75
13443,1,ba,4,msk,mediades,ad,8.8,326,71
13444,1,ba,4,msk,mediades,ad,8.8,283,95
13445,1,ba,4,msk,mediades,ad,8.8,253,74
13446,1,ba,4,msk,mediades,ad,8.8,573,223
13447,1,ba,4,msk,mediades,ad,8.8,219,71
13448,1,ba,4,msk,mediades,ad,8.7,127,56
13449,1,ba,4,msk,mediades,ad,8.7,117,57
13450,2,ba,4,msk,mediades,ad,8.7,30,22
13451,1,ba,4,msk,mediades,ad,8.7,221,90
13452,0,ba,4,msk,mediades,ad,8.7,0,0
13453,1,ba,4,msk,mediades,ad,8.7,172,55
13454,1,ba,4,msk,mediades,ad,8.7,235,94
13455,0,ba,4,msk,mediades,ad,8.7,0,0
13456,1,ba,4,msk,mediades,ad,8.5,169,37
13457,0,ba,4,msk,mediades,ad,8.5,0,0
13458,1,ba,4,msk,mediades,ad,8.5,441,108
13459,1,ba,4,msk,mediades,ad,8.5,247,77
13460,1,ba,4,msk,mediades,ad,8.5,909,213
13461,1,ba,4,msk,mediades,ad,8.5,163,60
13462,1,ba,4,msk,mediades,ad,8.5,282,59
13463,1,ba,4,msk,mediades,ad,8.3,480,88
13464,1,ba,4,msk,mediades,ad,8.3,284,92
13465,0,ba,4,msk,mediades,ad,8.3,0,0
13466,1,ba,4,msk,mediades,ad,8.3,314,71
13467,1,ba,4,msk,mediades,ad,8.3,159,57
13468,1,ba,4,msk,mediades,ad,8.2,377,119
13469,1,ba,4,msk,mediades,ad,8.2,106,38
13470,1,ba,4,msk,mediades,ad,8.2,209,87
13471,1,ba,4,msk,mediades,ad,8.2,153,72
13472,1,ba,4,msk,mediades,ad,8.2,312,119
13473,1,ba,4,msk,mediades,ad,8,637,229
13474,1,ba,4,msk,mediades,ad,8,241,62
13475,2,ba,4,msk,mediades,ad,8,520,115
13476,1,ba,4,msk,mediades,ad,8,118,48
13477,1,ba,4,msk,mediades,ad,8,178,62
13478,2,ba,4,msk,mediades,ad,7.8,483,96
13479,1,ba,4,msk,mediades,ad,8,231,69
13480,2,ba,4,msk,mediades,ad,8,129,51
13481,1,ba,4,msk,mediades,ad,7.8,350,73
13482,1,ba,4,msk,mediades,ad,8,378,106
13483,0,ba,4,msk,mediades,ad,8,0,0
13484,1,ba,4,msk,mediades,ad,8,209,70
13485,1,ba,4,msk,mediades,ad,7.8,344,73
13486,2,ba,4,msk,mediades,ad,7.8,508,90
13487,1,ba,4,msk,mediades,ad,7.8,938,93
13488,1,ba,4,msk,mediades,ad,7.8,252,81
13489,1,ba,4,msk,mediades,ad,7.8,451,123
13490,1,ba,4,msk,mediades,ad,7.8,467,99
13491,1,ba,4,msk,mediades,ad,7.8,180,41
13492,1,ba,4,msk,mediades,ad,7.8,542,212
13493,1,ba,4,msk,mediades,ad,7.8,467,109
13494,1,ba,4,msk,mediades,ad,7.8,924,96
13495,1,ba,4,msk,mediades,ad,7.7,702,184
13496,1,ba,4,msk,mediades,ad,7.8,224,55
13497,1,ba,4,msk,mediades,ad,7.8,0,0
13498,1,ba,4,msk,mediades,ad,7.7,1202,84
13499,1,ba,4,msk,mediades,ad,7.7,601,112
13500,1,ba,4,msk,mediades,ad,7.7,142,44
13501,1,ba,4,msk,mediades,ad,7.7,208,64
13502,1,ba,4,msk,mediades,ad,7.7,305,91
13503,1,ba,4,msk,mediades,ad,7.5,179,72
13504,1,ba,4,msk,mediades,ad,7.7,169,49
13505,1,ba,4,msk,mediades,ad,7.7,264,100
13506,2,ba,4,msk,mediades,ad,7.6,305,94
13507,1,ba,4,msk,mediades,ad,7.7,78,7
13508,1,ba,4,msk,mediades,ad,7.5,141,57
13509,1,ba,4,msk,mediades,ad,7.5,281,70
13510,1,ba,4,msk,mediades,ad,7.3,337,84
13511,2,ba,4,msk,mediades,ad,7.3,418,80
13512,1,ba,4,msk,mediades,ad,7.3,677,59
13513,0,ba,4,msk,mediades,ad,7.2,0,0
13514,1,ba,4,msk,mediades,ad,7.2,149,77
13515,0,ba,4,msk,mediades,ad,6.8,0,0
13516,2,ba,4,msk,mediades,ad,7,192,61
13517,1,ba,4,msk,mediades,ad,7,169,24
13518,2,ba,4,msk,mediades,ad,6.5,498,188
13519,2,ba,4,msk,mediades,ad,5.9,347,48
13520,1,ba,4,msk,mediades,ad,6.2,326,82
13521,1,ba,4,msk,mediades,ad,5.8,624,114
13522,1,ba,4,msk,mediades,ad,6,346,67
13523,1,ba,4,msk,mediades,ad,7.2,222,37
13524,0,ba,4,msk,mediades,ad,6.8,0,0
13525,2,ba,4,msk,miem,am,7.9,556,181
13526,2,ba,4,msk,miem,am,7.9,293,69
13527,0,ba,4,msk,miem,am,7,0,0
13528,1,ba,4,msk,miem,am,6.4,283,94
13529,1,ba,4,msk,miem,am,5.9,392,104
13530,2,ba,4,msk,miem,am,5.9,42,15
13531,0,ba,4,msk,miem,am,5.9,0,0
13532,2,ba,4,msk,miem,am,5.6,274,75
13533,2,ba,4,msk,miem,am,9.4,183,86
13534,1,ba,4,msk,miem,am,8.4,442,72
13535,1,ba,4,msk,miem,am,8.3,0,0
13536,1,ba,4,msk,miem,am,7.7,51,17
13537,1,ba,4,msk,miem,am,7.6,0,0
13538,2,ba,4,msk,miem,am,7.1,82,18
13539,2,ba,4,msk,miem,am,7,155,11
13540,2,ba,4,msk,miem,am,6.6,75,19
13541,2,ba,4,msk,miem,am,6.6,370,144
13542,2,ba,4,msk,miem,am,5.9,0,0
13543,2,ba,4,msk,miem,am,5.1,171,49
13544,1,ba,4,msk,miem,am,9.2,62,16
13545,2,ba,4,msk,miem,am,8.4,176,35
13546,1,ba,4,msk,miem,am,8.1,180,25
13547,1,ba,4,msk,miem,am,8,216,34
13548,2,ba,4,msk,miem,am,7.9,104,19
13549,2,ba,4,msk,miem,am,7.9,210,27
13550,1,ba,4,msk,miem,am,7.3,115,16
13551,1,ba,4,msk,miem,am,7.2,124,24
13552,1,ba,4,msk,miem,am,7.2,62,6
13553,2,ba,4,msk,miem,am,6.9,397,55
13554,1,ba,4,msk,miem,am,6.7,251,99
13555,2,ba,4,msk,miem,am,6.4,156,27
13556,2,ba,4,msk,miem,am,6.4,134,50
13557,1,ba,4,msk,miem,am,6.2,293,24
13558,2,ba,4,msk,miem,am,6.1,254,92
13559,2,ba,4,msk,miem,am,5.9,20,5
13560,2,ba,4,msk,miem,am,6,129,45
13561,2,ba,4,msk,miem,am,5.7,35,11
13562,0,ba,4,msk,miem,am,4.6,0,0
13563,2,ba,4,msk,miem,am,4.6,189,25
13564,1,ba,4,msk,cs,ami,9.8,307,112
13565,2,ba,4,msk,cs,ami,9.4,373,149
13566,2,ba,4,msk,cs,ami,9.4,153,54
13567,2,ba,4,msk,cs,ami,9.2,237,50
13568,1,ba,4,msk,cs,ami,9,280,156
13569,0,ba,4,msk,cs,ami,9,0,0
13570,1,ba,4,msk,cs,ami,8.8,193,72
13571,2,ba,4,msk,cs,ami,9,273,68
13572,1,ba,4,msk,cs,ami,9,266,80
13573,2,ba,4,msk,cs,ami,8.8,168,78
13574,1,ba,4,msk,cs,ami,8.8,76,36
13575,2,ba,4,msk,cs,ami,8.8,580,200
13576,2,ba,4,msk,cs,ami,8.8,203,66
13577,0,ba,4,msk,cs,ami,8.6,0,0
13578,2,ba,4,msk,cs,ami,8.8,288,178
13579,1,ba,4,msk,cs,ami,8.8,145,46
13580,1,ba,4,msk,cs,ami,8.8,267,56
13581,1,ba,4,msk,cs,ami,8.4,305,114
13582,1,ba,4,msk,cs,ami,8.8,170,63
13583,2,ba,4,msk,cs,ami,8.2,383,76
13584,2,ba,4,msk,cs,ami,8.4,142,81
13585,0,ba,4,msk,cs,ami,8.5,0,0
13586,2,ba,4,msk,cs,ami,8.4,125,60
13587,2,ba,4,msk,cs,ami,8.4,165,43
13588,2,ba,4,msk,cs,ami,8.5,332,66
13589,2,ba,4,msk,cs,ami,8.4,124,68
13590,2,ba,4,msk,cs,ami,8.2,232,87
13591,1,ba,4,msk,cs,ami,8.5,164,60
13592,1,ba,4,msk,cs,ami,8.2,192,64
13593,2,ba,4,msk,cs,ami,8.2,417,118
13594,2,ba,4,msk,cs,ami,8,624,102
13595,1,ba,4,msk,cs,ami,8.2,353,108
13596,1,ba,4,msk,cs,ami,8,251,81
13597,1,ba,4,msk,cs,ami,8,54,20
13598,2,ba,4,msk,cs,ami,7.2,333,122
13599,0,ba,4,msk,cs,ami,7.8,0,0
13600,1,ba,4,msk,cs,ami,8.2,500,156
13601,1,ba,4,msk,cs,ami,8,94,42
13602,2,ba,4,msk,cs,ami,8,869,205
13603,2,ba,4,msk,cs,ami,8,237,79
13604,1,ba,4,msk,cs,ami,7.8,188,87
13605,1,ba,4,msk,cs,ami,7.6,1032,309
13606,2,ba,4,msk,cs,ami,7.8,190,68
13607,2,ba,4,msk,cs,ami,7.5,211,55
13608,2,ba,4,msk,cs,ami,7.8,95,38
13609,2,ba,4,msk,cs,ami,8,163,63
13610,2,ba,4,msk,cs,ami,7.6,315,144
13611,2,ba,4,msk,cs,ami,7.8,399,161
13612,1,ba,4,msk,cs,ami,7.5,255,126
13613,1,ba,4,msk,cs,ami,7.5,370,99
13614,1,ba,4,msk,cs,ami,7.2,294,71
13615,2,ba,4,msk,cs,ami,7,264,71
13616,1,ba,4,msk,cs,ami,7.2,273,70
13617,2,ba,4,msk,cs,ami,7.2,164,64
13618,2,ba,4,msk,cs,ami,7,181,82
13619,0,ba,4,msk,cs,ami,7,0,0
13620,2,ba,4,msk,cs,ami,7,316,65
13621,2,ba,4,msk,cs,ami,7,139,43
13622,1,ba,4,msk,cs,ami,7,285,103
13623,2,ba,4,msk,cs,ami,6.8,271,58
13624,2,ba,4,msk,cs,ami,6.6,173,88
13625,2,ba,4,msk,cs,ami,5.4,310,72
13626,2,ba,4,msk,cs,ami,5.2,307,70
13627,2,ba,4,msk,cs,ami,4.5,108,9
13628,1,ba,4,msk,bisandman,bi,9.7,123,46
13629,1,ba,4,msk,bisandman,bi,9.7,426,82
13630,2,ba,4,msk,bisandman,bi,9.7,247,119
13631,1,ba,4,msk,bisandman,bi,9.5,141,58
13632,1,ba,4,msk,bisandman,bi,9.5,111,34
13633,1,ba,4,msk,bisandman,bi,9.5,104,48
13634,1,ba,4,msk,bisandman,bi,9.5,432,112
13635,1,ba,4,msk,bisandman,bi,9.5,161,56
13636,1,ba,4,msk,bisandman,bi,9.3,510,144
13637,1,ba,4,msk,bisandman,bi,9.2,97,25
13638,1,ba,4,msk,bisandman,bi,9,226,89
13639,1,ba,4,msk,bisandman,bi,9,122,45
13640,2,ba,4,msk,bisandman,bi,8.8,33,21
13641,1,ba,4,msk,bisandman,bi,8.8,180,72
13642,1,ba,4,msk,bisandman,bi,8.8,170,50
13643,1,ba,4,msk,bisandman,bi,8.7,248,31
13644,2,ba,4,msk,bisandman,bi,8.7,313,80
13645,1,ba,4,msk,bisandman,bi,8.7,345,64
13646,1,ba,4,msk,bisandman,bi,8.7,126,54
13647,1,ba,4,msk,bisandman,bi,8.5,217,79
13648,0,ba,4,msk,bisandman,bi,8.5,0,0
13649,1,ba,4,msk,bisandman,bi,8.5,185,78
13650,1,ba,4,msk,bisandman,bi,8.5,360,140
13651,1,ba,4,msk,bisandman,bi,8.3,34,29
13652,1,ba,4,msk,bisandman,bi,8.3,506,199
13653,2,ba,4,msk,bisandman,bi,8.3,522,202
13654,1,ba,4,msk,bisandman,bi,8.3,363,134
13655,1,ba,4,msk,bisandman,bi,8.3,190,81
13656,1,ba,4,msk,bisandman,bi,8.2,87,43
13657,1,ba,4,msk,bisandman,bi,8.2,235,135
13658,2,ba,4,msk,bisandman,bi,8.2,92,53
13659,2,ba,4,msk,bisandman,bi,8.2,678,255
13660,2,ba,4,msk,bisandman,bi,8.2,235,106
13661,2,ba,4,msk,bisandman,bi,8.2,879,442
13662,1,ba,4,msk,bisandman,bi,8,270,81
13663,1,ba,4,msk,bisandman,bi,8,386,112
13664,1,ba,4,msk,bisandman,bi,8,272,99
13665,1,ba,4,msk,bisandman,bi,8,480,159
13666,1,ba,4,msk,bisandman,bi,8,117,47
13667,2,ba,4,msk,bisandman,bi,8,200,45
13668,1,ba,4,msk,bisandman,bi,8,259,68
13669,2,ba,4,msk,bisandman,bi,8,279,80
13670,2,ba,4,msk,bisandman,bi,7.8,137,62
13671,1,ba,4,msk,bisandman,bi,7.7,214,91
13672,2,ba,4,msk,bisandman,bi,7.5,763,81
13673,2,ba,4,msk,bisandman,bi,7.5,246,53
13674,2,ba,4,msk,bisandman,bi,7.5,92,48
13675,1,ba,4,msk,bisandman,bi,7.5,80,26
13676,0,ba,4,msk,bisandman,bi,7.5,0,0
13677,1,ba,4,msk,bisandman,bi,7.5,467,84
13678,1,ba,4,msk,bisandman,bi,7.5,455,155
13679,1,ba,4,msk,bisandman,bi,7.5,155,40
13680,1,ba,4,msk,bisandman,bi,7.5,274,86
13681,1,ba,4,msk,bisandman,bi,7.5,347,78
13682,2,ba,4,msk,bisandman,bi,7.5,0,0
13683,2,ba,4,msk,bisandman,bi,7.5,133,46
13684,2,ba,4,msk,bisandman,bi,7.3,106,24
13685,1,ba,4,msk,bisandman,bi,7.3,460,96
13686,2,ba,4,msk,bisandman,bi,7.2,202,34
13687,1,ba,4,msk,bisandman,bi,7.2,82,52
13688,2,ba,4,msk,bisandman,bi,7.1,17,9
13689,2,ba,4,msk,bisandman,bi,7.2,391,86
13690,2,ba,4,msk,bisandman,bi,7.2,302,168
13691,0,ba,4,msk,bisandman,bi,7.2,0,0
13692,2,ba,4,msk,bisandman,bi,7,617,125
13693,1,ba,4,msk,bisandman,bi,7,125,32
13694,2,ba,4,msk,bisandman,bi,7,76,41
13695,2,ba,4,msk,bisandman,bi,7,60,28
13696,2,ba,4,msk,bisandman,bi,7,329,203
13697,2,ba,4,msk,bisandman,bi,6.8,271,31
13698,2,ba,4,msk,bisandman,bi,6.8,82,30
13699,2,ba,4,msk,bisandman,bi,6.8,275,79
13700,2,ba,4,msk,bisandman,bi,6.8,350,62
13701,2,ba,4,msk,bisandman,bi,6.8,93,31
13702,1,ba,4,msk,bisandman,bi,6.8,1216,80
13703,1,ba,4,msk,bisandman,bi,6.8,128,43
13704,0,ba,4,msk,bisandman,bi,6.7,0,0
13705,2,ba,4,msk,bisandman,bi,6.7,272,67
13706,2,ba,4,msk,bisandman,bi,6.7,99,20
13707,2,ba,4,msk,bisandman,bi,6.5,200,99
13708,2,ba,4,msk,bisandman,bi,6.5,252,104
13709,2,ba,4,msk,bisandman,bi,6.5,608,157
13710,2,ba,4,msk,bisandman,bi,6.5,370,138
13711,2,ba,4,msk,bisandman,bi,6.5,338,59
13712,0,ba,4,msk,bisandman,bi,6.5,0,0
13713,1,ba,4,msk,bisandman,bi,6.5,291,74
13714,0,ba,4,msk,bisandman,bi,6.5,0,0
13715,2,ba,4,msk,bisandman,bi,6.5,136,53
13716,2,ba,4,msk,bisandman,bi,6.5,358,79
13717,2,ba,4,msk,bisandman,bi,6.5,397,98
13718,1,ba,4,msk,bisandman,bi,6.3,144,38
13719,2,ba,4,msk,bisandman,bi,6.5,383,110
13720,1,ba,4,msk,bisandman,bi,6.3,60,33
13721,2,ba,4,msk,bisandman,bi,6.3,243,111
13722,2,ba,4,msk,bisandman,bi,6.2,350,115
13723,2,ba,4,msk,bisandman,bi,6.2,94,37
13724,2,ba,4,msk,bisandman,bi,6,294,76
13725,1,ba,4,msk,bisandman,bi,6.2,443,88
13726,2,ba,4,msk,bisandman,bi,6.2,215,120
13727,2,ba,4,msk,bisandman,bi,6,52,20
13728,2,ba,4,msk,bisandman,bi,6,386,155
13729,2,ba,4,msk,bisandman,bi,6,154,58
13730,2,ba,4,msk,bisandman,bi,6,33,17
13731,2,ba,4,msk,bisandman,bi,6,171,52
13732,0,ba,4,msk,bisandman,bi,6,0,0
13733,2,ba,4,msk,bisandman,bi,5.8,166,77
13734,2,ba,4,msk,bisandman,bi,5.8,327,83
13735,2,ba,4,msk,bisandman,bi,5.8,82,20
13736,2,ba,4,msk,bisandman,bi,5.7,78,23
13737,0,ba,4,msk,bisandman,bi,5.8,0,0
13738,0,ba,4,msk,bisandman,bi,5.7,0,0
13739,1,ba,4,msk,bisandman,bi,5.7,48,22
13740,0,ba,4,msk,bisandman,bi,5.5,0,0
13741,0,ba,4,msk,bisandman,bi,5.5,0,0
13742,1,ba,4,msk,bisandman,bi,5.7,423,105
13743,2,ba,4,msk,bisandman,bi,5.7,167,71
13744,2,ba,4,msk,bisandman,bi,5.5,419,94
13745,2,ba,4,msk,bisandman,bi,5,335,76
13746,2,ba,4,msk,bisandman,bi,4.8,723,262
13747,2,ba,4,msk,bisandman,bi,4,309,81
13748,1,ba,4,msk,bisandman,bi,0,340,70
13749,2,ba,4,msk,miem,cosec,9.2,111,15
13750,2,ba,4,msk,miem,cosec,9,43,18
13751,0,ba,4,msk,miem,cosec,9,0,0
13752,2,ba,4,msk,miem,cosec,9,92,18
13753,2,ba,4,msk,miem,cosec,9,28,11
13754,2,ba,4,msk,miem,cosec,8.5,93,27
13755,2,ba,4,msk,miem,cosec,8,107,29
13756,1,ba,4,msk,miem,cosec,7.7,58,20
13757,0,ba,4,msk,miem,cosec,7.5,0,0
13758,0,ba,4,msk,miem,cosec,6.8,0,0
13759,2,ba,4,msk,miem,cosec,7.5,66,15
13760,2,ba,4,msk,miem,cosec,6.5,99,46
13761,2,ba,4,msk,miem,cosec,6.5,102,18
13762,1,ba,4,msk,miem,cosec,5.8,714,33
13763,2,ba,4,msk,miem,cosec,6,99,20
13764,2,ba,4,msk,miem,cosec,6,247,18
13765,0,ba,4,msk,miem,cosec,5.5,0,0
13766,2,ba,4,msk,miem,cosec,6,33,14
13767,1,ba,4,msk,miem,cosec,5.7,0,0
13768,2,ba,4,msk,miem,cosec,5,145,18
13769,2,ba,4,msk,miem,cosec,4.5,529,79
13770,2,ba,4,msk,miem,cosec,3.5,159,16
13771,2,ba,4,msk,econsci,economics,9.5,343,194
13772,2,ba,4,msk,econsci,economics,9.5,153,91
13773,1,ba,4,msk,econsci,economics,9.5,349,204
13774,2,ba,4,msk,econsci,economics,9.4,300,171
13775,1,ba,4,msk,econsci,economics,9.4,557,147
13776,2,ba,4,msk,econsci,economics,9.2,694,388
13777,1,ba,4,msk,econsci,economics,9.2,432,196
13778,2,ba,4,msk,econsci,economics,9.2,0,0
13779,1,ba,4,msk,econsci,economics,9,228,72
13780,1,ba,4,msk,econsci,economics,9,225,72
13781,2,ba,4,msk,econsci,economics,9,288,129
13782,1,ba,4,msk,econsci,economics,9,104,34
13783,1,ba,4,msk,econsci,economics,9,629,237
13784,2,ba,4,msk,econsci,economics,9,427,221
13785,2,ba,4,msk,econsci,economics,9,251,81
13786,1,ba,4,msk,econsci,economics,8.8,215,70
13787,2,ba,4,msk,econsci,economics,8.8,1078,293
13788,1,ba,4,msk,econsci,economics,8.8,105,37
13789,2,ba,4,msk,econsci,economics,8.8,165,67
13790,2,ba,4,msk,econsci,economics,8.8,290,108
13791,2,ba,4,msk,econsci,economics,8.8,402,199
13792,2,ba,4,msk,econsci,economics,8.8,142,79
13793,1,ba,4,msk,econsci,economics,8.6,332,131
13794,1,ba,4,msk,econsci,economics,8.6,150,74
13795,1,ba,4,msk,econsci,economics,8.6,122,52
13796,1,ba,4,msk,econsci,economics,8.6,437,203
13797,1,ba,4,msk,econsci,economics,8.6,266,49
13798,1,ba,4,msk,econsci,economics,8.6,113,55
13799,1,ba,4,msk,econsci,economics,8.6,206,104
13800,1,ba,4,msk,econsci,economics,8.6,368,152
13801,1,ba,4,msk,econsci,economics,8.7,106,52
13802,2,ba,4,msk,econsci,economics,8.7,255,169
13803,2,ba,4,msk,econsci,economics,8.5,123,41
13804,2,ba,4,msk,econsci,economics,8.5,122,56
13805,2,ba,4,msk,econsci,economics,8.5,141,46
13806,2,ba,4,msk,econsci,economics,8.4,301,125
13807,1,ba,4,msk,econsci,economics,8.4,615,303
13808,1,ba,4,msk,econsci,economics,8.4,291,141
13809,2,ba,4,msk,econsci,economics,8.4,154,64
13810,0,ba,4,msk,econsci,economics,8.4,0,0
13811,1,ba,4,msk,econsci,economics,8.4,146,59
13812,1,ba,4,msk,econsci,economics,8.4,206,102
13813,2,ba,4,msk,econsci,economics,8.3,212,74
13814,2,ba,4,msk,econsci,economics,8.3,647,216
13815,1,ba,4,msk,econsci,economics,8.3,208,94
13816,1,ba,4,msk,econsci,economics,8.2,205,72
13817,1,ba,4,msk,econsci,economics,8.2,427,172
13818,1,ba,4,msk,econsci,economics,8.2,300,120
13819,1,ba,4,msk,econsci,economics,8.2,147,67
13820,1,ba,4,msk,econsci,economics,8.2,166,117
13821,1,ba,4,msk,econsci,economics,8.2,339,129
13822,2,ba,4,msk,econsci,economics,8.2,587,290
13823,2,ba,4,msk,econsci,economics,8.2,256,95
13824,1,ba,4,msk,econsci,economics,8.2,177,80
13825,2,ba,4,msk,econsci,economics,8.2,385,188
13826,1,ba,4,msk,econsci,economics,8.2,271,107
13827,1,ba,4,msk,econsci,economics,8.2,1910,158
13828,2,ba,4,msk,econsci,economics,8,222,110
13829,1,ba,4,msk,econsci,economics,8,291,136
13830,1,ba,4,msk,econsci,economics,8,346,87
13831,2,ba,4,msk,econsci,economics,8,74,43
13832,1,ba,4,msk,econsci,economics,8,88,36
13833,1,ba,4,msk,econsci,economics,7.8,101,30
13834,1,ba,4,msk,econsci,economics,7.8,273,58
13835,2,ba,4,msk,econsci,economics,7.8,294,105
13836,1,ba,4,msk,econsci,economics,7.8,142,51
13837,2,ba,4,msk,econsci,economics,7.8,100,81
13838,2,ba,4,msk,econsci,economics,7.8,186,70
13839,1,ba,4,msk,econsci,economics,7.8,602,262
13840,2,ba,4,msk,econsci,economics,7.8,203,75
13841,1,ba,4,msk,econsci,economics,7.8,465,165
13842,1,ba,4,msk,econsci,economics,7.8,873,288
13843,2,ba,4,msk,econsci,economics,7.8,229,72
13844,1,ba,4,msk,econsci,economics,7.6,258,107
13845,1,ba,4,msk,econsci,economics,7.6,93,47
13846,0,ba,4,msk,econsci,economics,7.6,0,0
13847,0,ba,4,msk,econsci,economics,7.6,0,0
13848,1,ba,4,msk,econsci,economics,7.6,201,64
13849,2,ba,4,msk,econsci,economics,7.6,195,99
13850,1,ba,4,msk,econsci,economics,7.6,345,140
13851,1,ba,4,msk,econsci,economics,7.6,599,168
13852,2,ba,4,msk,econsci,economics,7.7,66,21
13853,2,ba,4,msk,econsci,economics,7.7,332,170
13854,1,ba,4,msk,econsci,economics,7.5,465,263
13855,2,ba,4,msk,econsci,economics,7.5,301,143
13856,2,ba,4,msk,econsci,economics,7.5,96,38
13857,1,ba,4,msk,econsci,economics,7.5,575,183
13858,0,ba,4,msk,econsci,economics,7.5,0,0
13859,1,ba,4,msk,econsci,economics,7.5,248,99
13860,2,ba,4,msk,econsci,economics,7.5,249,67
13861,1,ba,4,msk,econsci,economics,7.4,282,82
13862,2,ba,4,msk,econsci,economics,7.3,147,67
13863,1,ba,4,msk,econsci,economics,7.3,189,88
13864,2,ba,4,msk,econsci,economics,7.3,370,104
13865,1,ba,4,msk,econsci,economics,7.3,453,209
13866,1,ba,4,msk,econsci,economics,7.2,443,219
13867,2,ba,4,msk,econsci,economics,7.2,344,167
13868,1,ba,4,msk,econsci,economics,7.2,367,157
13869,1,ba,4,msk,econsci,economics,7.2,715,195
13870,0,ba,4,msk,econsci,economics,7.2,0,0
13871,1,ba,4,msk,econsci,economics,7.2,713,325
13872,2,ba,4,msk,econsci,economics,7.2,215,95
13873,1,ba,4,msk,econsci,economics,7.2,344,104
13874,2,ba,4,msk,econsci,economics,7.2,208,123
13875,1,ba,4,msk,econsci,economics,7.2,309,135
13876,2,ba,4,msk,econsci,economics,7,188,76
13877,1,ba,4,msk,econsci,economics,7,157,41
13878,1,ba,4,msk,econsci,economics,7,278,99
13879,2,ba,4,msk,econsci,economics,7,613,130
13880,1,ba,4,msk,econsci,economics,7,7,0
13881,1,ba,4,msk,econsci,economics,7,213,88
13882,1,ba,4,msk,econsci,economics,7,0,0
13883,1,ba,4,msk,econsci,economics,7,266,89
13884,1,ba,4,msk,econsci,economics,7,294,129
13885,1,ba,4,msk,econsci,economics,7,152,94
13886,1,ba,4,msk,econsci,economics,7,485,110
13887,1,ba,4,msk,econsci,economics,7,509,112
13888,1,ba,4,msk,econsci,economics,7,197,95
13889,1,ba,4,msk,econsci,economics,7,329,67
13890,2,ba,4,msk,econsci,economics,7,550,167
13891,2,ba,4,msk,econsci,economics,7,258,73
13892,2,ba,4,msk,econsci,economics,7,352,196
13893,1,ba,4,msk,econsci,economics,7,158,68
13894,1,ba,4,msk,econsci,economics,7,65,37
13895,2,ba,4,msk,econsci,economics,7.3,295,56
13896,2,ba,4,msk,econsci,economics,6.8,53,18
13897,1,ba,4,msk,econsci,economics,6.8,275,86
13898,1,ba,4,msk,econsci,economics,6.8,399,155
13899,1,ba,4,msk,econsci,economics,6.8,0,0
13900,1,ba,4,msk,econsci,economics,6.8,157,59
13901,2,ba,4,msk,econsci,economics,6.8,66,27
13902,1,ba,4,msk,econsci,economics,6.8,50,30
13903,1,ba,4,msk,econsci,economics,6.8,283,106
13904,1,ba,4,msk,econsci,economics,6.7,209,105
13905,1,ba,4,msk,econsci,economics,6.6,49,39
13906,2,ba,4,msk,econsci,economics,6.6,116,92
13907,2,ba,4,msk,econsci,economics,6.6,0,0
13908,1,ba,4,msk,econsci,economics,6.6,580,330
13909,1,ba,4,msk,econsci,economics,6.6,417,121
13910,1,ba,4,msk,econsci,economics,6.6,282,137
13911,1,ba,4,msk,econsci,economics,6.7,212,71
13912,2,ba,4,msk,econsci,economics,6.5,812,336
13913,2,ba,4,msk,econsci,economics,6.5,218,70
13914,1,ba,4,msk,econsci,economics,6.5,284,152
13915,1,ba,4,msk,econsci,economics,6.4,457,176
13916,1,ba,4,msk,econsci,economics,6.4,152,48
13917,1,ba,4,msk,econsci,economics,6.4,252,76
13918,1,ba,4,msk,econsci,economics,6.4,199,77
13919,2,ba,4,msk,econsci,economics,6.4,297,101
13920,2,ba,4,msk,econsci,economics,6.4,98,41
13921,1,ba,4,msk,econsci,economics,6.4,458,181
13922,0,ba,4,msk,econsci,economics,6.3,0,0
13923,2,ba,4,msk,econsci,economics,6.2,345,127
13924,2,ba,4,msk,econsci,economics,6.2,209,36
13925,2,ba,4,msk,econsci,economics,6.2,156,95
13926,1,ba,4,msk,econsci,economics,6.2,202,131
13927,2,ba,4,msk,econsci,economics,6.2,133,65
13928,2,ba,4,msk,econsci,economics,6.2,292,127
13929,2,ba,4,msk,econsci,economics,6.2,284,199
13930,1,ba,4,msk,econsci,economics,6.2,172,83
13931,2,ba,4,msk,econsci,economics,6.2,184,72
13932,2,ba,4,msk,econsci,economics,6.2,400,143
13933,2,ba,4,msk,econsci,economics,6.2,130,58
13934,2,ba,4,msk,econsci,economics,6.2,139,74
13935,1,ba,4,msk,econsci,economics,6.2,255,102
13936,2,ba,4,msk,econsci,economics,6.2,265,95
13937,2,ba,4,msk,econsci,economics,6.2,350,97
13938,1,ba,4,msk,econsci,economics,6.2,135,45
13939,2,ba,4,msk,econsci,economics,6.2,397,202
13940,1,ba,4,msk,econsci,economics,6.2,441,162
13941,2,ba,4,msk,econsci,economics,6.2,0,0
13942,2,ba,4,msk,econsci,economics,6,195,57
13943,2,ba,4,msk,econsci,economics,6,175,94
13944,2,ba,4,msk,econsci,economics,6,34,16
13945,2,ba,4,msk,econsci,economics,6,90,46
13946,1,ba,4,msk,econsci,economics,6,205,65
13947,2,ba,4,msk,econsci,economics,6,348,122
13948,0,ba,4,msk,econsci,economics,6,0,0
13949,2,ba,4,msk,econsci,economics,5.8,705,173
13950,2,ba,4,msk,econsci,economics,5.8,273,147
13951,1,ba,4,msk,econsci,economics,5.8,158,44
13952,1,ba,4,msk,econsci,economics,5.8,333,82
13953,1,ba,4,msk,econsci,economics,5.8,136,26
13954,1,ba,4,msk,econsci,economics,5.8,372,140
13955,2,ba,4,msk,econsci,economics,5.8,217,64
13956,2,ba,4,msk,econsci,economics,5.8,308,156
13957,1,ba,4,msk,econsci,economics,5.7,131,67
13958,2,ba,4,msk,econsci,economics,5.6,300,115
13959,1,ba,4,msk,econsci,economics,5.6,191,25
13960,1,ba,4,msk,econsci,economics,5.6,253,104
13961,2,ba,4,msk,econsci,economics,5.6,257,116
13962,2,ba,4,msk,econsci,economics,5.6,153,49
13963,2,ba,4,msk,econsci,economics,5.6,194,89
13964,1,ba,4,msk,econsci,economics,5.6,298,82
13965,1,ba,4,msk,econsci,economics,5.7,401,106
13966,1,ba,4,msk,econsci,economics,5.7,0,0
13967,1,ba,4,msk,econsci,economics,5.7,233,129
13968,2,ba,4,msk,econsci,economics,5.5,215,35
13969,2,ba,4,msk,econsci,economics,5.5,108,44
13970,2,ba,4,msk,econsci,economics,5.5,218,93
13971,1,ba,4,msk,econsci,economics,5.5,306,51
13972,1,ba,4,msk,econsci,economics,5.4,192,125
13973,1,ba,4,msk,econsci,economics,5.4,251,29
13974,2,ba,4,msk,econsci,economics,5.3,93,54
13975,1,ba,4,msk,econsci,economics,5.3,257,130
13976,2,ba,4,msk,econsci,economics,5.3,274,73
13977,2,ba,4,msk,econsci,economics,5.3,38,18
13978,2,ba,4,msk,econsci,economics,5.3,101,41
13979,1,ba,4,msk,econsci,economics,5.2,260,103
13980,1,ba,4,msk,econsci,economics,5.2,0,0
13981,1,ba,4,msk,econsci,economics,5.2,254,34
13982,2,ba,4,msk,econsci,economics,5.2,352,68
13983,2,ba,4,msk,econsci,economics,5.2,203,81
13984,2,ba,4,msk,econsci,economics,5.2,164,95
13985,2,ba,4,msk,econsci,economics,5.2,307,158
13986,1,ba,4,msk,econsci,economics,5.2,131,17
13987,1,ba,4,msk,econsci,economics,5.2,373,108
13988,2,ba,4,msk,econsci,economics,5,225,63
13989,1,ba,4,msk,econsci,economics,5,86,33
13990,1,ba,4,msk,econsci,economics,5,191,56
13991,1,ba,4,msk,econsci,economics,5,518,198
13992,2,ba,4,msk,econsci,economics,5,599,159
13993,2,ba,4,msk,econsci,economics,5,329,72
13994,2,ba,4,msk,econsci,economics,5,633,213
13995,2,ba,4,msk,econsci,economics,5,165,58
13996,2,ba,4,msk,econsci,economics,5,152,41
13997,1,ba,4,msk,econsci,economics,4.8,0,0
13998,2,ba,4,msk,econsci,economics,4.8,270,105
13999,2,ba,4,msk,econsci,economics,4.8,121,43
14000,2,ba,4,msk,econsci,economics,4.8,186,32
14001,2,ba,4,msk,econsci,economics,4.8,116,85
14002,2,ba,4,msk,econsci,economics,4.5,343,155
14003,2,ba,4,msk,econsci,economics,4.5,167,101
14004,2,ba,4,msk,econsci,economics,4.4,103,53
14005,1,ba,4,msk,econsci,economics,4.4,217,76
14006,0,ba,4,msk,econsci,economics,4.4,0,0
14007,2,ba,4,msk,econsci,economics,4.3,257,89
14008,2,ba,4,msk,econsci,economics,4,116,47
14009,2,ba,4,msk,econsci,economics,2.5,124,39
14010,2,ba,4,msk,econsci,economics,4,116,29
14011,0,ba,4,msk,econsci,economics,0,0,0
14012,2,ba,4,msk,socsci,gmu,9.2,535,129
14013,1,ba,4,msk,socsci,gmu,9.2,364,119
14014,1,ba,4,msk,socsci,gmu,9.2,450,76
14015,2,ba,4,msk,socsci,gmu,9.2,157,65
14016,1,ba,4,msk,socsci,gmu,9,444,158
14017,1,ba,4,msk,socsci,gmu,9,266,105
14018,1,ba,4,msk,socsci,gmu,9,140,50
14019,2,ba,4,msk,socsci,gmu,9,299,101
14020,1,ba,4,msk,socsci,gmu,9,253,95
14021,1,ba,4,msk,socsci,gmu,8.8,168,58
14022,1,ba,4,msk,socsci,gmu,8.8,246,72
14023,1,ba,4,msk,socsci,gmu,8.8,341,95
14024,1,ba,4,msk,socsci,gmu,8.8,338,139
14025,1,ba,4,msk,socsci,gmu,8.5,151,70
14026,1,ba,4,msk,socsci,gmu,8.5,343,113
14027,1,ba,4,msk,socsci,gmu,8.5,257,78
14028,2,ba,4,msk,socsci,gmu,8.5,161,75
14029,1,ba,4,msk,socsci,gmu,8.5,209,72
14030,1,ba,4,msk,socsci,gmu,8.5,575,153
14031,1,ba,4,msk,socsci,gmu,8.5,280,46
14032,1,ba,4,msk,socsci,gmu,8.2,180,56
14033,1,ba,4,msk,socsci,gmu,8.2,261,79
14034,2,ba,4,msk,socsci,gmu,8.2,252,84
14035,1,ba,4,msk,socsci,gmu,8.2,236,86
14036,1,ba,4,msk,socsci,gmu,8.2,161,79
14037,1,ba,4,msk,socsci,gmu,8,289,69
14038,2,ba,4,msk,socsci,gmu,8,231,58
14039,2,ba,4,msk,socsci,gmu,8,283,98
14040,1,ba,4,msk,socsci,gmu,8,80,40
14041,1,ba,4,msk,socsci,gmu,8,223,69
14042,1,ba,4,msk,socsci,gmu,8,127,50
14043,1,ba,4,msk,socsci,gmu,8,673,157
14044,2,ba,4,msk,socsci,gmu,8,322,64
14045,2,ba,4,msk,socsci,gmu,8,58,32
14046,1,ba,4,msk,socsci,gmu,7.8,247,152
14047,1,ba,4,msk,socsci,gmu,7.8,337,94
14048,1,ba,4,msk,socsci,gmu,7.8,671,295
14049,0,ba,4,msk,socsci,gmu,7.8,0,0
14050,1,ba,4,msk,socsci,gmu,7.5,104,54
14051,2,ba,4,msk,socsci,gmu,7.5,6,1
14052,2,ba,4,msk,socsci,gmu,7.5,127,73
14053,0,ba,4,msk,socsci,gmu,7.5,0,0
14054,2,ba,4,msk,socsci,gmu,7.5,251,80
14055,1,ba,4,msk,socsci,gmu,7.5,253,85
14056,0,ba,4,msk,socsci,gmu,7.5,0,0
14057,1,ba,4,msk,socsci,gmu,7.5,239,82
14058,2,ba,4,msk,socsci,gmu,7.5,382,74
14059,1,ba,4,msk,socsci,gmu,7.2,409,78
14060,1,ba,4,msk,socsci,gmu,7.2,165,66
14061,1,ba,4,msk,socsci,gmu,7.2,109,49
14062,1,ba,4,msk,socsci,gmu,7.2,457,175
14063,1,ba,4,msk,socsci,gmu,7.2,142,55
14064,1,ba,4,msk,socsci,gmu,7.2,950,234
14065,2,ba,4,msk,socsci,gmu,7.2,141,47
14066,0,ba,4,msk,socsci,gmu,7.2,0,0
14067,2,ba,4,msk,socsci,gmu,7.2,431,157
14068,0,ba,4,msk,socsci,gmu,7.2,0,0
14069,0,ba,4,msk,socsci,gmu,7,0,0
14070,1,ba,4,msk,socsci,gmu,7,320,63
14071,2,ba,4,msk,socsci,gmu,7,206,67
14072,1,ba,4,msk,socsci,gmu,7,129,47
14073,2,ba,4,msk,socsci,gmu,7,276,109
14074,2,ba,4,msk,socsci,gmu,7,102,51
14075,2,ba,4,msk,socsci,gmu,7,584,157
14076,1,ba,4,msk,socsci,gmu,7,173,48
14077,2,ba,4,msk,socsci,gmu,7,326,91
14078,2,ba,4,msk,socsci,gmu,7,203,96
14079,2,ba,4,msk,socsci,gmu,6.8,272,138
14080,1,ba,4,msk,socsci,gmu,6.8,296,77
14081,2,ba,4,msk,socsci,gmu,6.8,99,38
14082,1,ba,4,msk,socsci,gmu,6.8,183,49
14083,2,ba,4,msk,socsci,gmu,6.8,118,58
14084,1,ba,4,msk,socsci,gmu,6.8,5,1
14085,1,ba,4,msk,socsci,gmu,6.8,307,69
14086,1,ba,4,msk,socsci,gmu,6.8,766,192
14087,2,ba,4,msk,socsci,gmu,6.8,190,24
14088,1,ba,4,msk,socsci,gmu,6.8,0,0
14089,1,ba,4,msk,socsci,gmu,6.8,162,65
14090,1,ba,4,msk,socsci,gmu,6.8,0,0
14091,0,ba,4,msk,socsci,gmu,6.5,0,0
14092,1,ba,4,msk,socsci,gmu,6.5,222,70
14093,2,ba,4,msk,socsci,gmu,6.5,81,36
14094,2,ba,4,msk,socsci,gmu,6.5,281,59
14095,1,ba,4,msk,socsci,gmu,6.5,83,35
14096,0,ba,4,msk,socsci,gmu,6.5,0,0
14097,2,ba,4,msk,socsci,gmu,6.5,0,0
14098,1,ba,4,msk,socsci,gmu,6.2,619,155
14099,2,ba,4,msk,socsci,gmu,6.2,242,79
14100,0,ba,4,msk,socsci,gmu,6.2,0,0
14101,2,ba,4,msk,socsci,gmu,6.2,224,52
14102,1,ba,4,msk,socsci,gmu,6,511,168
14103,2,ba,4,msk,socsci,gmu,6,159,46
14104,1,ba,4,msk,socsci,gmu,6,426,71
14105,2,ba,4,msk,socsci,gmu,6,707,117
14106,2,ba,4,msk,socsci,gmu,6,171,49
14107,1,ba,4,msk,socsci,gmu,6,158,32
14108,2,ba,4,msk,socsci,gmu,6,411,44
14109,2,ba,4,msk,socsci,gmu,6,120,28
14110,2,ba,4,msk,socsci,gmu,6,159,43
14111,0,ba,4,msk,socsci,gmu,4.3,0,0
14112,2,ba,4,msk,socsci,gmu,5.8,202,71
14113,2,ba,4,msk,socsci,gmu,5.8,202,34
14114,1,ba,4,msk,socsci,gmu,5.8,357,53
14115,1,ba,4,msk,socsci,gmu,5.8,285,69
14116,1,ba,4,msk,socsci,gmu,5.8,0,0
14117,2,ba,4,msk,socsci,gmu,5.2,95,33
14118,2,ba,4,msk,socsci,gmu,5.5,1,0
14119,2,ba,4,msk,socsci,gmu,5.5,729,176
14120,0,ba,4,msk,socsci,gmu,5.5,0,0
14121,2,ba,4,msk,socsci,gmu,5.5,118,48
14122,2,ba,4,msk,socsci,gmu,5.2,161,60
14123,2,ba,4,msk,socsci,gmu,5.2,236,74
14124,2,ba,4,msk,socsci,gmu,5.2,278,58
14125,2,ba,4,msk,socsci,gmu,7,0,0
14126,2,ba,4,msk,humanities,hist,9.4,1294,518
14127,2,ba,4,msk,humanities,hist,9.1,235,94
14128,1,ba,4,msk,humanities,hist,9,195,50
14129,2,ba,4,msk,humanities,hist,8.8,210,115
14130,1,ba,4,msk,humanities,hist,8.6,274,124
14131,1,ba,4,msk,humanities,hist,8.4,120,67
14132,2,ba,4,msk,humanities,hist,8.5,545,156
14133,0,ba,4,msk,humanities,hist,8.3,0,0
14134,2,ba,4,msk,humanities,hist,8.3,189,118
14135,1,ba,4,msk,humanities,hist,8.2,774,185
14136,1,ba,4,msk,humanities,hist,8.2,123,54
14137,1,ba,4,msk,humanities,hist,8.2,70,30
14138,1,ba,4,msk,humanities,hist,8.1,85,20
14139,1,ba,4,msk,humanities,hist,8.1,824,59
14140,1,ba,4,msk,humanities,hist,8,113,34
14141,2,ba,4,msk,humanities,hist,8,127,49
14142,1,ba,4,msk,humanities,hist,7.9,100,35
14143,2,ba,4,msk,humanities,hist,7.8,189,56
14144,1,ba,4,msk,humanities,hist,7.8,143,47
14145,2,ba,4,msk,humanities,hist,7.7,168,71
14146,1,ba,4,msk,humanities,hist,7.8,223,65
14147,2,ba,4,msk,humanities,hist,7.6,135,67
14148,2,ba,4,msk,humanities,hist,7.6,292,57
14149,0,ba,4,msk,humanities,hist,7.5,0,0
14150,1,ba,4,msk,humanities,hist,7.4,155,53
14151,1,ba,4,msk,humanities,hist,7.4,91,31
14152,1,ba,4,msk,humanities,hist,7.4,440,127
14153,2,ba,4,msk,humanities,hist,7.5,167,69
14154,2,ba,4,msk,humanities,hist,7.4,293,93
14155,2,ba,4,msk,humanities,hist,7.4,0,0
14156,2,ba,4,msk,humanities,hist,7.3,109,30
14157,1,ba,4,msk,humanities,hist,7.4,234,48
14158,1,ba,4,msk,humanities,hist,7.2,184,91
14159,0,ba,4,msk,humanities,hist,7.1,0,0
14160,1,ba,4,msk,humanities,hist,6.8,73,9
14161,1,ba,4,msk,humanities,hist,7,382,145
14162,1,ba,4,msk,humanities,hist,6.9,376,79
14163,1,ba,4,msk,humanities,hist,6.6,8,3
14164,2,ba,4,msk,humanities,hist,6.7,235,109
14165,2,ba,4,msk,humanities,hist,6.4,409,94
14166,2,ba,4,msk,humanities,hist,6.4,167,46
14167,1,ba,4,msk,humanities,hist,6.5,685,171
14168,2,ba,4,msk,humanities,hist,6.3,384,68
14169,1,ba,4,msk,humanities,hist,5.8,272,59
14170,2,ba,4,msk,humanities,hist,5.8,137,40
14171,1,ba,4,msk,humanities,hist,5.3,216,28
14172,1,ba,4,msk,wordecon,ia,9.8,170,66
14173,2,ba,4,msk,wordecon,ia,9.5,699,194
14174,2,ba,4,msk,wordecon,ia,9.5,114,58
14175,1,ba,4,msk,wordecon,ia,9.3,299,93
14176,1,ba,4,msk,wordecon,ia,9.3,278,123
14177,2,ba,4,msk,wordecon,ia,9.3,205,92
14178,1,ba,4,msk,wordecon,ia,9.2,156,62
14179,1,ba,4,msk,wordecon,ia,9.3,279,104
14180,2,ba,4,msk,wordecon,ia,9.2,145,59
14181,2,ba,4,msk,wordecon,ia,9.2,282,139
14182,1,ba,4,msk,wordecon,ia,9,260,87
14183,1,ba,4,msk,wordecon,ia,9.2,430,154
14184,1,ba,4,msk,wordecon,ia,9,343,140
14185,1,ba,4,msk,wordecon,ia,8.8,198,117
14186,2,ba,4,msk,wordecon,ia,9,604,136
14187,2,ba,4,msk,wordecon,ia,8.8,1125,457
14188,1,ba,4,msk,wordecon,ia,8.8,431,148
14189,1,ba,4,msk,wordecon,ia,8.8,557,211
14190,2,ba,4,msk,wordecon,ia,8.8,349,67
14191,1,ba,4,msk,wordecon,ia,8.8,388,123
14192,1,ba,4,msk,wordecon,ia,8.7,157,46
14193,1,ba,4,msk,wordecon,ia,8.7,555,201
14194,1,ba,4,msk,wordecon,ia,8.7,283,96
14195,1,ba,4,msk,wordecon,ia,8.7,266,87
14196,2,ba,4,msk,wordecon,ia,8.5,251,124
14197,0,ba,4,msk,wordecon,ia,8.7,0,0
14198,1,ba,4,msk,wordecon,ia,8.5,192,45
14199,1,ba,4,msk,wordecon,ia,8.3,194,71
14200,1,ba,4,msk,wordecon,ia,8.3,609,186
14201,0,ba,4,msk,wordecon,ia,8.5,0,0
14202,0,ba,4,msk,wordecon,ia,8.5,0,0
14203,1,ba,4,msk,wordecon,ia,8.3,557,79
14204,1,ba,4,msk,wordecon,ia,8.3,457,137
14205,1,ba,4,msk,wordecon,ia,8.5,262,75
14206,0,ba,4,msk,wordecon,ia,8.3,0,0
14207,1,ba,4,msk,wordecon,ia,8.3,631,124
14208,1,ba,4,msk,wordecon,ia,8.2,99,56
14209,0,ba,4,msk,wordecon,ia,8.2,0,0
14210,2,ba,4,msk,wordecon,ia,8.2,573,185
14211,1,ba,4,msk,wordecon,ia,8,330,110
14212,2,ba,4,msk,wordecon,ia,8,310,126
14213,1,ba,4,msk,wordecon,ia,8,307,81
14214,1,ba,4,msk,wordecon,ia,8,133,90
14215,2,ba,4,msk,wordecon,ia,8,150,59
14216,2,ba,4,msk,wordecon,ia,8,191,37
14217,1,ba,4,msk,wordecon,ia,8,88,40
14218,2,ba,4,msk,wordecon,ia,8,160,65
14219,1,ba,4,msk,wordecon,ia,7.8,301,69
14220,1,ba,4,msk,wordecon,ia,8,0,0
14221,2,ba,4,msk,wordecon,ia,7.8,247,134
14222,1,ba,4,msk,wordecon,ia,7.7,568,150
14223,1,ba,4,msk,wordecon,ia,7.7,156,58
14224,1,ba,4,msk,wordecon,ia,7.5,240,66
14225,1,ba,4,msk,wordecon,ia,7.5,86,29
14226,1,ba,4,msk,wordecon,ia,7.3,185,71
14227,2,ba,4,msk,wordecon,ia,7.3,414,142
14228,1,ba,4,msk,wordecon,ia,7.3,812,284
14229,1,ba,4,msk,wordecon,ia,7.3,383,86
14230,1,ba,4,msk,wordecon,ia,7.2,473,165
14231,1,ba,4,msk,wordecon,ia,7.2,269,66
14232,2,ba,4,msk,wordecon,ia,7,99,34
14233,2,ba,4,msk,wordecon,ia,7.2,243,74
14234,2,ba,4,msk,wordecon,ia,7,540,129
14235,0,ba,4,msk,wordecon,ia,6.8,0,0
14236,1,ba,4,msk,wordecon,ia,6.7,275,70
14237,2,ba,4,msk,wordecon,ia,6.8,200,130
14238,2,ba,4,msk,wordecon,ia,6.7,127,47
14239,2,ba,4,msk,wordecon,ia,6.7,0,0
14240,1,ba,4,msk,wordecon,ia,6.8,211,85
14241,2,ba,4,msk,wordecon,ia,6.7,211,143
14242,2,ba,4,msk,wordecon,ia,6.7,152,59
14243,2,ba,4,msk,wordecon,ia,6.3,257,98
14244,1,ba,4,msk,wordecon,ia,6.3,105,36
14245,0,ba,4,msk,wordecon,ia,6.2,0,0
14246,2,ba,4,msk,wordecon,ia,6.2,0,0
14247,2,ba,4,msk,wordecon,ia,7.2,4467,79
14248,2,ba,4,msk,wordecon,ia,6,180,86
14249,2,ba,4,msk,wordecon,ia,5.7,232,128
14250,1,ba,4,msk,wordecon,ia,5.7,228,94
14251,2,ba,4,msk,wordecon,ia,4.5,319,77
14252,1,ba,4,msk,wordecon,ia,6.3,98,54
14253,1,ba,4,msk,wordecon,ia,0,230,78
14254,1,ba,4,msk,wordecon,ia,0,695,133
14255,2,ba,4,msk,miem,isct,9.7,329,97
14256,1,ba,4,msk,miem,isct,9,167,50
14257,0,ba,4,msk,miem,isct,9,0,0
14258,2,ba,4,msk,miem,isct,9,104,30
14259,0,ba,4,msk,miem,isct,8.8,0,0
14260,1,ba,4,msk,miem,isct,8.7,162,49
14261,2,ba,4,msk,miem,isct,8.7,104,48
14262,2,ba,4,msk,miem,isct,8.7,111,43
14263,1,ba,4,msk,miem,isct,8.2,170,47
14264,2,ba,4,msk,miem,isct,8.3,94,63
14265,1,ba,4,msk,miem,isct,8.2,171,57
14266,2,ba,4,msk,miem,isct,8.2,311,34
14267,2,ba,4,msk,miem,isct,8,67,27
14268,2,ba,4,msk,miem,isct,8,341,61
14269,0,ba,4,msk,miem,isct,8,0,0
14270,2,ba,4,msk,miem,isct,8,714,252
14271,1,ba,4,msk,miem,isct,8,214,45
14272,2,ba,4,msk,miem,isct,8,118,62
14273,1,ba,4,msk,miem,isct,7.8,99,30
14274,1,ba,4,msk,miem,isct,7.8,126,59
14275,2,ba,4,msk,miem,isct,7.8,124,41
14276,1,ba,4,msk,miem,isct,7.7,167,48
14277,2,ba,4,msk,miem,isct,7.5,183,39
14278,2,ba,4,msk,miem,isct,7.5,172,56
14279,1,ba,4,msk,miem,isct,7.7,343,128
14280,2,ba,4,msk,miem,isct,7.7,137,74
14281,2,ba,4,msk,miem,isct,7.5,132,62
14282,2,ba,4,msk,miem,isct,7.5,35,20
14283,2,ba,4,msk,miem,isct,7.7,409,112
14284,2,ba,4,msk,miem,isct,7.5,80,26
14285,1,ba,4,msk,miem,isct,7.3,256,55
14286,1,ba,4,msk,miem,isct,7.2,222,73
14287,2,ba,4,msk,miem,isct,7.3,81,47
14288,2,ba,4,msk,miem,isct,7,152,41
14289,1,ba,4,msk,miem,isct,7,127,57
14290,2,ba,4,msk,miem,isct,7,150,55
14291,2,ba,4,msk,miem,isct,7,97,30
14292,2,ba,4,msk,miem,isct,7,578,48
14293,2,ba,4,msk,miem,isct,7,108,25
14294,2,ba,4,msk,miem,isct,7,18,11
14295,2,ba,4,msk,miem,isct,7,136,61
14296,1,ba,4,msk,miem,isct,7,133,33
14297,2,ba,4,msk,miem,isct,6.8,129,63
14298,0,ba,4,msk,miem,isct,7,0,0
14299,1,ba,4,msk,miem,isct,6.8,161,89
14300,2,ba,4,msk,miem,isct,6.8,139,40
14301,2,ba,4,msk,miem,isct,6.8,119,22
14302,2,ba,4,msk,miem,isct,6.8,46,27
14303,2,ba,4,msk,miem,isct,6.8,47,21
14304,1,ba,4,msk,miem,isct,6.8,227,41
14305,2,ba,4,msk,miem,isct,6.5,203,30
14306,2,ba,4,msk,miem,isct,6.7,188,56
14307,2,ba,4,msk,miem,isct,6.8,74,21
14308,2,ba,4,msk,miem,isct,6.5,172,28
14309,2,ba,4,msk,miem,isct,6.5,19,8
14310,2,ba,4,msk,miem,isct,6.3,137,37
14311,2,ba,4,msk,miem,isct,6.5,131,35
14312,2,ba,4,msk,miem,isct,6.2,120,34
14313,1,ba,4,msk,miem,isct,6.5,158,50
14314,2,ba,4,msk,miem,isct,6,254,56
14315,2,ba,4,msk,miem,isct,6.2,234,31
14316,2,ba,4,msk,miem,isct,6.2,88,19
14317,2,ba,4,msk,miem,isct,6,158,48
14318,2,ba,4,msk,miem,isct,6,95,40
14319,2,ba,4,msk,miem,isct,6,73,43
14320,2,ba,4,msk,miem,isct,6,206,41
14321,2,ba,4,msk,miem,isct,5.8,116,31
14322,2,ba,4,msk,miem,isct,6,56,25
14323,2,ba,4,msk,miem,isct,5.8,75,37
14324,2,ba,4,msk,miem,isct,5.7,88,25
14325,2,ba,4,msk,miem,isct,5.7,254,64
14326,2,ba,4,msk,miem,isct,5.7,156,40
14327,2,ba,4,msk,miem,isct,5.2,45,30
14328,2,ba,4,msk,miem,isct,5.2,46,19
14329,2,ba,4,msk,miem,isct,5,1323,211
14330,2,ba,4,msk,miem,isct,5,221,55
14331,2,ba,4,msk,miem,isct,5.2,96,37
14332,2,ba,4,msk,miem,isct,5,97,22
14333,2,ba,4,msk,miem,isct,5,178,22
14334,2,ba,4,msk,miem,isct,4.8,120,40
14335,2,ba,4,msk,miem,isct,5,156,10
14336,2,ba,4,msk,miem,isct,4.5,127,17
14337,2,ba,4,msk,miem,isct,4.5,348,36
14338,2,ba,4,msk,miem,isct,4.5,0,0
14339,2,ba,4,msk,miem,it,9.9,77,18
14340,2,ba,4,msk,miem,it,8.6,73,20
14341,2,ba,4,msk,miem,it,8.7,96,15
14342,1,ba,4,msk,miem,it,8.4,67,12
14343,1,ba,4,msk,miem,it,8,272,78
14344,1,ba,4,msk,miem,it,7.6,112,13
14345,2,ba,4,msk,miem,it,7.6,40,8
14346,2,ba,4,msk,miem,it,7.6,250,120
14347,0,ba,4,msk,miem,it,7,0,0
14348,2,ba,4,msk,miem,it,7.1,529,167
14349,2,ba,4,msk,miem,it,6.9,359,82
14350,2,ba,4,msk,miem,it,7,63,22
14351,2,ba,4,msk,miem,it,7,369,152
14352,1,ba,4,msk,miem,it,7.1,169,80
14353,1,ba,4,msk,miem,it,6.9,460,58
14354,1,ba,4,msk,mediades,journ,10,170,47
14355,1,ba,4,msk,mediades,journ,10,1433,46
14356,0,ba,4,msk,mediades,journ,9.8,0,0
14357,0,ba,4,msk,mediades,journ,9.8,0,0
14358,1,ba,4,msk,mediades,journ,9.8,155,58
14359,1,ba,4,msk,mediades,journ,9.5,226,62
14360,0,ba,4,msk,mediades,journ,9,0,0
14361,1,ba,4,msk,mediades,journ,9.8,461,114
14362,1,ba,4,msk,mediades,journ,9.8,294,81
14363,1,ba,4,msk,mediades,journ,9.8,409,74
14364,1,ba,4,msk,mediades,journ,9.8,111,50
14365,1,ba,4,msk,mediades,journ,9.8,223,61
14366,1,ba,4,msk,mediades,journ,9.8,497,93
14367,1,ba,4,msk,mediades,journ,9.5,211,84
14368,2,ba,4,msk,mediades,journ,9.5,272,72
14369,1,ba,4,msk,mediades,journ,9.2,269,72
14370,1,ba,4,msk,mediades,journ,9.5,329,72
14371,2,ba,4,msk,mediades,journ,9.5,310,67
14372,1,ba,4,msk,mediades,journ,9.5,199,62
14373,0,ba,4,msk,mediades,journ,9.5,0,0
14374,1,ba,4,msk,mediades,journ,9.5,0,0
14375,1,ba,4,msk,mediades,journ,9.5,357,80
14376,1,ba,4,msk,mediades,journ,9.5,124,56
14377,1,ba,4,msk,mediades,journ,9.2,326,63
14378,0,ba,4,msk,mediades,journ,8.8,0,0
14379,1,ba,4,msk,mediades,journ,9.5,506,141
14380,2,ba,4,msk,mediades,journ,9,0,0
14381,1,ba,4,msk,mediades,journ,9.2,174,69
14382,1,ba,4,msk,mediades,journ,9,258,50
14383,1,ba,4,msk,mediades,journ,9.2,335,45
14384,1,ba,4,msk,mediades,journ,9.2,267,65
14385,1,ba,4,msk,mediades,journ,9.2,371,114
14386,1,ba,4,msk,mediades,journ,9,194,44
14387,1,ba,4,msk,mediades,journ,8.8,532,119
14388,1,ba,4,msk,mediades,journ,9.2,1683,196
14389,1,ba,4,msk,mediades,journ,9,687,195
14390,1,ba,4,msk,mediades,journ,9,621,7
14391,1,ba,4,msk,mediades,journ,8.8,328,68
14392,0,ba,4,msk,mediades,journ,8.5,0,0
14393,1,ba,4,msk,mediades,journ,8.5,124,35
14394,1,ba,4,msk,mediades,journ,8.5,167,36
14395,1,ba,4,msk,mediades,journ,7.8,759,13
14396,2,ba,4,msk,mediades,journ,8.8,443,119
14397,1,ba,4,msk,mediades,journ,8.5,288,39
14398,1,ba,4,msk,mediades,journ,8.5,314,75
14399,1,ba,4,msk,mediades,journ,8.5,331,105
14400,1,ba,4,msk,mediades,journ,9,315,95
14401,1,ba,4,msk,mediades,journ,8.8,422,55
14402,1,ba,4,msk,mediades,journ,8.8,358,71
14403,1,ba,4,msk,mediades,journ,8,245,68
14404,1,ba,4,msk,mediades,journ,8.8,416,108
14405,0,ba,4,msk,mediades,journ,8.8,0,0
14406,2,ba,4,msk,mediades,journ,8.8,550,204
14407,0,ba,4,msk,mediades,journ,8.8,0,0
14408,1,ba,4,msk,mediades,journ,8.8,553,183
14409,2,ba,4,msk,mediades,journ,8.5,468,124
14410,1,ba,4,msk,mediades,journ,8.8,402,126
14411,1,ba,4,msk,mediades,journ,8.5,94,33
14412,1,ba,4,msk,mediades,journ,8.8,481,74
14413,2,ba,4,msk,mediades,journ,8,650,25
14414,1,ba,4,msk,mediades,journ,8,1636,179
14415,1,ba,4,msk,mediades,journ,8.2,295,113
14416,1,ba,4,msk,mediades,journ,8,331,39
14417,1,ba,4,msk,mediades,journ,7.5,521,99
14418,2,ba,4,msk,mediades,journ,8.5,853,273
14419,1,ba,4,msk,mediades,journ,8.2,201,41
14420,1,ba,4,msk,mediades,journ,8.2,889,234
14421,2,ba,4,msk,mediades,journ,8,828,92
14422,2,ba,4,msk,mediades,journ,7.8,211,54
14423,1,ba,4,msk,mediades,journ,8.5,169,83
14424,1,ba,4,msk,mediades,journ,7.8,299,50
14425,2,ba,4,msk,mediades,journ,8.2,448,110
14426,0,ba,4,msk,mediades,journ,8,0,0
14427,1,ba,4,msk,mediades,journ,7.8,266,109
14428,1,ba,4,msk,mediades,journ,7.8,372,54
14429,0,ba,4,msk,mediades,journ,8.2,0,0
14430,1,ba,4,msk,mediades,journ,8.2,552,146
14431,0,ba,4,msk,mediades,journ,7.8,0,0
14432,1,ba,4,msk,mediades,journ,8.2,706,157
14433,1,ba,4,msk,mediades,journ,8.2,417,136
14434,0,ba,4,msk,mediades,journ,8,0,0
14435,2,ba,4,msk,mediades,journ,7.2,596,130
14436,1,ba,4,msk,mediades,journ,7.4,316,85
14437,1,ba,4,msk,mediades,journ,8,287,70
14438,1,ba,4,msk,mediades,journ,7.8,217,79
14439,1,ba,4,msk,mediades,journ,7.2,247,86
14440,1,ba,4,msk,mediades,journ,8,962,245
14441,1,ba,4,msk,mediades,journ,7.8,857,294
14442,2,ba,4,msk,mediades,journ,7.8,557,113
14443,2,ba,4,msk,mediades,journ,7.8,275,123
14444,1,ba,4,msk,mediades,journ,7.8,667,264
14445,1,ba,4,msk,mediades,journ,7.5,633,243
14446,1,ba,4,msk,mediades,journ,7.5,325,81
14447,1,ba,4,msk,mediades,journ,7.5,767,106
14448,1,ba,4,msk,mediades,journ,7.5,212,51
14449,1,ba,4,msk,mediades,journ,7.2,376,52
14450,1,ba,4,msk,mediades,journ,7.2,504,46
14451,1,ba,4,msk,mediades,journ,7,342,103
14452,1,ba,4,msk,mediades,journ,6.8,1166,100
14453,1,ba,4,msk,mediades,journ,7.5,470,97
14454,1,ba,4,msk,mediades,journ,7.5,316,53
14455,2,ba,4,msk,mediades,journ,7.2,447,110
14456,2,ba,4,msk,mediades,journ,7,109,44
14457,1,ba,4,msk,mediades,journ,7,371,75
14458,1,ba,4,msk,mediades,journ,7,0,0
14459,2,ba,4,msk,mediades,journ,7.2,624,297
14460,1,ba,4,msk,mediades,journ,6.8,685,81
14461,2,ba,4,msk,mediades,journ,6.4,690,84
14462,1,ba,4,msk,mediades,journ,7,598,86
14463,1,ba,4,msk,mediades,journ,6.5,248,78
14464,2,ba,4,msk,mediades,journ,6.2,0,0
14465,2,ba,4,msk,law,law,10,268,62
14466,1,ba,4,msk,law,law,9.8,269,147
14467,2,ba,4,msk,law,law,9.8,158,79
14468,1,ba,4,msk,law,law,9.8,367,113
14469,1,ba,4,msk,law,law,9.8,583,174
14470,1,ba,4,msk,law,law,9.8,169,78
14471,2,ba,4,msk,law,law,9.8,568,177
14472,2,ba,4,msk,law,law,9.8,166,53
14473,1,ba,4,msk,law,law,9.6,266,80
14474,2,ba,4,msk,law,law,9.5,553,231
14475,2,ba,4,msk,law,law,9.6,254,138
14476,1,ba,4,msk,law,law,9.4,202,84
14477,2,ba,4,msk,law,law,9.3,81,35
14478,1,ba,4,msk,law,law,9,324,138
14479,0,ba,4,msk,law,law,9.5,0,0
14480,1,ba,4,msk,law,law,9.4,366,154
14481,2,ba,4,msk,law,law,9.2,158,72
14482,1,ba,4,msk,law,law,9.4,243,73
14483,2,ba,4,msk,law,law,9.4,453,154
14484,0,ba,4,msk,law,law,9.4,0,0
14485,2,ba,4,msk,law,law,9,132,73
14486,1,ba,4,msk,law,law,9.4,247,111
14487,1,ba,4,msk,law,law,9.4,208,61
14488,1,ba,4,msk,law,law,9.4,472,129
14489,2,ba,4,msk,law,law,9.4,563,190
14490,1,ba,4,msk,law,law,9,152,45
14491,1,ba,4,msk,law,law,9.4,66,49
14492,1,ba,4,msk,law,law,9.2,323,70
14493,2,ba,4,msk,law,law,9.2,163,47
14494,2,ba,4,msk,law,law,9.2,95,61
14495,2,ba,4,msk,law,law,9.2,358,127
14496,1,ba,4,msk,law,law,9.3,0,0
14497,1,ba,4,msk,law,law,9.2,392,75
14498,1,ba,4,msk,law,law,9.2,2,2
14499,1,ba,4,msk,law,law,9.2,456,187
14500,1,ba,4,msk,law,law,9.2,318,97
14501,1,ba,4,msk,law,law,9.2,271,90
14502,1,ba,4,msk,law,law,9.2,320,136
14503,0,ba,4,msk,law,law,9.2,0,0
14504,1,ba,4,msk,law,law,8.8,188,68
14505,2,ba,4,msk,law,law,9.2,171,72
14506,1,ba,4,msk,law,law,9.2,247,53
14507,1,ba,4,msk,law,law,9,163,58
14508,1,ba,4,msk,law,law,9.2,400,129
14509,1,ba,4,msk,law,law,9.2,309,75
14510,1,ba,4,msk,law,law,8.7,549,120
14511,1,ba,4,msk,law,law,8.6,298,120
14512,2,ba,4,msk,law,law,8.9,106,41
14513,1,ba,4,msk,law,law,8.8,296,96
14514,2,ba,4,msk,law,law,8.7,161,61
14515,1,ba,4,msk,law,law,9,102,47
14516,1,ba,4,msk,law,law,9,112,41
14517,2,ba,4,msk,law,law,9,324,165
14518,1,ba,4,msk,law,law,9,177,65
14519,1,ba,4,msk,law,law,9,489,120
14520,1,ba,4,msk,law,law,8.8,236,136
14521,0,ba,4,msk,law,law,8.8,0,0
14522,1,ba,4,msk,law,law,8.8,463,119
14523,1,ba,4,msk,law,law,8.5,225,115
14524,1,ba,4,msk,law,law,8.8,352,72
14525,1,ba,4,msk,law,law,8.8,205,67
14526,2,ba,4,msk,law,law,8.5,241,118
14527,1,ba,4,msk,law,law,8.8,73,39
14528,1,ba,4,msk,law,law,8.8,164,56
14529,1,ba,4,msk,law,law,8.8,646,114
14530,1,ba,4,msk,law,law,8.7,203,59
14531,2,ba,4,msk,law,law,8.6,218,91
14532,2,ba,4,msk,law,law,8.8,382,198
14533,2,ba,4,msk,law,law,8.8,239,133
14534,1,ba,4,msk,law,law,8.6,0,0
14535,1,ba,4,msk,law,law,8.3,353,127
14536,1,ba,4,msk,law,law,8.6,209,77
14537,2,ba,4,msk,law,law,8.6,275,96
14538,2,ba,4,msk,law,law,8.6,352,147
14539,2,ba,4,msk,law,law,8.6,222,89
14540,1,ba,4,msk,law,law,8.6,257,67
14541,0,ba,4,msk,law,law,8.5,0,0
14542,1,ba,4,msk,law,law,8.2,107,65
14543,1,ba,4,msk,law,law,8.3,147,45
14544,2,ba,4,msk,law,law,8.5,438,150
14545,2,ba,4,msk,law,law,8.6,203,78
14546,2,ba,4,msk,law,law,8.6,102,45
14547,2,ba,4,msk,law,law,8.4,125,71
14548,0,ba,4,msk,law,law,8.5,0,0
14549,1,ba,4,msk,law,law,8.5,176,45
14550,1,ba,4,msk,law,law,8.6,533,74
14551,1,ba,4,msk,law,law,8.4,239,118
14552,2,ba,4,msk,law,law,8.4,273,128
14553,1,ba,4,msk,law,law,8.2,557,112
14554,1,ba,4,msk,law,law,8.4,380,114
14555,1,ba,4,msk,law,law,8.4,192,60
14556,2,ba,4,msk,law,law,8.6,268,73
14557,1,ba,4,msk,law,law,8.6,291,126
14558,1,ba,4,msk,law,law,8,0,0
14559,1,ba,4,msk,law,law,8.4,145,56
14560,1,ba,4,msk,law,law,8,67,43
14561,2,ba,4,msk,law,law,8.2,916,472
14562,1,ba,4,msk,law,law,7.8,362,153
14563,1,ba,4,msk,law,law,8.5,187,64
14564,1,ba,4,msk,law,law,8.2,82,25
14565,2,ba,4,msk,law,law,8.2,139,47
14566,1,ba,4,msk,law,law,8.2,380,107
14567,1,ba,4,msk,law,law,8.4,0,0
14568,1,ba,4,msk,law,law,8.2,742,153
14569,2,ba,4,msk,law,law,7.8,532,259
14570,1,ba,4,msk,law,law,8.2,180,82
14571,1,ba,4,msk,law,law,8.2,0,0
14572,1,ba,4,msk,law,law,8,202,49
14573,2,ba,4,msk,law,law,8,600,200
14574,1,ba,4,msk,law,law,7.8,117,32
14575,2,ba,4,msk,law,law,8.2,155,88
14576,0,ba,4,msk,law,law,8.2,0,0
14577,1,ba,4,msk,law,law,8.2,333,109
14578,1,ba,4,msk,law,law,8,548,113
14579,1,ba,4,msk,law,law,8,188,77
14580,1,ba,4,msk,law,law,8,190,95
14581,1,ba,4,msk,law,law,8.2,496,170
14582,1,ba,4,msk,law,law,7.8,220,79
14583,1,ba,4,msk,law,law,7.8,456,174
14584,1,ba,4,msk,law,law,8,261,58
14585,2,ba,4,msk,law,law,8.2,361,157
14586,1,ba,4,msk,law,law,7.8,394,91
14587,1,ba,4,msk,law,law,7.8,214,70
14588,1,ba,4,msk,law,law,8.2,761,346
14589,1,ba,4,msk,law,law,7.7,106,1
14590,1,ba,4,msk,law,law,7.8,322,70
14591,2,ba,4,msk,law,law,7.8,687,269
14592,2,ba,4,msk,law,law,8,231,127
14593,1,ba,4,msk,law,law,8,393,178
14594,1,ba,4,msk,law,law,8,94,54
14595,2,ba,4,msk,law,law,7.8,117,40
14596,1,ba,4,msk,law,law,7.6,359,126
14597,1,ba,4,msk,law,law,7.8,551,104
14598,0,ba,4,msk,law,law,7.8,0,0
14599,2,ba,4,msk,law,law,7.8,137,86
14600,1,ba,4,msk,law,law,7.4,175,65
14601,1,ba,4,msk,law,law,7.8,161,74
14602,1,ba,4,msk,law,law,7.5,289,90
14603,1,ba,4,msk,law,law,7.8,136,51
14604,1,ba,4,msk,law,law,7.6,277,164
14605,2,ba,4,msk,law,law,7.3,71,42
14606,0,ba,4,msk,law,law,7.4,0,0
14607,1,ba,4,msk,law,law,7.3,329,146
14608,2,ba,4,msk,law,law,7.8,505,66
14609,2,ba,4,msk,law,law,7.3,138,60
14610,2,ba,4,msk,law,law,7.6,382,204
14611,1,ba,4,msk,law,law,7.6,303,104
14612,2,ba,4,msk,law,law,7.7,200,87
14613,0,ba,4,msk,law,law,7.3,0,0
14614,2,ba,4,msk,law,law,7.1,270,101
14615,1,ba,4,msk,law,law,6.8,144,18
14616,1,ba,4,msk,law,law,7.5,226,113
14617,0,ba,4,msk,law,law,7.4,0,0
14618,2,ba,4,msk,law,law,7.2,270,76
14619,1,ba,4,msk,law,law,7.2,523,88
14620,1,ba,4,msk,law,law,7.4,96,41
14621,2,ba,4,msk,law,law,7.4,578,134
14622,2,ba,4,msk,law,law,7.2,358,118
14623,2,ba,4,msk,law,law,7.4,62,41
14624,1,ba,4,msk,law,law,7.6,249,73
14625,1,ba,4,msk,law,law,7.2,253,78
14626,1,ba,4,msk,law,law,7.4,124,73
14627,2,ba,4,msk,law,law,7.7,0,0
14628,1,ba,4,msk,law,law,7.2,358,97
14629,2,ba,4,msk,law,law,7.3,206,54
14630,2,ba,4,msk,law,law,7.2,168,80
14631,1,ba,4,msk,law,law,7.4,165,68
14632,1,ba,4,msk,law,law,7.2,473,61
14633,2,ba,4,msk,law,law,7,209,48
14634,2,ba,4,msk,law,law,7,376,82
14635,2,ba,4,msk,law,law,7.5,382,157
14636,1,ba,4,msk,law,law,6.8,297,121
14637,2,ba,4,msk,law,law,7.2,476,143
14638,1,ba,4,msk,law,law,6.8,206,65
14639,1,ba,4,msk,law,law,6.9,188,101
14640,1,ba,4,msk,law,law,6.8,330,92
14641,2,ba,4,msk,law,law,6.8,155,63
14642,1,ba,4,msk,law,law,6.8,102,39
14643,2,ba,4,msk,law,law,6.7,0,0
14644,1,ba,4,msk,law,law,6.9,213,9
14645,2,ba,4,msk,law,law,7,566,140
14646,2,ba,4,msk,law,law,6.8,570,213
14647,1,ba,4,msk,law,law,6.8,334,95
14648,1,ba,4,msk,law,law,6.8,562,122
14649,2,ba,4,msk,law,law,6.6,148,62
14650,2,ba,4,msk,law,law,6.6,248,117
14651,1,ba,4,msk,law,law,6.5,421,151
14652,2,ba,4,msk,law,law,6.3,182,54
14653,2,ba,4,msk,law,law,6.8,297,64
14654,1,ba,4,msk,law,law,6.8,214,81
14655,2,ba,4,msk,law,law,6,93,23
14656,0,ba,4,msk,law,law,6.6,0,0
14657,2,ba,4,msk,law,law,6.8,253,110
14658,2,ba,4,msk,law,law,6.4,207,78
14659,2,ba,4,msk,law,law,6.3,251,69
14660,2,ba,4,msk,law,law,6.4,221,105
14661,0,ba,4,msk,law,law,6.4,0,0
14662,2,ba,4,msk,law,law,6.2,799,297
14663,2,ba,4,msk,law,law,6,106,31
14664,2,ba,4,msk,law,law,6.4,191,110
14665,1,ba,4,msk,law,law,8.3,351,133
14666,2,ba,4,msk,law,law,6.8,118,62
14667,2,ba,4,msk,law,law,6,1641,705
14668,2,ba,4,msk,law,law,6.2,175,84
14669,0,ba,4,msk,law,law,6.3,0,0
14670,1,ba,4,msk,law,law,6.4,460,145
14671,2,ba,4,msk,law,law,6.1,124,22
14672,2,ba,4,msk,law,law,6,347,150
14673,2,ba,4,msk,law,law,5.9,302,108
14674,2,ba,4,msk,law,law,5.5,214,87
14675,1,ba,4,msk,law,law,5.7,331,125
14676,1,ba,4,msk,law,law,5,266,7
14677,0,ba,4,msk,law,law,5,0,0
14678,2,ba,4,msk,law,law,5,240,22
14679,1,ba,4,msk,law,law,6.2,120,34
14680,2,ba,4,msk,law,law,5.5,679,102
14681,2,ba,4,msk,law,law,5.5,103,49
14682,2,ba,4,msk,law,law,6,267,65
14683,2,ba,4,msk,law,law,6.2,187,78
14684,0,ba,4,msk,law,law,5.6,0,0
14685,2,ba,4,msk,law,law,5.8,229,142
14686,2,ba,4,msk,law,law,5.6,468,210
14687,1,ba,4,msk,law,law,5.3,216,60
14688,1,ba,4,msk,law,law,5.8,139,74
14689,1,ba,4,msk,law,law,5.3,72,23
14690,1,ba,4,msk,law,law,5.5,157,59
14691,2,ba,4,msk,law,law,5.3,314,71
14692,2,ba,4,msk,law,law,5.5,182,58
14693,2,ba,4,msk,law,law,5.3,199,80
14694,2,ba,4,msk,law,law,5.2,0,0
14695,1,ba,4,msk,law,law,5.2,337,90
14696,2,ba,4,msk,law,law,5.2,55,28
14697,2,ba,4,msk,law,law,5.4,57,25
14698,2,ba,4,msk,law,law,7.5,255,32
14699,2,ba,4,msk,law,law,6,187,45
14700,0,ba,4,msk,law,law,0,0,0
14701,2,ba,4,msk,law,law,0,317,22
14702,2,ba,4,msk,law,law,0,173,2
14703,0,ba,4,msk,law,law,0,0,0
14704,1,ba,4,msk,law,law,0,67,19
14705,0,ba,4,msk,bisandman,logistics,8.7,0,0
14706,1,ba,4,msk,bisandman,logistics,8.7,730,186
14707,1,ba,4,msk,bisandman,logistics,8.3,740,218
14708,1,ba,4,msk,bisandman,logistics,8.1,136,45
14709,2,ba,4,msk,bisandman,logistics,8.2,126,75
14710,1,ba,4,msk,bisandman,logistics,7.8,167,57
14711,1,ba,4,msk,bisandman,logistics,7.9,250,118
14712,1,ba,4,msk,bisandman,logistics,7.9,200,69
14713,1,ba,4,msk,bisandman,logistics,7.7,203,35
14714,1,ba,4,msk,bisandman,logistics,7.7,279,71
14715,1,ba,4,msk,bisandman,logistics,7.7,320,78
14716,1,ba,4,msk,bisandman,logistics,7.6,148,82
14717,1,ba,4,msk,bisandman,logistics,7.7,312,63
14718,0,ba,4,msk,bisandman,logistics,7.6,0,0
14719,2,ba,4,msk,bisandman,logistics,7.3,183,84
14720,2,ba,4,msk,bisandman,logistics,7.4,181,66
14721,1,ba,4,msk,bisandman,logistics,7.5,93,32
14722,1,ba,4,msk,bisandman,logistics,7.4,113,39
14723,1,ba,4,msk,bisandman,logistics,7.3,314,90
14724,1,ba,4,msk,bisandman,logistics,7.4,160,48
14725,2,ba,4,msk,bisandman,logistics,7.4,149,46
14726,1,ba,4,msk,bisandman,logistics,7.3,209,81
14727,0,ba,4,msk,bisandman,logistics,7.3,0,0
14728,1,ba,4,msk,bisandman,logistics,7.1,122,74
14729,2,ba,4,msk,bisandman,logistics,7.1,117,43
14730,2,ba,4,msk,bisandman,logistics,7.1,210,61
14731,1,ba,4,msk,bisandman,logistics,6.9,601,175
14732,2,ba,4,msk,bisandman,logistics,7,375,146
14733,1,ba,4,msk,bisandman,logistics,7,112,36
14734,1,ba,4,msk,bisandman,logistics,6.9,159,52
14735,2,ba,4,msk,bisandman,logistics,6.9,335,131
14736,1,ba,4,msk,bisandman,logistics,6.7,5000,0
14737,2,ba,4,msk,bisandman,logistics,6.7,309,121
14738,1,ba,4,msk,bisandman,logistics,6.7,432,74
14739,1,ba,4,msk,bisandman,logistics,6.6,169,54
14740,1,ba,4,msk,bisandman,logistics,6.7,162,79
14741,1,ba,4,msk,bisandman,logistics,6.7,52,28
14742,2,ba,4,msk,bisandman,logistics,6.6,508,165
14743,1,ba,4,msk,bisandman,logistics,6.5,138,35
14744,1,ba,4,msk,bisandman,logistics,6.5,311,90
14745,2,ba,4,msk,bisandman,logistics,6.7,106,71
14746,2,ba,4,msk,bisandman,logistics,6.6,267,98
14747,1,ba,4,msk,bisandman,logistics,6.6,155,59
14748,2,ba,4,msk,bisandman,logistics,6.5,228,75
14749,0,ba,4,msk,bisandman,logistics,6.5,0,0
14750,1,ba,4,msk,bisandman,logistics,6.4,186,83
14751,1,ba,4,msk,bisandman,logistics,6.4,198,67
14752,2,ba,4,msk,bisandman,logistics,6.4,254,106
14753,2,ba,4,msk,bisandman,logistics,6.6,273,100
14754,1,ba,4,msk,bisandman,logistics,6.3,297,82
14755,1,ba,4,msk,bisandman,logistics,6.3,236,66
14756,2,ba,4,msk,bisandman,logistics,6.4,262,69
14757,2,ba,4,msk,bisandman,logistics,6.4,278,105
14758,2,ba,4,msk,bisandman,logistics,6.1,694,246
14759,2,ba,4,msk,bisandman,logistics,6.1,179,77
14760,2,ba,4,msk,bisandman,logistics,6.1,160,68
14761,1,ba,4,msk,bisandman,logistics,6.1,49,29
14762,1,ba,4,msk,bisandman,logistics,6,298,71
14763,2,ba,4,msk,bisandman,logistics,6.1,379,67
14764,1,ba,4,msk,bisandman,logistics,6.1,435,148
14765,1,ba,4,msk,bisandman,logistics,6.2,111,61
14766,2,ba,4,msk,bisandman,logistics,6,276,71
14767,1,ba,4,msk,bisandman,logistics,6,670,231
14768,2,ba,4,msk,bisandman,logistics,6.3,218,64
14769,1,ba,4,msk,bisandman,logistics,6,307,111
14770,1,ba,4,msk,bisandman,logistics,6,269,78
14771,1,ba,4,msk,bisandman,logistics,5.9,450,161
14772,1,ba,4,msk,bisandman,logistics,5.7,111,35
14773,1,ba,4,msk,bisandman,logistics,5.7,100,57
14774,1,ba,4,msk,bisandman,logistics,5.7,442,192
14775,1,ba,4,msk,bisandman,logistics,5.5,271,67
14776,1,ba,4,msk,bisandman,logistics,5.6,1047,133
14777,2,ba,4,msk,bisandman,logistics,5.4,312,93
14778,2,ba,4,msk,bisandman,logistics,5.3,172,56
14779,2,ba,4,msk,bisandman,logistics,5.4,184,72
14780,0,ba,4,msk,bisandman,logistics,5.2,0,0
14781,2,ba,4,msk,bisandman,logistics,5,471,71
14782,2,ba,4,msk,bisandman,logistics,5,210,47
14783,2,ba,4,msk,bisandman,logistics,4.6,348,48
14784,0,ba,4,msk,bisandman,logistics,4.5,0,0
14785,2,ba,4,msk,bisandman,logistics,4.3,268,111
14786,2,ba,4,msk,bisandman,logistics,3.8,263,48
14787,1,ba,4,msk,bisandman,logistics,3.7,282,68
14788,2,ba,4,msk,bisandman,logistics,3.8,82,19
14789,2,ba,4,msk,bisandman,logistics,0,721,278
14790,1,ba,4,msk,bisandman,logistics,0,220,72
14791,2,ba,4,msk,bisandman,logistics,0,304,107
14792,1,ba,4,msk,bisandman,management,9.2,143,56
14793,1,ba,4,msk,bisandman,management,9,321,75
14794,2,ba,4,msk,bisandman,management,9,691,383
14795,1,ba,4,msk,bisandman,management,8.8,388,121
14796,1,ba,4,msk,bisandman,management,8.8,314,120
14797,1,ba,4,msk,bisandman,management,8.8,320,129
14798,1,ba,4,msk,bisandman,management,8.8,218,62
14799,1,ba,4,msk,bisandman,management,8.8,452,170
14800,1,ba,4,msk,bisandman,management,8.6,281,121
14801,2,ba,4,msk,bisandman,management,8.8,460,193
14802,1,ba,4,msk,bisandman,management,8.8,215,72
14803,2,ba,4,msk,bisandman,management,8.5,257,98
14804,1,ba,4,msk,bisandman,management,8.5,88,41
14805,2,ba,4,msk,bisandman,management,8.5,360,114
14806,1,ba,4,msk,bisandman,management,8.5,214,72
14807,1,ba,4,msk,bisandman,management,8.4,317,75
14808,1,ba,4,msk,bisandman,management,8.4,252,97
14809,1,ba,4,msk,bisandman,management,8.4,153,85
14810,1,ba,4,msk,bisandman,management,8.4,145,65
14811,1,ba,4,msk,bisandman,management,8.4,249,83
14812,1,ba,4,msk,bisandman,management,8.4,274,113
14813,2,ba,4,msk,bisandman,management,8.4,411,190
14814,2,ba,4,msk,bisandman,management,8.2,102,63
14815,1,ba,4,msk,bisandman,management,8.2,83,38
14816,1,ba,4,msk,bisandman,management,8.2,185,37
14817,0,ba,4,msk,bisandman,management,8.2,0,0
14818,1,ba,4,msk,bisandman,management,8.2,262,76
14819,2,ba,4,msk,bisandman,management,8.2,42,24
14820,2,ba,4,msk,bisandman,management,8.2,235,81
14821,2,ba,4,msk,bisandman,management,8.2,426,112
14822,1,ba,4,msk,bisandman,management,8.2,745,184
14823,2,ba,4,msk,bisandman,management,8.2,137,69
14824,1,ba,4,msk,bisandman,management,8.2,223,90
14825,2,ba,4,msk,bisandman,management,8.2,110,54
14826,1,ba,4,msk,bisandman,management,8.1,255,93
14827,1,ba,4,msk,bisandman,management,8,392,44
14828,1,ba,4,msk,bisandman,management,8,296,87
14829,1,ba,4,msk,bisandman,management,8,142,45
14830,2,ba,4,msk,bisandman,management,8,221,62
14831,2,ba,4,msk,bisandman,management,8,161,38
14832,1,ba,4,msk,bisandman,management,8,691,187
14833,2,ba,4,msk,bisandman,management,8,460,100
14834,1,ba,4,msk,bisandman,management,8,160,60
14835,2,ba,4,msk,bisandman,management,8,329,137
14836,2,ba,4,msk,bisandman,management,8,800,354
14837,2,ba,4,msk,bisandman,management,8,139,60
14838,1,ba,4,msk,bisandman,management,7.8,246,57
14839,1,ba,4,msk,bisandman,management,7.8,496,75
14840,0,ba,4,msk,bisandman,management,7.8,0,0
14841,2,ba,4,msk,bisandman,management,7.8,178,98
14842,1,ba,4,msk,bisandman,management,7.8,849,275
14843,2,ba,4,msk,bisandman,management,7.8,534,189
14844,1,ba,4,msk,bisandman,management,7.8,409,109
14845,1,ba,4,msk,bisandman,management,7.8,244,126
14846,1,ba,4,msk,bisandman,management,7.6,310,53
14847,1,ba,4,msk,bisandman,management,7.6,110,38
14848,1,ba,4,msk,bisandman,management,7.8,227,106
14849,1,ba,4,msk,bisandman,management,7.6,243,97
14850,0,ba,4,msk,bisandman,management,7.6,0,0
14851,0,ba,4,msk,bisandman,management,7.6,0,0
14852,2,ba,4,msk,bisandman,management,7.5,131,54
14853,2,ba,4,msk,bisandman,management,7.5,100,51
14854,2,ba,4,msk,bisandman,management,7.8,112,38
14855,2,ba,4,msk,bisandman,management,7.6,281,117
14856,1,ba,4,msk,bisandman,management,7.6,245,63
14857,1,ba,4,msk,bisandman,management,7.6,406,98
14858,1,ba,4,msk,bisandman,management,7.6,324,82
14859,2,ba,4,msk,bisandman,management,7.6,348,170
14860,2,ba,4,msk,bisandman,management,7.5,69,42
14861,2,ba,4,msk,bisandman,management,7.4,180,69
14862,0,ba,4,msk,bisandman,management,7.4,0,0
14863,1,ba,4,msk,bisandman,management,7.4,624,42
14864,1,ba,4,msk,bisandman,management,7,583,104
14865,2,ba,4,msk,bisandman,management,7.4,260,135
14866,1,ba,4,msk,bisandman,management,7.4,105,45
14867,2,ba,4,msk,bisandman,management,7.4,125,55
14868,1,ba,4,msk,bisandman,management,7.2,363,96
14869,2,ba,4,msk,bisandman,management,7.2,265,80
14870,0,ba,4,msk,bisandman,management,7.2,0,0
14871,2,ba,4,msk,bisandman,management,7.5,256,75
14872,2,ba,4,msk,bisandman,management,7.2,571,12
14873,1,ba,4,msk,bisandman,management,7.2,475,83
14874,1,ba,4,msk,bisandman,management,7.2,263,82
14875,1,ba,4,msk,bisandman,management,7.2,221,56
14876,2,ba,4,msk,bisandman,management,7,483,104
14877,1,ba,4,msk,bisandman,management,7,30,13
14878,2,ba,4,msk,bisandman,management,7.2,306,89
14879,2,ba,4,msk,bisandman,management,7.2,349,97
14880,1,ba,4,msk,bisandman,management,7.2,716,147
14881,2,ba,4,msk,bisandman,management,7,96,43
14882,2,ba,4,msk,bisandman,management,7,174,49
14883,2,ba,4,msk,bisandman,management,7,572,92
14884,2,ba,4,msk,bisandman,management,7,356,126
14885,1,ba,4,msk,bisandman,management,7,221,79
14886,2,ba,4,msk,bisandman,management,7,172,61
14887,2,ba,4,msk,bisandman,management,7,245,98
14888,2,ba,4,msk,bisandman,management,7,419,97
14889,1,ba,4,msk,bisandman,management,7,258,93
14890,1,ba,4,msk,bisandman,management,7,360,51
14891,1,ba,4,msk,bisandman,management,7,76,31
14892,2,ba,4,msk,bisandman,management,6.8,470,37
14893,2,ba,4,msk,bisandman,management,6.8,201,53
14894,1,ba,4,msk,bisandman,management,6.8,68,41
14895,2,ba,4,msk,bisandman,management,6.8,414,151
14896,1,ba,4,msk,bisandman,management,7,215,84
14897,2,ba,4,msk,bisandman,management,6.8,151,54
14898,2,ba,4,msk,bisandman,management,6.6,84,35
14899,2,ba,4,msk,bisandman,management,6.8,553,128
14900,1,ba,4,msk,bisandman,management,6.8,122,45
14901,2,ba,4,msk,bisandman,management,6.8,41,19
14902,2,ba,4,msk,bisandman,management,6.8,297,72
14903,1,ba,4,msk,bisandman,management,6.8,0,0
14904,0,ba,4,msk,bisandman,management,6.6,0,0
14905,1,ba,4,msk,bisandman,management,6.5,308,46
14906,0,ba,4,msk,bisandman,management,6.5,0,0
14907,2,ba,4,msk,bisandman,management,6.4,204,48
14908,1,ba,4,msk,bisandman,management,6.4,310,57
14909,2,ba,4,msk,bisandman,management,6.4,495,104
14910,2,ba,4,msk,bisandman,management,6.4,215,55
14911,2,ba,4,msk,bisandman,management,6.5,691,3
14912,1,ba,4,msk,bisandman,management,6.5,500,93
14913,2,ba,4,msk,bisandman,management,6.4,220,85
14914,0,ba,4,msk,bisandman,management,6.2,0,0
14915,0,ba,4,msk,bisandman,management,6.2,0,0
14916,0,ba,4,msk,bisandman,management,6.2,0,0
14917,2,ba,4,msk,bisandman,management,6.2,176,66
14918,1,ba,4,msk,bisandman,management,6,220,99
14919,1,ba,4,msk,bisandman,management,6,210,102
14920,1,ba,4,msk,bisandman,management,5.8,367,101
14921,0,ba,4,msk,bisandman,management,6,0,0
14922,1,ba,4,msk,bisandman,management,5.8,147,55
14923,2,ba,4,msk,bisandman,management,5.8,151,82
14924,2,ba,4,msk,bisandman,management,5.8,204,86
14925,2,ba,4,msk,bisandman,management,5.8,314,93
14926,2,ba,4,msk,bisandman,management,5.8,320,84
14927,2,ba,4,msk,bisandman,management,5.8,288,17
14928,2,ba,4,msk,bisandman,management,5.6,191,91
14929,2,ba,4,msk,bisandman,management,5.5,247,128
14930,2,ba,4,msk,bisandman,management,5.2,292,137
14931,2,ba,4,msk,bisandman,management,5.2,334,79
14932,2,ba,4,msk,bisandman,management,4.8,626,1
14933,2,ba,4,msk,bisandman,management,4.8,120,40
14934,2,ba,4,msk,bisandman,management,4,218,29
14935,1,ba,4,msk,bisandman,management,0,338,124
14936,1,ba,4,msk,bisandman,management,0,387,113
14937,0,ba,4,msk,bisandman,management,4,0,0
14938,2,ba,4,msk,econsci,nes,10,191,64
14939,1,ba,4,msk,econsci,nes,10,492,162
14940,2,ba,4,msk,econsci,nes,10,349,137
14941,2,ba,4,msk,econsci,nes,10,272,107
14942,1,ba,4,msk,econsci,nes,9.8,210,74
14943,1,ba,4,msk,econsci,nes,9.8,315,106
14944,1,ba,4,msk,econsci,nes,9.7,267,101
14945,0,ba,4,msk,econsci,nes,9.7,0,0
14946,1,ba,4,msk,econsci,nes,9.6,304,82
14947,2,ba,4,msk,econsci,nes,9.4,132,48
14948,2,ba,4,msk,econsci,nes,9.4,304,123
14949,2,ba,4,msk,econsci,nes,9.4,616,280
14950,2,ba,4,msk,econsci,nes,9.2,408,110
14951,1,ba,4,msk,econsci,nes,9.2,429,123
14952,1,ba,4,msk,econsci,nes,9.2,190,75
14953,1,ba,4,msk,econsci,nes,9,168,66
14954,0,ba,4,msk,econsci,nes,9,0,0
14955,1,ba,4,msk,econsci,nes,8.8,530,131
14956,2,ba,4,msk,econsci,nes,8.8,442,106
14957,2,ba,4,msk,econsci,nes,8.8,329,126
14958,2,ba,4,msk,econsci,nes,8.7,270,158
14959,1,ba,4,msk,econsci,nes,8.6,341,122
14960,2,ba,4,msk,econsci,nes,8.6,145,81
14961,1,ba,4,msk,econsci,nes,8.6,456,105
14962,1,ba,4,msk,econsci,nes,8.6,482,137
14963,2,ba,4,msk,econsci,nes,8.6,147,77
14964,2,ba,4,msk,econsci,nes,8.4,367,144
14965,2,ba,4,msk,econsci,nes,8.4,177,81
14966,1,ba,4,msk,econsci,nes,8.4,575,113
14967,2,ba,4,msk,econsci,nes,8.4,976,354
14968,2,ba,4,msk,econsci,nes,8.4,221,112
14969,0,ba,4,msk,econsci,nes,8.2,0,0
14970,1,ba,4,msk,econsci,nes,8.2,193,77
14971,2,ba,4,msk,econsci,nes,8.2,455,81
14972,2,ba,4,msk,econsci,nes,8.2,167,67
14973,2,ba,4,msk,econsci,nes,8,493,179
14974,2,ba,4,msk,econsci,nes,7.8,302,115
14975,1,ba,4,msk,econsci,nes,7.8,95,57
14976,2,ba,4,msk,econsci,nes,7.6,104,52
14977,1,ba,4,msk,econsci,nes,7.6,595,155
14978,2,ba,4,msk,econsci,nes,7.6,357,117
14979,2,ba,4,msk,econsci,nes,7.6,1618,341
14980,2,ba,4,msk,econsci,nes,7.3,250,61
14981,2,ba,4,msk,econsci,nes,7.5,732,192
14982,1,ba,4,msk,econsci,nes,7.2,525,234
14983,2,ba,4,msk,econsci,nes,7.2,365,108
14984,2,ba,4,msk,econsci,nes,7.2,245,86
14985,2,ba,4,msk,econsci,nes,7.2,292,131
14986,2,ba,4,msk,econsci,nes,7.2,168,57
14987,2,ba,4,msk,econsci,nes,7,90,44
14988,0,ba,4,msk,econsci,nes,7,0,0
14989,1,ba,4,msk,econsci,nes,6.8,249,76
14990,0,ba,4,msk,econsci,nes,6,0,0
14991,2,ba,4,msk,econsci,nes,10,538,173
14992,1,ba,4,msk,wordecon,oriental,9.7,740,142
14993,2,ba,4,msk,wordecon,oriental,9.6,718,136
14994,1,ba,4,msk,wordecon,oriental,9.4,258,101
14995,1,ba,4,msk,wordecon,oriental,9.4,59,25
14996,2,ba,4,msk,wordecon,oriental,9.4,187,78
14997,1,ba,4,msk,wordecon,oriental,9.2,232,78
14998,1,ba,4,msk,wordecon,oriental,9.1,139,57
14999,1,ba,4,msk,wordecon,oriental,9.2,107,20
15000,1,ba,4,msk,wordecon,oriental,9.1,469,72
15001,0,ba,4,msk,wordecon,oriental,9,0,0
15002,1,ba,4,msk,wordecon,oriental,9.2,589,79
15003,1,ba,4,msk,wordecon,oriental,9.1,27,7
15004,2,ba,4,msk,wordecon,oriental,9.1,107,34
15005,1,ba,4,msk,wordecon,oriental,8.9,331,94
15006,1,ba,4,msk,wordecon,oriental,8.9,497,83
15007,1,ba,4,msk,wordecon,oriental,8.6,233,47
15008,1,ba,4,msk,wordecon,oriental,8.9,317,71
15009,1,ba,4,msk,wordecon,oriental,8.6,78,37
15010,2,ba,4,msk,wordecon,oriental,8.8,291,55
15011,0,ba,4,msk,wordecon,oriental,8.7,0,0
15012,1,ba,4,msk,wordecon,oriental,8.6,149,67
15013,1,ba,4,msk,wordecon,oriental,8.8,617,150
15014,1,ba,4,msk,wordecon,oriental,8.8,114,51
15015,1,ba,4,msk,wordecon,oriental,8.6,222,44
15016,1,ba,4,msk,wordecon,oriental,8.4,472,47
15017,0,ba,4,msk,wordecon,oriental,8.5,0,0
15018,2,ba,4,msk,wordecon,oriental,8.6,168,38
15019,2,ba,4,msk,wordecon,oriental,8.4,160,90
15020,1,ba,4,msk,wordecon,oriental,8.5,795,125
15021,1,ba,4,msk,wordecon,oriental,8.5,133,71
15022,2,ba,4,msk,wordecon,oriental,8.4,251,59
15023,2,ba,4,msk,wordecon,oriental,8.4,111,49
15024,1,ba,4,msk,wordecon,oriental,8.4,203,74
15025,0,ba,4,msk,wordecon,oriental,8.2,0,0
15026,0,ba,4,msk,wordecon,oriental,8.1,0,0
15027,2,ba,4,msk,wordecon,oriental,8.2,276,93
15028,1,ba,4,msk,wordecon,oriental,8,99,47
15029,1,ba,4,msk,wordecon,oriental,8.1,296,41
15030,2,ba,4,msk,wordecon,oriental,8.2,118,53
15031,1,ba,4,msk,wordecon,oriental,8.1,0,0
15032,1,ba,4,msk,wordecon,oriental,7.9,226,58
15033,2,ba,4,msk,wordecon,oriental,8,233,61
15034,1,ba,4,msk,wordecon,oriental,7.9,426,58
15035,2,ba,4,msk,wordecon,oriental,8.1,276,74
15036,1,ba,4,msk,wordecon,oriental,8.1,366,36
15037,2,ba,4,msk,wordecon,oriental,7.9,0,0
15038,0,ba,4,msk,wordecon,oriental,7.6,0,0
15039,1,ba,4,msk,wordecon,oriental,7.6,521,82
15040,2,ba,4,msk,wordecon,oriental,7.9,150,49
15041,0,ba,4,msk,wordecon,oriental,7.8,0,0
15042,1,ba,4,msk,wordecon,oriental,7.2,158,38
15043,1,ba,4,msk,wordecon,oriental,7.6,0,0
15044,1,ba,4,msk,wordecon,oriental,7.5,213,60
15045,1,ba,4,msk,wordecon,oriental,7.4,190,42
15046,2,ba,4,msk,wordecon,oriental,7.5,349,96
15047,1,ba,4,msk,wordecon,oriental,7.6,164,77
15048,1,ba,4,msk,wordecon,oriental,7.4,86,27
15049,1,ba,4,msk,wordecon,oriental,7.4,214,57
15050,1,ba,4,msk,wordecon,oriental,7.4,200,53
15051,2,ba,4,msk,wordecon,oriental,7.5,110,33
15052,1,ba,4,msk,wordecon,oriental,7.4,550,87
15053,0,ba,4,msk,wordecon,oriental,7.1,0,0
15054,1,ba,4,msk,wordecon,oriental,7.4,310,61
15055,2,ba,4,msk,wordecon,oriental,7.4,153,29
15056,2,ba,4,msk,wordecon,oriental,7.4,164,36
15057,0,ba,4,msk,wordecon,oriental,7.3,0,0
15058,1,ba,4,msk,wordecon,oriental,7.4,156,56
15059,2,ba,4,msk,wordecon,oriental,7.1,184,51
15060,1,ba,4,msk,wordecon,oriental,7.4,100,17
15061,2,ba,4,msk,wordecon,oriental,7.4,25,5
15062,1,ba,4,msk,wordecon,oriental,7.4,304,122
15063,1,ba,4,msk,wordecon,oriental,7.1,129,26
15064,1,ba,4,msk,wordecon,oriental,7.2,109,41
15065,0,ba,4,msk,wordecon,oriental,7.1,0,0
15066,2,ba,4,msk,wordecon,oriental,7.4,85,35
15067,1,ba,4,msk,wordecon,oriental,7.1,58,26
15068,1,ba,4,msk,wordecon,oriental,7,162,61
15069,1,ba,4,msk,wordecon,oriental,7,164,49
15070,1,ba,4,msk,wordecon,oriental,6.9,184,44
15071,1,ba,4,msk,wordecon,oriental,6.9,0,0
15072,1,ba,4,msk,wordecon,oriental,6.9,137,28
15073,1,ba,4,msk,wordecon,oriental,6.6,462,133
15074,2,ba,4,msk,wordecon,oriental,6.6,133,51
15075,2,ba,4,msk,wordecon,oriental,6.2,102,49
15076,1,ba,4,msk,wordecon,oriental,6.6,89,17
15077,0,ba,4,msk,wordecon,oriental,6.4,0,0
15078,1,ba,4,msk,wordecon,oriental,6.2,380,42
15079,2,ba,4,msk,wordecon,oriental,6.2,167,43
15080,1,ba,4,msk,wordecon,oriental,6.2,154,26
15081,1,ba,4,msk,wordecon,oriental,6.1,124,52
15082,1,ba,4,msk,wordecon,oriental,5.6,83,18
15083,1,ba,4,msk,wordecon,oriental,5.8,61,18
15084,1,ba,4,msk,wordecon,oriental,0,112,34
15085,1,ba,4,msk,wordecon,oriental,0,220,98
15086,1,ba,4,msk,wordecon,oriental,0,378,106
15087,1,ba,4,msk,wordecon,oriental,0,301,64
15088,1,ba,4,msk,wordecon,oriental,0,135,26
15089,1,ba,4,msk,wordecon,oriental,0,152,36
15090,1,ba,4,msk,wordecon,oriental,0,325,68
15091,1,ba,4,msk,wordecon,oriental,0,117,58
15092,1,ba,4,msk,wordecon,oriental,0,142,42
15093,1,ba,4,msk,wordecon,oriental,0,246,86
15094,1,ba,4,msk,wordecon,oriental,0,165,42
15095,1,ba,4,msk,wordecon,oriental,0,207,27
15096,1,ba,4,msk,wordecon,oriental,0,85,34
15097,1,ba,4,msk,wordecon,oriental,0,434,86
15098,0,ba,4,msk,humanities,phil,9,0,0
15099,2,ba,4,msk,humanities,phil,8.7,135,44
15100,1,ba,4,msk,humanities,phil,8.6,84,22
15101,1,ba,4,msk,humanities,phil,8.8,369,45
15102,1,ba,4,msk,humanities,phil,8.6,398,47
15103,1,ba,4,msk,humanities,phil,8.6,163,40
15104,1,ba,4,msk,humanities,phil,8.7,341,47
15105,1,ba,4,msk,humanities,phil,8.4,149,43
15106,1,ba,4,msk,humanities,phil,8,95,39
15107,1,ba,4,msk,humanities,phil,7.8,0,0
15108,1,ba,4,msk,humanities,phil,7.7,149,38
15109,2,ba,4,msk,humanities,phil,7.8,386,41
15110,0,ba,4,msk,humanities,phil,7.5,0,0
15111,1,ba,4,msk,humanities,phil,7.6,300,78
15112,2,ba,4,msk,humanities,phil,7.2,338,57
15113,2,ba,4,msk,humanities,phil,7.3,79,36
15114,0,ba,4,msk,humanities,phil,7.2,0,0
15115,2,ba,4,msk,humanities,phil,7,185,24
15116,1,ba,4,msk,humanities,phil,6.8,149,69
15117,0,ba,4,msk,humanities,phil,7,0,0
15118,2,ba,4,msk,humanities,phil,6.8,284,34
15119,2,ba,4,msk,humanities,phil,6.6,201,51
15120,2,ba,4,msk,humanities,phil,6.7,332,95
15121,1,ba,4,msk,humanities,phil,6.4,169,26
15122,1,ba,4,msk,humanities,phil,6.7,139,28
15123,2,ba,4,msk,humanities,phil,6.5,229,49
15124,1,ba,4,msk,humanities,phil,6.3,255,48
15125,0,ba,4,msk,humanities,phil,6.5,0,0
15126,2,ba,4,msk,humanities,phil,6.5,175,33
15127,1,ba,4,msk,humanities,phil,6,131,44
15128,1,ba,4,msk,humanities,phil,6.1,95,23
15129,1,ba,4,msk,humanities,phil,6.3,172,59
15130,2,ba,4,msk,humanities,phil,6.3,69,24
15131,1,ba,4,msk,humanities,phil,6.2,321,92
15132,2,ba,4,msk,humanities,phil,6,66,26
15133,1,ba,4,msk,humanities,phil,6.1,72,15
15134,2,ba,4,msk,humanities,phil,6,334,34
15135,0,ba,4,msk,humanities,phil,6,0,0
15136,2,ba,4,msk,humanities,phil,5.6,333,18
15137,1,ba,4,msk,humanities,phil,5.5,136,27
15138,2,ba,4,msk,humanities,phil,5.4,177,53
15139,2,ba,4,msk,humanities,phil,5.3,282,10
15140,1,ba,4,msk,humanities,phil,5.1,648,72
15141,2,ba,4,msk,humanities,phil,5,266,106
15142,2,ba,4,msk,humanities,phil,5.9,56,16
15143,1,ba,4,msk,socsci,political,9.5,346,77
15144,1,ba,4,msk,socsci,political,9.2,178,67
15145,1,ba,4,msk,socsci,political,9,448,128
15146,1,ba,4,msk,socsci,political,9.2,200,77
15147,1,ba,4,msk,socsci,political,9,233,84
15148,1,ba,4,msk,socsci,political,8.8,246,84
15149,1,ba,4,msk,socsci,political,8.8,256,100
15150,2,ba,4,msk,socsci,political,8.4,552,190
15151,2,ba,4,msk,socsci,political,8.5,198,73
15152,1,ba,4,msk,socsci,political,8.5,356,105
15153,2,ba,4,msk,socsci,political,8.5,640,239
15154,2,ba,4,msk,socsci,political,8.5,320,188
15155,1,ba,4,msk,socsci,political,8.2,115,46
15156,1,ba,4,msk,socsci,political,8.4,146,69
15157,1,ba,4,msk,socsci,political,8.5,830,157
15158,1,ba,4,msk,socsci,political,8.2,689,132
15159,1,ba,4,msk,socsci,political,8.2,303,110
15160,1,ba,4,msk,socsci,political,8.2,167,62
15161,1,ba,4,msk,socsci,political,8.2,305,89
15162,2,ba,4,msk,socsci,political,8.2,570,124
15163,1,ba,4,msk,socsci,political,8.2,205,63
15164,2,ba,4,msk,socsci,political,8.2,230,69
15165,1,ba,4,msk,socsci,political,8,335,71
15166,1,ba,4,msk,socsci,political,8.2,229,74
15167,1,ba,4,msk,socsci,political,8,138,48
15168,2,ba,4,msk,socsci,political,8,2157,324
15169,2,ba,4,msk,socsci,political,8,229,89
15170,1,ba,4,msk,socsci,political,7.8,231,77
15171,2,ba,4,msk,socsci,political,7.8,159,61
15172,2,ba,4,msk,socsci,political,7.8,69,41
15173,2,ba,4,msk,socsci,political,8,684,290
15174,2,ba,4,msk,socsci,political,7.8,477,119
15175,2,ba,4,msk,socsci,political,7.8,465,197
15176,2,ba,4,msk,socsci,political,7.8,137,47
15177,2,ba,4,msk,socsci,political,7.5,282,90
15178,1,ba,4,msk,socsci,political,7.8,289,85
15179,2,ba,4,msk,socsci,political,7.8,559,141
15180,1,ba,4,msk,socsci,political,7.8,373,90
15181,2,ba,4,msk,socsci,political,7.8,234,115
15182,1,ba,4,msk,socsci,political,7.8,229,95
15183,1,ba,4,msk,socsci,political,7.8,108,50
15184,2,ba,4,msk,socsci,political,7.5,64,28
15185,2,ba,4,msk,socsci,political,7.5,134,47
15186,2,ba,4,msk,socsci,political,7.5,128,34
15187,2,ba,4,msk,socsci,political,7.5,127,65
15188,1,ba,4,msk,socsci,political,7.5,928,168
15189,1,ba,4,msk,socsci,political,7.5,231,69
15190,2,ba,4,msk,socsci,political,7.5,206,88
15191,2,ba,4,msk,socsci,political,7.4,213,101
15192,1,ba,4,msk,socsci,political,7.2,224,56
15193,1,ba,4,msk,socsci,political,7.2,245,103
15194,1,ba,4,msk,socsci,political,7.2,446,17
15195,1,ba,4,msk,socsci,political,7.2,241,105
15196,2,ba,4,msk,socsci,political,7,201,75
15197,1,ba,4,msk,socsci,political,7,497,87
15198,1,ba,4,msk,socsci,political,7.2,167,61
15199,1,ba,4,msk,socsci,political,7.2,237,100
15200,2,ba,4,msk,socsci,political,7,73,39
15201,0,ba,4,msk,socsci,political,7,0,0
15202,1,ba,4,msk,socsci,political,7,1660,332
15203,2,ba,4,msk,socsci,political,7,547,163
15204,1,ba,4,msk,socsci,political,7,199,83
15205,1,ba,4,msk,socsci,political,6.8,276,87
15206,1,ba,4,msk,socsci,political,6.8,64,13
15207,2,ba,4,msk,socsci,political,6.5,347,97
15208,1,ba,4,msk,socsci,political,6.5,123,58
15209,1,ba,4,msk,socsci,political,6.2,0,0
15210,1,ba,4,msk,socsci,political,6.5,146,57
15211,1,ba,4,msk,socsci,political,6.5,324,106
15212,1,ba,4,msk,socsci,political,6.5,241,73
15213,1,ba,4,msk,socsci,political,6.5,334,82
15214,2,ba,4,msk,socsci,political,6.5,292,115
15215,1,ba,4,msk,socsci,political,6.2,177,56
15216,1,ba,4,msk,socsci,political,8.7,468,127
15217,2,ba,4,msk,socsci,political,6.2,1011,243
15218,2,ba,4,msk,socsci,psy,9.2,322,181
15219,1,ba,4,msk,socsci,psy,9.2,150,57
15220,1,ba,4,msk,socsci,psy,8.8,437,92
15221,1,ba,4,msk,socsci,psy,8.8,506,203
15222,0,ba,4,msk,socsci,psy,8.8,0,0
15223,1,ba,4,msk,socsci,psy,8.8,922,339
15224,1,ba,4,msk,socsci,psy,8.6,361,178
15225,2,ba,4,msk,socsci,psy,8.6,258,112
15226,1,ba,4,msk,socsci,psy,8.4,224,74
15227,1,ba,4,msk,socsci,psy,8.2,330,99
15228,1,ba,4,msk,socsci,psy,8.2,222,75
15229,1,ba,4,msk,socsci,psy,8,320,65
15230,1,ba,4,msk,socsci,psy,8,9,2
15231,2,ba,4,msk,socsci,psy,7.6,352,103
15232,1,ba,4,msk,socsci,psy,7.8,93,44
15233,2,ba,4,msk,socsci,psy,7.5,466,128
15234,1,ba,4,msk,socsci,psy,7.8,136,61
15235,2,ba,4,msk,socsci,psy,7.8,304,101
15236,1,ba,4,msk,socsci,psy,7.8,190,48
15237,2,ba,4,msk,socsci,psy,7.6,328,108
15238,0,ba,4,msk,socsci,psy,7.6,0,0
15239,2,ba,4,msk,socsci,psy,7.2,545,186
15240,2,ba,4,msk,socsci,psy,7.5,263,104
15241,1,ba,4,msk,socsci,psy,7.6,154,61
15242,1,ba,4,msk,socsci,psy,7.6,121,32
15243,2,ba,4,msk,socsci,psy,7.4,861,165
15244,2,ba,4,msk,socsci,psy,7.4,191,69
15245,1,ba,4,msk,socsci,psy,7.4,226,45
15246,1,ba,4,msk,socsci,psy,7,1274,327
15247,2,ba,4,msk,socsci,psy,6.8,482,173
15248,1,ba,4,msk,socsci,psy,7.2,1656,241
15249,1,ba,4,msk,socsci,psy,6.8,142,0
15250,1,ba,4,msk,socsci,psy,7.2,432,151
15251,1,ba,4,msk,socsci,psy,7.2,1792,101
15252,1,ba,4,msk,socsci,psy,6.8,413,130
15253,1,ba,4,msk,socsci,psy,6.6,166,63
15254,1,ba,4,msk,socsci,psy,7.2,327,144
15255,2,ba,4,msk,socsci,psy,6.8,53,28
15256,0,ba,4,msk,socsci,psy,6.6,0,0
15257,1,ba,4,msk,socsci,psy,7.2,459,166
15258,2,ba,4,msk,socsci,psy,7,185,38
15259,0,ba,4,msk,socsci,psy,7,0,0
15260,1,ba,4,msk,socsci,psy,6.4,285,60
15261,1,ba,4,msk,socsci,psy,6.4,83,12
15262,2,ba,4,msk,socsci,psy,6.6,259,133
15263,2,ba,4,msk,socsci,psy,6.2,737,331
15264,1,ba,4,msk,socsci,psy,6.5,194,44
15265,1,ba,4,msk,socsci,psy,6.4,1027,191
15266,1,ba,4,msk,socsci,psy,6.2,300,79
15267,2,ba,4,msk,socsci,psy,5.8,125,25
15268,1,ba,4,msk,socsci,psy,6,130,70
15269,1,ba,4,msk,socsci,psy,6,389,63
15270,2,ba,4,msk,socsci,psy,5.6,46,27
15271,1,ba,4,msk,socsci,psy,5.8,365,67
15272,1,ba,4,msk,socsci,psy,5.4,242,50
15273,1,ba,4,msk,socsci,psy,5.4,465,30
15274,2,ba,4,msk,socsci,psy,5.4,2747,284
15275,2,ba,4,msk,socsci,psy,5.2,276,82
15276,2,ba,4,msk,socsci,psy,4.8,319,31
15277,1,ba,4,msk,socsci,psy,5,249,70
15278,2,ba,4,msk,socsci,psy,4.5,25,10
15279,1,ba,4,msk,socsci,psy,4.6,567,133
15280,1,ba,4,msk,socsci,psy,5,1144,97
15281,2,ba,4,msk,cs,se,10,245,101
15282,2,ba,4,msk,cs,se,9.8,75,40
15283,2,ba,4,msk,cs,se,9.8,128,46
15284,1,ba,4,msk,cs,se,9.8,100,40
15285,2,ba,4,msk,cs,se,9.8,116,61
15286,2,ba,4,msk,cs,se,9.5,54,31
15287,2,ba,4,msk,cs,se,9.5,131,62
15288,2,ba,4,msk,cs,se,9.5,160,39
15289,1,ba,4,msk,cs,se,9.5,92,33
15290,2,ba,4,msk,cs,se,9.5,86,38
15291,2,ba,4,msk,cs,se,9.5,161,68
15292,0,ba,4,msk,cs,se,9.5,0,0
15293,2,ba,4,msk,cs,se,9.5,0,0
15294,2,ba,4,msk,cs,se,9.2,420,59
15295,2,ba,4,msk,cs,se,9.2,142,34
15296,2,ba,4,msk,cs,se,9.2,182,86
15297,2,ba,4,msk,cs,se,9.2,288,90
15298,1,ba,4,msk,cs,se,9.2,179,49
15299,2,ba,4,msk,cs,se,9.2,176,88
15300,1,ba,4,msk,cs,se,9.2,231,92
15301,2,ba,4,msk,cs,se,9.2,344,72
15302,2,ba,4,msk,cs,se,9.2,97,36
15303,2,ba,4,msk,cs,se,9.2,119,58
15304,2,ba,4,msk,cs,se,9.2,94,50
15305,2,ba,4,msk,cs,se,8.8,30,22
15306,0,ba,4,msk,cs,se,8.8,0,0
15307,1,ba,4,msk,cs,se,9,164,58
15308,1,ba,4,msk,cs,se,8.8,87,40
15309,2,ba,4,msk,cs,se,8.5,61,27
15310,2,ba,4,msk,cs,se,9,44,25
15311,2,ba,4,msk,cs,se,8.8,134,62
15312,0,ba,4,msk,cs,se,8.8,0,0
15313,1,ba,4,msk,cs,se,8.5,1804,223
15314,2,ba,4,msk,cs,se,8.8,254,43
15315,2,ba,4,msk,cs,se,8.8,111,23
15316,2,ba,4,msk,cs,se,8.2,78,30
15317,2,ba,4,msk,cs,se,8.2,57,14
15318,2,ba,4,msk,cs,se,8.5,129,51
15319,1,ba,4,msk,cs,se,8,274,70
15320,2,ba,4,msk,cs,se,8,132,51
15321,2,ba,4,msk,cs,se,8.2,52,26
15322,2,ba,4,msk,cs,se,8.2,207,69
15323,2,ba,4,msk,cs,se,8,91,54
15324,2,ba,4,msk,cs,se,8,0,0
15325,2,ba,4,msk,cs,se,8,143,47
15326,2,ba,4,msk,cs,se,8,78,24
15327,1,ba,4,msk,cs,se,7.8,247,115
15328,2,ba,4,msk,cs,se,7.8,188,33
15329,2,ba,4,msk,cs,se,7.8,175,92
15330,2,ba,4,msk,cs,se,8,113,38
15331,2,ba,4,msk,cs,se,7.2,49,25
15332,2,ba,4,msk,cs,se,7.5,237,85
15333,1,ba,4,msk,cs,se,7.8,155,26
15334,2,ba,4,msk,cs,se,7,93,49
15335,2,ba,4,msk,cs,se,7.2,0,0
15336,2,ba,4,msk,cs,se,7.2,103,44
15337,2,ba,4,msk,cs,se,7,10,1
15338,1,ba,4,msk,cs,se,6.5,50,28
15339,2,ba,4,msk,cs,se,6.2,226,130
15340,0,ba,4,msk,cs,se,6.5,0,0
15341,2,ba,4,msk,cs,se,5.8,0,0
15342,2,ba,4,msk,cs,se,6,189,10
15343,2,ba,4,msk,cs,se,5.8,97,51
15344,2,ba,4,msk,cs,se,5.5,335,45
15345,1,ba,4,msk,socsci,soc,9.5,412,84
15346,2,ba,4,msk,socsci,soc,9.2,94,76
15347,2,ba,4,msk,socsci,soc,9.2,105,61
15348,0,ba,4,msk,socsci,soc,9,0,0
15349,1,ba,4,msk,socsci,soc,8.8,405,121
15350,1,ba,4,msk,socsci,soc,8.8,358,193
15351,1,ba,4,msk,socsci,soc,8.8,471,139
15352,1,ba,4,msk,socsci,soc,8.4,312,61
15353,1,ba,4,msk,socsci,soc,8.2,213,57
15354,1,ba,4,msk,socsci,soc,8.2,0,0
15355,1,ba,4,msk,socsci,soc,8.2,395,128
15356,2,ba,4,msk,socsci,soc,8,143,89
15357,2,ba,4,msk,socsci,soc,8,231,91
15358,2,ba,4,msk,socsci,soc,7.8,423,65
15359,1,ba,4,msk,socsci,soc,7.8,144,49
15360,0,ba,4,msk,socsci,soc,7.5,0,0
15361,1,ba,4,msk,socsci,soc,7.8,198,87
15362,1,ba,4,msk,socsci,soc,7.8,485,154
15363,1,ba,4,msk,socsci,soc,7.6,525,160
15364,1,ba,4,msk,socsci,soc,7.8,297,111
15365,1,ba,4,msk,socsci,soc,7.6,91,32
15366,1,ba,4,msk,socsci,soc,7.6,215,76
15367,1,ba,4,msk,socsci,soc,7.6,255,52
15368,1,ba,4,msk,socsci,soc,7.5,84,38
15369,2,ba,4,msk,socsci,soc,7.4,189,58
15370,1,ba,4,msk,socsci,soc,7.4,347,70
15371,1,ba,4,msk,socsci,soc,7.4,190,55
15372,1,ba,4,msk,socsci,soc,7.4,192,70
15373,1,ba,4,msk,socsci,soc,7.4,210,56
15374,1,ba,4,msk,socsci,soc,7.2,611,18
15375,1,ba,4,msk,socsci,soc,7.2,119,33
15376,1,ba,4,msk,socsci,soc,7.2,207,48
15377,2,ba,4,msk,socsci,soc,7.2,117,80
15378,1,ba,4,msk,socsci,soc,7.2,149,49
15379,1,ba,4,msk,socsci,soc,7.2,168,37
15380,1,ba,4,msk,socsci,soc,7,199,94
15381,1,ba,4,msk,socsci,soc,7,485,115
15382,1,ba,4,msk,socsci,soc,7,107,42
15383,1,ba,4,msk,socsci,soc,7,253,98
15384,1,ba,4,msk,socsci,soc,6.8,354,75
15385,1,ba,4,msk,socsci,soc,7,210,69
15386,2,ba,4,msk,socsci,soc,7,122,40
15387,1,ba,4,msk,socsci,soc,7,498,139
15388,1,ba,4,msk,socsci,soc,7,434,99
15389,1,ba,4,msk,socsci,soc,6.8,113,59
15390,1,ba,4,msk,socsci,soc,6.8,230,72
15391,1,ba,4,msk,socsci,soc,6.8,100,15
15392,2,ba,4,msk,socsci,soc,6.8,304,85
15393,1,ba,4,msk,socsci,soc,6.8,228,66
15394,1,ba,4,msk,socsci,soc,6.8,113,45
15395,1,ba,4,msk,socsci,soc,6.8,394,110
15396,0,ba,4,msk,socsci,soc,6.6,0,0
15397,1,ba,4,msk,socsci,soc,6.6,257,44
15398,1,ba,4,msk,socsci,soc,6.6,119,42
15399,1,ba,4,msk,socsci,soc,6.5,258,61
15400,1,ba,4,msk,socsci,soc,6.5,221,46
15401,1,ba,4,msk,socsci,soc,6.5,121,28
15402,1,ba,4,msk,socsci,soc,6.4,250,66
15403,1,ba,4,msk,socsci,soc,6.4,368,83
15404,1,ba,4,msk,socsci,soc,6.4,329,45
15405,1,ba,4,msk,socsci,soc,6.4,126,41
15406,1,ba,4,msk,socsci,soc,6.4,291,83
15407,0,ba,4,msk,socsci,soc,6.4,0,0
15408,1,ba,4,msk,socsci,soc,6,83,2
15409,1,ba,4,msk,socsci,soc,6.2,160,39
15410,1,ba,4,msk,socsci,soc,6.2,557,1
15411,2,ba,4,msk,socsci,soc,6.2,134,84
15412,2,ba,4,msk,socsci,soc,6.2,82,23
15413,1,ba,4,msk,socsci,soc,6.2,381,68
15414,2,ba,4,msk,socsci,soc,6.2,410,216
15415,1,ba,4,msk,socsci,soc,6,144,41
15416,1,ba,4,msk,socsci,soc,6,325,93
15417,0,ba,4,msk,socsci,soc,6,0,0
15418,1,ba,4,msk,socsci,soc,6,245,34
15419,1,ba,4,msk,socsci,soc,6,140,49
15420,0,ba,4,msk,socsci,soc,6,0,0
15421,1,ba,4,msk,socsci,soc,5.8,815,187
15422,1,ba,4,msk,socsci,soc,5.8,315,103
15423,1,ba,4,msk,socsci,soc,5.8,152,55
15424,1,ba,4,msk,socsci,soc,5.8,1014,97
15425,2,ba,4,msk,socsci,soc,5.8,364,92
15426,1,ba,4,msk,socsci,soc,5.8,171,65
15427,0,ba,4,msk,socsci,soc,5.6,0,0
15428,1,ba,4,msk,socsci,soc,5.8,141,81
15429,2,ba,4,msk,socsci,soc,5.8,245,95
15430,1,ba,4,msk,socsci,soc,5.6,165,42
15431,1,ba,4,msk,socsci,soc,5.6,230,75
15432,2,ba,4,msk,socsci,soc,5.5,210,81
15433,1,ba,4,msk,socsci,soc,5.7,394,92
15434,1,ba,4,msk,socsci,soc,5.4,568,126
15435,2,ba,4,msk,socsci,soc,5.5,271,52
15436,1,ba,4,msk,socsci,soc,5.4,463,218
15437,1,ba,4,msk,socsci,soc,5.2,326,55
15438,1,ba,4,msk,socsci,soc,5.2,140,77
15439,1,ba,4,msk,socsci,soc,5.2,371,155
15440,1,ba,4,msk,socsci,soc,5.2,95,34
15441,1,ba,4,msk,socsci,soc,5,386,89
15442,1,ba,4,msk,socsci,soc,5,116,36
15443,2,ba,4,msk,socsci,soc,5,1525,1
15444,2,ba,4,msk,socsci,soc,5,327,125
15445,1,ba,4,msk,socsci,soc,5,101,34
15446,1,ba,4,msk,socsci,soc,4.6,647,71
15447,0,ba,4,msk,socsci,soc,4.7,0,0
15448,1,ba,4,msk,socsci,soc,4.5,517,66
15449,1,ba,4,msk,socsci,soc,4.5,154,15
15450,1,ba,4,msk,socsci,soc,0,247,47
15451,2,ba,4,msk,econsci,stat,9.7,171,72
15452,0,ba,4,msk,econsci,stat,9.1,0,0
15453,1,ba,4,msk,econsci,stat,9.1,197,67
15454,1,ba,4,msk,econsci,stat,8.7,139,49
15455,1,ba,4,msk,econsci,stat,8.7,158,58
15456,1,ba,4,msk,econsci,stat,8.9,244,109
15457,1,ba,4,msk,econsci,stat,8.8,275,107
15458,1,ba,4,msk,econsci,stat,8.7,410,153
15459,1,ba,4,msk,econsci,stat,8.6,926,16
15460,2,ba,4,msk,econsci,stat,8.6,233,85
15461,1,ba,4,msk,econsci,stat,8.5,252,55
15462,1,ba,4,msk,econsci,stat,8.6,257,151
15463,0,ba,4,msk,econsci,stat,8.6,0,0
15464,1,ba,4,msk,econsci,stat,8.6,508,155
15465,1,ba,4,msk,econsci,stat,8.7,190,8
15466,1,ba,4,msk,econsci,stat,8.4,531,83
15467,1,ba,4,msk,econsci,stat,8.4,0,0
15468,1,ba,4,msk,econsci,stat,8.4,126,9
15469,2,ba,4,msk,econsci,stat,8.3,326,134
15470,1,ba,4,msk,econsci,stat,8.3,378,78
15471,1,ba,4,msk,econsci,stat,8.2,648,24
15472,1,ba,4,msk,econsci,stat,8.2,707,84
15473,1,ba,4,msk,econsci,stat,8.1,346,189
15474,1,ba,4,msk,econsci,stat,8.1,91,36
15475,2,ba,4,msk,econsci,stat,8.1,57,24
15476,1,ba,4,msk,econsci,stat,8.1,164,42
15477,1,ba,4,msk,econsci,stat,8.1,172,51
15478,1,ba,4,msk,econsci,stat,8.1,177,31
15479,1,ba,4,msk,econsci,stat,8.1,9,2
15480,1,ba,4,msk,econsci,stat,7.9,108,41
15481,2,ba,4,msk,econsci,stat,7.8,566,195
15482,1,ba,4,msk,econsci,stat,7.7,175,77
15483,0,ba,4,msk,econsci,stat,7.7,0,0
15484,1,ba,4,msk,econsci,stat,7.6,0,0
15485,1,ba,4,msk,econsci,stat,7.4,178,77
15486,1,ba,4,msk,econsci,stat,7.3,480,97
15487,1,ba,4,msk,econsci,stat,7.4,187,51
15488,1,ba,4,msk,econsci,stat,7.3,323,99
15489,1,ba,4,msk,econsci,stat,7.2,0,0
15490,1,ba,4,msk,econsci,stat,6.9,175,53
15491,1,ba,4,msk,econsci,stat,6.9,130,43
15492,1,ba,4,msk,econsci,stat,7,537,8
15493,2,ba,4,msk,econsci,stat,7,1275,134
15494,1,ba,4,msk,econsci,stat,6.8,623,7
15495,1,ba,4,msk,econsci,stat,6.8,214,27
15496,2,ba,4,msk,econsci,stat,6.7,382,105
15497,1,ba,4,msk,econsci,stat,6.6,245,62
15498,1,ba,4,msk,econsci,stat,6,242,68
15499,2,ba,4,msk,econsci,stat,5.8,389,101
15500,0,ba,4,msk,econsci,stat,5.8,0,0
15501,1,ba,4,msk,econsci,stat,5.6,113,54
15502,2,ba,4,msk,econsci,stat,5.6,0,0
15503,2,ba,4,msk,econsci,stat,3.8,149,6
15504,2,ba,4,msk,econsci,stat,4.2,294,123
15505,1,ba,4,msk,econsci,stat,4.6,602,55
15506,1,ba,4,msk,wordecon,we,9.6,374,143
15507,1,ba,4,msk,wordecon,we,9.6,179,82
15508,1,ba,4,msk,wordecon,we,9.6,256,71
15509,1,ba,4,msk,wordecon,we,9.3,453,124
15510,1,ba,4,msk,wordecon,we,9.4,572,239
15511,1,ba,4,msk,wordecon,we,9.3,461,143
15512,1,ba,4,msk,wordecon,we,9.3,317,115
15513,1,ba,4,msk,wordecon,we,9.1,380,67
15514,1,ba,4,msk,wordecon,we,9.1,134,78
15515,1,ba,4,msk,wordecon,we,9.1,123,61
15516,1,ba,4,msk,wordecon,we,9,434,99
15517,1,ba,4,msk,wordecon,we,9,246,79
15518,1,ba,4,msk,wordecon,we,8.9,203,75
15519,1,ba,4,msk,wordecon,we,8.9,125,67
15520,1,ba,4,msk,wordecon,we,8.9,291,128
15521,1,ba,4,msk,wordecon,we,8.9,368,98
15522,1,ba,4,msk,wordecon,we,8.9,280,85
15523,1,ba,4,msk,wordecon,we,8.7,395,154
15524,1,ba,4,msk,wordecon,we,8.6,368,117
15525,1,ba,4,msk,wordecon,we,8.7,283,110
15526,1,ba,4,msk,wordecon,we,8.7,81,29
15527,1,ba,4,msk,wordecon,we,8.7,513,197
15528,1,ba,4,msk,wordecon,we,8.7,227,93
15529,1,ba,4,msk,wordecon,we,8.6,243,60
15530,1,ba,4,msk,wordecon,we,8.6,580,130
15531,1,ba,4,msk,wordecon,we,8.6,171,80
15532,1,ba,4,msk,wordecon,we,8.6,441,155
15533,1,ba,4,msk,wordecon,we,8.4,135,39
15534,1,ba,4,msk,wordecon,we,8.4,647,208
15535,1,ba,4,msk,wordecon,we,8.1,475,174
15536,1,ba,4,msk,wordecon,we,8.1,119,21
15537,1,ba,4,msk,wordecon,we,8.3,584,196
15538,1,ba,4,msk,wordecon,we,8,338,80
15539,2,ba,4,msk,wordecon,we,8.1,116,62
15540,1,ba,4,msk,wordecon,we,8,271,94
15541,1,ba,4,msk,wordecon,we,8,372,102
15542,2,ba,4,msk,wordecon,we,8.1,5000,960
15543,1,ba,4,msk,wordecon,we,8.1,260,72
15544,2,ba,4,msk,wordecon,we,8,118,37
15545,0,ba,4,msk,wordecon,we,8,0,0
15546,1,ba,4,msk,wordecon,we,7.9,307,33
15547,1,ba,4,msk,wordecon,we,8,169,58
15548,2,ba,4,msk,wordecon,we,7.9,246,1
15549,2,ba,4,msk,wordecon,we,8,5000,34
15550,2,ba,4,msk,wordecon,we,7.7,185,78
15551,1,ba,4,msk,wordecon,we,7.7,205,93
15552,1,ba,4,msk,wordecon,we,7.9,502,145
15553,1,ba,4,msk,wordecon,we,7.9,321,105
15554,2,ba,4,msk,wordecon,we,7.7,92,27
15555,1,ba,4,msk,wordecon,we,7.7,366,87
15556,1,ba,4,msk,wordecon,we,7.9,120,58
15557,2,ba,4,msk,wordecon,we,7.6,247,104
15558,1,ba,4,msk,wordecon,we,7.6,565,157
15559,1,ba,4,msk,wordecon,we,7.4,206,87
15560,1,ba,4,msk,wordecon,we,7.6,112,46
15561,0,ba,4,msk,wordecon,we,7.6,0,0
15562,1,ba,4,msk,wordecon,we,7.3,190,68
15563,0,ba,4,msk,wordecon,we,7.4,0,0
15564,0,ba,4,msk,wordecon,we,7.3,0,0
15565,1,ba,4,msk,wordecon,we,7.4,466,158
15566,1,ba,4,msk,wordecon,we,7.1,147,43
15567,1,ba,4,msk,wordecon,we,7.3,386,165
15568,2,ba,4,msk,wordecon,we,7.4,168,81
15569,1,ba,4,msk,wordecon,we,7.6,379,139
15570,2,ba,4,msk,wordecon,we,7.1,267,142
15571,1,ba,4,msk,wordecon,we,7.3,507,211
15572,1,ba,4,msk,wordecon,we,7,86,35
15573,2,ba,4,msk,wordecon,we,7.3,229,92
15574,2,ba,4,msk,wordecon,we,7.4,415,72
15575,1,ba,4,msk,wordecon,we,7.3,392,148
15576,2,ba,4,msk,wordecon,we,7,382,90
15577,1,ba,4,msk,wordecon,we,7,179,18
15578,1,ba,4,msk,wordecon,we,7.1,503,144
15579,2,ba,4,msk,wordecon,we,7.1,316,110
15580,1,ba,4,msk,wordecon,we,6.7,240,88
15581,1,ba,4,msk,wordecon,we,6.9,337,100
15582,1,ba,4,msk,wordecon,we,7,117,32
15583,1,ba,4,msk,wordecon,we,7,225,86
15584,1,ba,4,msk,wordecon,we,7,438,152
15585,2,ba,4,msk,wordecon,we,6.9,262,115
15586,2,ba,4,msk,wordecon,we,7,378,83
15587,1,ba,4,msk,wordecon,we,6.7,166,74
15588,1,ba,4,msk,wordecon,we,6.9,198,120
15589,2,ba,4,msk,wordecon,we,6.9,174,57
15590,2,ba,4,msk,wordecon,we,6.9,557,266
15591,1,ba,4,msk,wordecon,we,6.6,146,47
15592,1,ba,4,msk,wordecon,we,6.7,336,92
15593,1,ba,4,msk,wordecon,we,6.7,149,57
15594,0,ba,4,msk,wordecon,we,6.7,0,0
15595,2,ba,4,msk,wordecon,we,6.7,205,103
15596,1,ba,4,msk,wordecon,we,6.7,214,82
15597,2,ba,4,msk,wordecon,we,6.7,0,0
15598,2,ba,4,msk,wordecon,we,6.7,40,31
15599,1,ba,4,msk,wordecon,we,6.4,266,79
15600,1,ba,4,msk,wordecon,we,6.7,367,107
15601,2,ba,4,msk,wordecon,we,6.4,292,160
15602,1,ba,4,msk,wordecon,we,6.4,232,89
15603,2,ba,4,msk,wordecon,we,6.6,427,131
15604,1,ba,4,msk,wordecon,we,6.6,534,131
15605,2,ba,4,msk,wordecon,we,6.4,713,360
15606,2,ba,4,msk,wordecon,we,6.6,193,91
15607,2,ba,4,msk,wordecon,we,6.4,363,147
15608,0,ba,4,msk,wordecon,we,6.4,0,0
15609,2,ba,4,msk,wordecon,we,6.4,177,74
15610,2,ba,4,msk,wordecon,we,6.4,371,187
15611,2,ba,4,msk,wordecon,we,6.6,274,104
15612,0,ba,4,msk,wordecon,we,6.4,0,0
15613,2,ba,4,msk,wordecon,we,6.4,147,76
15614,0,ba,4,msk,wordecon,we,6.4,0,0
15615,2,ba,4,msk,wordecon,we,6.3,395,169
15616,2,ba,4,msk,wordecon,we,6.3,362,185
15617,2,ba,4,msk,wordecon,we,6.3,196,79
15618,2,ba,4,msk,wordecon,we,6.3,435,70
15619,0,ba,4,msk,wordecon,we,6.4,0,0
15620,1,ba,4,msk,wordecon,we,6.3,378,78
15621,1,ba,4,msk,wordecon,we,6.1,163,6
15622,1,ba,4,msk,wordecon,we,6.3,59,29
15623,2,ba,4,msk,wordecon,we,6.1,0,0
15624,1,ba,4,msk,wordecon,we,6.1,328,99
15625,2,ba,4,msk,wordecon,we,5.9,257,80
15626,2,ba,4,msk,wordecon,we,6,563,130
15627,2,ba,4,msk,wordecon,we,5.9,245,90
15628,0,ba,4,msk,wordecon,we,6,0,0
15629,2,ba,4,msk,wordecon,we,6,630,68
15630,2,ba,4,msk,wordecon,we,6,328,113
15631,1,ba,4,msk,wordecon,we,6,485,111
15632,2,ba,4,msk,wordecon,we,6,0,0
15633,1,ba,4,msk,wordecon,we,5.9,364,152
15634,1,ba,4,msk,wordecon,we,5.6,392,66
15635,2,ba,4,msk,wordecon,we,5.7,449,181
15636,2,ba,4,msk,wordecon,we,5.7,184,95
15637,1,ba,4,msk,wordecon,we,5.4,423,83
15638,1,ba,4,msk,wordecon,we,5.6,262,66
15639,2,ba,4,msk,wordecon,we,5.6,552,137
15640,2,ba,4,msk,wordecon,we,5.6,26,21
15641,1,ba,4,msk,wordecon,we,5.3,275,48
15642,1,ba,4,msk,wordecon,we,5.4,162,41
15643,2,ba,4,msk,wordecon,we,5.4,154,62
15644,1,ba,4,msk,wordecon,we,5.3,168,59
15645,1,ba,4,msk,wordecon,we,5.3,266,102
15646,2,ba,4,msk,wordecon,we,5.1,429,93
15647,2,ba,4,msk,wordecon,we,5.1,549,129
15648,0,ba,4,msk,wordecon,we,4.9,0,0
15649,1,ba,4,msk,wordecon,we,5.8,83,21
15650,1,ba,4,msk,wordecon,we,4.8,314,112
15651,2,ba,4,msk,wordecon,we,4.8,254,146
15652,0,ba,4,msk,wordecon,we,5.5,0,0
15653,1,ba,4,msk,humanities,cult,9.7,369,80
15654,1,ba,4,msk,humanities,cult,9.5,362,65
15655,1,ba,4,msk,humanities,cult,9.4,263,64
15656,1,ba,4,msk,humanities,cult,9.4,76,21
15657,1,ba,4,msk,humanities,cult,9.3,139,48
15658,2,ba,4,msk,humanities,cult,9.2,228,72
15659,1,ba,4,msk,humanities,cult,9,166,47
15660,1,ba,4,msk,humanities,cult,8.8,861,163
15661,2,ba,4,msk,humanities,cult,8.8,267,56
15662,1,ba,4,msk,humanities,cult,8.9,291,86
15663,0,ba,4,msk,humanities,cult,8.7,0,0
15664,1,ba,4,msk,humanities,cult,8.7,180,37
15665,1,ba,4,msk,humanities,cult,8.6,335,102
15666,1,ba,4,msk,humanities,cult,8.5,385,68
15667,1,ba,4,msk,humanities,cult,8.5,0,0
15668,0,ba,4,msk,humanities,cult,8.5,0,0
15669,1,ba,4,msk,humanities,cult,8.6,69,31
15670,1,ba,4,msk,humanities,cult,8.3,204,56
15671,1,ba,4,msk,humanities,cult,8.2,105,30
15672,1,ba,4,msk,humanities,cult,8,0,0
15673,1,ba,4,msk,humanities,cult,8.2,2086,143
15674,1,ba,4,msk,humanities,cult,8,281,61
15675,0,ba,4,msk,humanities,cult,8,0,0
15676,1,ba,4,msk,humanities,cult,8,277,108
15677,1,ba,4,msk,humanities,cult,8,409,11
15678,1,ba,4,msk,humanities,cult,7.8,194,44
15679,1,ba,4,msk,humanities,cult,7.6,157,39
15680,1,ba,4,msk,humanities,cult,7.6,144,41
15681,1,ba,4,msk,humanities,cult,7.6,139,20
15682,2,ba,4,msk,humanities,cult,7.5,85,28
15683,2,ba,4,msk,humanities,cult,7.5,270,52
15684,1,ba,4,msk,humanities,cult,7.3,282,56
15685,1,ba,4,msk,humanities,cult,7,0,0
15686,1,ba,4,msk,humanities,cult,7,63,13
15687,1,ba,4,msk,humanities,cult,7,183,60
15688,1,ba,4,msk,humanities,cult,6.8,428,45
15689,0,ba,4,msk,humanities,cult,6.8,0,0
15690,2,ba,4,msk,humanities,cult,6.7,533,156
15691,1,ba,4,msk,humanities,cult,6.7,466,86
15692,0,ba,4,msk,humanities,cult,6.7,0,0
15693,2,ba,4,msk,humanities,cult,6.6,294,39
15694,1,ba,4,msk,humanities,cult,6.2,296,37
15695,0,ba,4,msk,humanities,cult,6.2,0,0
15696,2,ba,4,msk,humanities,cult,6.2,209,11
15697,1,ba,4,msk,humanities,cult,6,125,33
15698,1,ba,4,msk,humanities,cult,5.7,130,16
15699,1,ba,4,msk,humanities,cult,5.8,238,52
15700,2,ba,4,msk,humanities,cult,5.8,97,34
15701,2,ba,3,msk,econsci,stat,8.8,104,39
15702,1,ba,3,msk,econsci,stat,8.8,244,101
15703,1,ba,3,msk,econsci,stat,8.8,73,34
15704,1,ba,3,msk,econsci,stat,8.8,161,94
15705,1,ba,3,msk,econsci,stat,8.8,290,84
15706,1,ba,3,msk,econsci,stat,8.8,466,107
15707,1,ba,3,msk,econsci,stat,8.8,186,68
15708,1,ba,3,msk,econsci,stat,8.8,407,114
15709,2,ba,3,msk,econsci,stat,8.8,125,60
15710,0,ba,3,msk,econsci,stat,8.8,0,0
15711,1,ba,3,msk,econsci,stat,8.8,454,175
15712,2,ba,3,msk,econsci,stat,8.8,154,63
15713,1,ba,3,msk,econsci,stat,8.8,343,109
15714,1,ba,3,msk,econsci,stat,8.8,214,61
15715,1,ba,3,msk,econsci,stat,8.8,434,62
15716,1,ba,3,msk,econsci,stat,8.8,290,73
15717,2,ba,3,msk,econsci,stat,8.8,102,54
15718,1,ba,3,msk,econsci,stat,8.8,322,134
15719,2,ba,3,msk,econsci,stat,8.8,442,194
15720,1,ba,3,msk,econsci,stat,8.8,135,50
15721,1,ba,3,msk,econsci,stat,8.8,260,90
15722,2,ba,3,msk,econsci,stat,8.8,337,195
15723,2,ba,3,msk,econsci,stat,8.8,39,26
15724,1,ba,3,msk,econsci,stat,8.8,116,47
15725,1,ba,3,msk,econsci,stat,8.8,140,69
15726,1,ba,3,msk,econsci,stat,8.8,296,143
15727,1,ba,3,msk,econsci,stat,8.8,329,109
15728,1,ba,3,msk,econsci,stat,8.8,386,195
15729,0,ba,3,msk,econsci,stat,8.8,0,0
15730,0,ba,3,msk,econsci,stat,8.8,0,0
15731,2,ba,3,msk,econsci,stat,8.8,265,61
15732,1,ba,3,msk,econsci,stat,8.8,215,85
15733,2,ba,3,msk,econsci,stat,8.8,127,63
15734,1,ba,3,msk,econsci,stat,8.8,144,44
15735,2,ba,3,msk,econsci,stat,8.8,292,110
15736,1,ba,3,msk,econsci,stat,8.8,213,52
15737,2,ba,3,msk,econsci,stat,8.8,239,71
15738,1,ba,3,msk,econsci,stat,8.8,156,75
15739,0,ba,3,msk,econsci,stat,8.8,0,0
15740,1,ba,3,msk,econsci,stat,8.8,874,373
15741,1,ba,3,msk,econsci,stat,8.8,528,110
15742,0,ba,3,msk,econsci,stat,8.8,0,0
15743,1,ba,3,msk,econsci,stat,8.8,497,279
15744,0,ba,3,msk,econsci,stat,8.8,0,0
15745,1,ba,3,msk,econsci,stat,8.8,240,80
15746,1,ba,3,msk,econsci,stat,8.8,348,126
15747,1,ba,3,msk,econsci,stat,8.8,338,155
15748,1,ba,3,msk,econsci,stat,8.8,556,176
15749,0,ba,3,msk,econsci,stat,8.8,0,0
15750,1,ba,3,msk,econsci,stat,8.8,551,136
15751,2,ba,3,msk,econsci,stat,8.8,164,86
15752,1,ba,3,msk,econsci,stat,8.8,161,56
15753,1,ba,3,msk,econsci,stat,8.8,311,66
15754,1,ba,3,msk,econsci,stat,8.8,306,72
15755,1,ba,3,msk,econsci,stat,8.8,338,99
15756,2,ba,3,msk,econsci,stat,8.8,116,48
15757,1,ba,3,msk,econsci,stat,8.8,824,127
15758,1,ba,3,msk,econsci,stat,8.8,0,0
15759,1,ba,3,msk,econsci,stat,8.8,138,46
15760,1,ma,1,perm,sochum,ls,8.8,122,13
15761,1,ma,1,perm,sochum,ls,8.4,102,10
15762,1,ma,1,perm,sochum,ls,8.4,274,14
15763,0,ma,1,perm,sochum,ls,8.4,0,0
15764,1,ma,1,perm,sochum,ls,8.2,404,1
15765,2,ma,1,perm,sochum,ls,8,152,11
15766,1,ma,1,perm,sochum,ls,7.8,304,12
15767,2,ma,1,perm,sochum,ls,7.6,722,16
15768,0,ma,1,perm,sochum,ls,7.6,0,0
15769,2,ma,1,perm,sochum,ls,7.6,457,12
15770,1,ma,1,perm,sochum,ls,7.6,144,8
15771,0,ma,1,perm,sochum,ls,7.4,0,0
15772,0,ma,1,perm,sochum,ls,7.4,0,0
15773,1,ma,1,perm,sochum,ls,7.4,468,11
15774,1,ma,1,perm,sochum,ls,7.2,382,9
15775,1,ma,1,perm,sochum,ls,7,528,14
15776,0,ma,1,perm,sochum,ls,6.8,0,0
15777,2,ma,1,perm,sochum,ls,6.6,543,40
15778,1,ma,1,perm,sochum,ls,6,283,20
15779,2,ma,1,perm,sochum,ls,5.4,517,25
15780,1,ma,1,perm,sochum,ls,7,411,18
15781,0,ma,1,perm,sochum,ls,5.5,0,0
15782,1,ma,2,perm,sochum,ls,9,59,9
15783,2,ma,2,perm,sochum,ls,8.6,142,14
15784,1,ma,2,perm,sochum,ls,8.2,148,9
15785,1,ma,2,perm,sochum,ls,7.8,204,14
15786,1,ma,2,perm,sochum,ls,7.6,156,13
15787,1,ma,2,perm,sochum,ls,7.6,479,12
15788,1,ma,2,perm,sochum,ls,7.4,143,7
15789,0,ma,2,perm,sochum,ls,7.4,0,0
15790,1,ma,2,perm,sochum,ls,7.2,219,11
15791,1,ma,2,perm,sochum,ls,7,142,12
15792,2,ma,2,perm,sochum,ls,6,690,11
15793,2,ma,2,perm,sochum,ls,5.4,348,14
15794,2,ma,2,perm,sochum,ls,5.2,308,11
15795,1,ma,2,perm,sochum,ls,5.2,150,7
15796,0,ma,1,msk,demography_institute,demography,8.5,0,0
15797,0,ma,1,msk,demography_institute,demography,8.5,0,0
15798,2,ma,1,msk,demography_institute,demography,8,52,9
15799,1,ma,1,msk,demography_institute,demography,8,717,35
15800,1,ma,1,msk,demography_institute,demography,8,1138,60
15801,1,ma,1,msk,demography_institute,demography,8,416,62
15802,2,ma,1,msk,demography_institute,demography,8,226,27
15803,2,ma,1,msk,demography_institute,demography,7.5,260,97
15804,2,ma,1,msk,demography_institute,demography,7.5,321,20
15805,2,ma,1,msk,demography_institute,demography,7.5,277,40
15806,1,ma,1,msk,demography_institute,demography,7.5,0,0
15807,1,ma,1,msk,demography_institute,demography,7,49,17
15808,1,ma,1,msk,demography_institute,demography,7,141,21
15809,1,ma,1,msk,demography_institute,demography,7,199,25
15810,1,ma,1,msk,demography_institute,demography,7,283,23
15811,0,ma,1,msk,demography_institute,demography,7,0,0
15812,1,ma,1,msk,demography_institute,demography,6.5,783,41
15813,1,ma,1,msk,demography_institute,demography,6.5,337,22
15814,1,ma,1,msk,demography_institute,demography,6.5,336,21
15815,2,ma,1,msk,demography_institute,demography,6.5,453,15
15816,1,ma,1,msk,demography_institute,demography,6,88,18
15817,1,ma,1,msk,demography_institute,demography,6,125,12
15818,0,ma,1,msk,demography_institute,demography,6,0,0
15819,2,ma,1,msk,demography_institute,demography,5,0,0
15820,2,ma,2,msk,demography_institute,demography,8.5,279,26
15821,1,ma,2,msk,demography_institute,demography,8.3,1211,16
15822,1,ma,2,msk,demography_institute,demography,7.8,138,43
15823,1,ma,2,msk,demography_institute,demography,7,133,33
15824,1,ma,2,msk,demography_institute,demography,6.5,46,17
15825,2,ma,2,msk,demography_institute,demography,6.7,137,58
15826,2,ma,2,msk,demography_institute,demography,6.5,187,53
15827,1,ma,2,msk,demography_institute,demography,6.2,202,17
15828,1,ma,2,msk,demography_institute,demography,5.8,142,10
15829,2,ma,2,msk,demography_institute,demography,5.2,158,13
15830,0,ma,2,msk,demography_institute,demography,4.7,0,0
15831,0,ma,1,msk,demography_institute,pd,9.3,0,0
15832,0,ma,1,msk,demography_institute,pd,9.3,0,0
15833,1,ma,1,msk,demography_institute,pd,8.6,341,16
15834,0,ma,1,msk,demography_institute,pd,8.7,0,0
15835,1,ma,1,msk,demography_institute,pd,8.3,250,20
15836,0,ma,1,msk,demography_institute,pd,8.3,0,0
15837,1,ma,1,msk,demography_institute,pd,8,409,51
15838,0,ma,1,msk,demography_institute,pd,7.7,0,0
15839,0,ma,1,msk,demography_institute,pd,7.7,0,0
15840,2,ma,1,msk,demography_institute,pd,7.7,335,12
15841,0,ma,1,msk,demography_institute,pd,7.7,0,0
15842,2,ma,1,msk,demography_institute,pd,7.3,16,7
15843,1,ma,1,msk,demography_institute,pd,7.3,350,55
15844,1,ma,1,msk,demography_institute,pd,7.3,421,66
15845,0,ma,1,msk,demography_institute,pd,7,0,0
15846,1,ma,1,msk,demography_institute,pd,7,157,14
15847,0,ma,1,msk,demography_institute,pd,7,0,0
15848,0,ma,1,msk,demography_institute,pd,7,0,0
15849,2,ma,1,msk,demography_institute,pd,7,158,13
15850,0,ma,1,msk,demography_institute,pd,7,0,0
15851,0,ma,1,msk,demography_institute,pd,6.7,0,0
15852,2,ma,1,msk,demography_institute,pd,6.7,79,17
15853,0,ma,1,msk,demography_institute,pd,6.7,0,0
15854,0,ma,1,msk,demography_institute,pd,6.7,0,0
15855,0,ma,1,msk,demography_institute,pd,6.7,0,0
15856,2,ma,1,msk,demography_institute,pd,6.3,190,28
15857,2,ma,1,msk,demography_institute,pd,6.3,294,9
15858,1,ma,1,msk,demography_institute,pd,6.3,276,18
15859,0,ma,1,msk,demography_institute,pd,6.3,0,0
15860,2,ma,1,msk,demography_institute,pd,6.3,168,34
15861,1,ma,1,msk,demography_institute,pd,6.3,163,37
15862,0,ma,1,msk,demography_institute,pd,6.3,0,0
15863,0,ma,1,msk,demography_institute,pd,6,0,0
15864,2,ma,1,msk,demography_institute,pd,6,184,15
15865,0,ma,1,msk,demography_institute,pd,5.7,0,0
15866,2,ma,1,msk,demography_institute,pd,5.7,68,16
15867,0,ma,1,msk,demography_institute,pd,5.3,0,0
15868,1,ma,1,msk,socsci,cogito,9,293,13
15869,2,ma,1,msk,socsci,cogito,8.7,95,8
15870,1,ma,1,msk,socsci,cogito,8.3,197,2
15871,1,ma,1,msk,socsci,cogito,7.7,326,2
15872,0,ma,1,msk,socsci,cogito,8.3,0,0
15873,2,ma,1,msk,socsci,cogito,8.3,3220,1
15874,1,ma,1,msk,socsci,cogito,8,219,4
15875,1,ma,1,msk,socsci,cogito,8,56,3
15876,0,ma,1,msk,socsci,cogito,7.3,0,0
15877,0,ma,1,msk,socsci,cogito,7,0,0
15878,1,ma,1,msk,socsci,cogito,7.7,162,20
15879,0,ma,1,msk,socsci,cogito,7,0,0
15880,0,ma,1,msk,socsci,cogito,7,0,0
15881,0,ma,1,msk,socsci,cogito,7,0,0
15882,2,ma,1,msk,socsci,cogito,7,411,12
15883,2,ma,1,msk,socsci,cogito,7,1068,45
15884,0,ma,1,msk,socsci,cogito,6,0,0
15885,2,ma,2,msk,socsci,cogito,8.6,416,46
15886,1,ma,2,msk,socsci,cogito,8.4,302,18
15887,1,ma,2,msk,socsci,cogito,8.4,549,76
15888,1,ma,2,msk,socsci,cogito,8.2,346,41
15889,1,ma,2,msk,socsci,cogito,8.4,280,23
15890,2,ma,2,msk,socsci,cogito,8,496,1
15891,2,ma,2,msk,socsci,cogito,7.8,269,36
15892,0,ma,2,msk,socsci,cogito,7.7,0,0
15893,0,ma,2,msk,socsci,cogito,7.8,0,0
15894,1,ma,2,msk,socsci,cogito,7.4,539,29
15895,1,ma,2,msk,socsci,cogito,7.2,132,18
15896,0,ma,2,msk,socsci,cogito,7.2,0,0
15897,1,ma,2,msk,socsci,cogito,7.2,79,15
15898,2,ma,2,msk,socsci,cogito,6.4,871,31
15899,1,ma,1,msk,socsci,consult,10,250,38
15900,2,ma,1,msk,socsci,consult,9.5,274,71
15901,2,ma,1,msk,socsci,consult,9.5,112,39
15902,1,ma,1,msk,socsci,consult,9.5,482,69
15903,1,ma,1,msk,socsci,consult,9.2,87,20
15904,1,ma,1,msk,socsci,consult,9,67,32
15905,0,ma,1,msk,socsci,consult,8.8,0,0
15906,2,ma,1,msk,socsci,consult,9,1064,155
15907,2,ma,1,msk,socsci,consult,9,66,46
15908,1,ma,1,msk,socsci,consult,9,107,26
15909,1,ma,1,msk,socsci,consult,9,292,78
15910,1,ma,1,msk,socsci,consult,9,178,47
15911,1,ma,1,msk,socsci,consult,9,345,87
15912,1,ma,1,msk,socsci,consult,8.8,283,46
15913,1,ma,1,msk,socsci,consult,8.6,2041,49
15914,1,ma,1,msk,socsci,consult,8.5,135,9
15915,1,ma,1,msk,socsci,consult,8.5,132,29
15916,1,ma,1,msk,socsci,consult,8.4,842,25
15917,1,ma,1,msk,socsci,consult,9.4,685,39
15918,1,ma,1,msk,socsci,consult,8.5,339,109
15919,1,ma,1,msk,socsci,consult,8.3,37,15
15920,1,ma,1,msk,socsci,consult,8.8,437,71
15921,1,ma,1,msk,socsci,consult,8.6,91,39
15922,0,ma,1,msk,socsci,consult,8.6,0,0
15923,1,ma,1,msk,socsci,consult,8.5,61,1
15924,1,ma,1,msk,socsci,consult,8.5,441,32
15925,1,ma,1,msk,socsci,consult,8.8,429,39
15926,1,ma,1,msk,socsci,consult,8.7,106,1
15927,1,ma,1,msk,socsci,consult,8.5,172,27
15928,2,ma,1,msk,socsci,consult,8.5,123,25
15929,1,ma,1,msk,socsci,consult,8.5,63,1
15930,1,ma,1,msk,socsci,consult,8.5,271,56
15931,2,ma,1,msk,socsci,consult,8.5,233,69
15932,1,ma,1,msk,socsci,consult,8.2,97,12
15933,1,ma,1,msk,socsci,consult,8.2,609,84
15934,0,ma,1,msk,socsci,consult,8.2,0,0
15935,0,ma,1,msk,socsci,consult,8.2,0,0
15936,0,ma,1,msk,socsci,consult,8.2,0,0
15937,1,ma,1,msk,socsci,consult,8,182,32
15938,0,ma,1,msk,socsci,consult,8,0,0
15939,1,ma,1,msk,socsci,consult,8,709,60
15940,1,ma,1,msk,socsci,consult,8.5,123,48
15941,0,ma,1,msk,socsci,consult,8.3,0,0
15942,2,ma,1,msk,socsci,consult,7.5,71,21
15943,1,ma,1,msk,socsci,consult,8,95,25
15944,1,ma,1,msk,socsci,consult,8,228,33
15945,1,ma,1,msk,socsci,consult,8,236,48
15946,1,ma,1,msk,socsci,consult,8,37,23
15947,1,ma,1,msk,socsci,consult,8,141,32
15948,1,ma,1,msk,socsci,consult,7.8,269,68
15949,1,ma,1,msk,socsci,consult,7.2,232,57
15950,0,ma,1,msk,socsci,consult,7.8,0,0
15951,1,ma,1,msk,socsci,consult,7.5,304,48
15952,2,ma,1,msk,socsci,consult,6.5,51,24
15953,1,ma,2,msk,socsci,consult,9.6,265,28
15954,1,ma,2,msk,socsci,consult,9.6,309,21
15955,1,ma,2,msk,socsci,consult,9.4,105,29
15956,1,ma,2,msk,socsci,consult,9.2,258,29
15957,0,ma,2,msk,socsci,consult,9.2,0,0
15958,2,ma,2,msk,socsci,consult,9.4,3,1
15959,1,ma,2,msk,socsci,consult,9,201,38
15960,1,ma,2,msk,socsci,consult,9,290,80
15961,1,ma,2,msk,socsci,consult,8.8,94,40
15962,1,ma,2,msk,socsci,consult,8.8,89,34
15963,1,ma,2,msk,socsci,consult,8.8,82,21
15964,1,ma,2,msk,socsci,consult,8.8,283,46
15965,0,ma,2,msk,socsci,consult,8.8,0,0
15966,1,ma,2,msk,socsci,consult,8.8,599,157
15967,1,ma,2,msk,socsci,consult,8.5,199,34
15968,1,ma,2,msk,socsci,consult,8.5,131,26
15969,1,ma,2,msk,socsci,consult,8.4,507,49
15970,1,ma,2,msk,socsci,consult,8.5,71,22
15971,1,ma,2,msk,socsci,consult,8.4,419,100
15972,1,ma,2,msk,socsci,consult,8.4,329,27
15973,2,ma,2,msk,socsci,consult,8.5,316,41
15974,1,ma,2,msk,socsci,consult,8.2,79,24
15975,1,ma,2,msk,socsci,consult,8.2,629,41
15976,1,ma,2,msk,socsci,consult,8.2,90,11
15977,0,ma,2,msk,socsci,consult,8.2,0,0
15978,1,ma,2,msk,socsci,consult,7.8,165,20
15979,1,ma,2,msk,socsci,consult,7.8,107,25
15980,0,ma,2,msk,socsci,consult,7.8,0,0
15981,2,ma,2,msk,socsci,consult,7.8,589,93
15982,1,ma,2,msk,socsci,consult,7.8,151,51
15983,1,ma,2,msk,socsci,consult,7.5,357,3
15984,1,ma,2,msk,socsci,consult,7.5,215,37
15985,1,ma,2,msk,socsci,consult,7,880,65
15986,1,ma,2,msk,socsci,consult,7.4,123,29
15987,1,ma,2,msk,socsci,consult,6.8,128,24
15988,2,ma,2,msk,socsci,consult,6.8,45,22
15989,2,ma,2,msk,socsci,consult,6.6,923,61
15990,2,ma,2,msk,socsci,consult,6.2,488,39
15991,1,ma,2,msk,socsci,consult,6.2,154,38
15992,2,ma,2,msk,socsci,consult,6,366,44
15993,1,ma,2,msk,socsci,consult,5.2,47,19
15994,1,ma,2,msk,socsci,consult,4.5,250,42
15995,2,ma,1,msk,socsci,csa,8.8,156,34
15996,1,ma,1,msk,socsci,csa,8,155,31
15997,1,ma,1,msk,socsci,csa,7.4,279,17
15998,0,ma,1,msk,socsci,csa,7.8,0,0
15999,1,ma,1,msk,socsci,csa,7.6,358,20
16000,2,ma,1,msk,socsci,csa,7.7,383,71
16001,1,ma,1,msk,socsci,csa,7,60,11
16002,1,ma,1,msk,socsci,csa,7.2,155,35
16003,1,ma,1,msk,socsci,csa,7.6,169,19
16004,1,ma,1,msk,socsci,csa,7.5,487,155
16005,1,ma,1,msk,socsci,csa,7.4,342,27
16006,1,ma,1,msk,socsci,csa,7.2,299,51
16007,2,ma,1,msk,socsci,csa,7,221,11
16008,0,ma,1,msk,socsci,csa,6.8,0,0
16009,1,ma,1,msk,socsci,csa,6.8,668,43
16010,1,ma,1,msk,socsci,csa,6.4,338,20
16011,1,ma,1,msk,socsci,csa,6.6,323,20
16012,1,ma,1,msk,socsci,csa,5.8,149,41
16013,1,ma,1,msk,socsci,csa,5.2,725,100
16014,0,ma,1,msk,socsci,csa,4,0,0
16015,1,ma,2,msk,socsci,csa,9.2,351,20
16016,2,ma,2,msk,socsci,csa,9.2,395,242
16017,1,ma,2,msk,socsci,csa,9,296,18
16018,1,ma,2,msk,socsci,csa,8.4,339,27
16019,1,ma,2,msk,socsci,csa,8.2,17,12
16020,1,ma,2,msk,socsci,csa,8,128,25
16021,2,ma,2,msk,socsci,csa,7.8,420,24
16022,2,ma,2,msk,socsci,csa,7.6,344,68
16023,1,ma,2,msk,socsci,csa,7.6,183,31
16024,1,ma,2,msk,socsci,csa,7.2,169,22
16025,1,ma,2,msk,socsci,csa,7,168,18
16026,2,ma,2,msk,socsci,csa,6.6,160,20
16027,0,ma,2,msk,socsci,csa,6,0,0
16028,2,ma,2,msk,socsci,csa,6,381,105
16029,0,ma,2,msk,socsci,csa,5.6,0,0
16030,1,ma,2,msk,socsci,csa,5,44,5
16031,1,ma,2,msk,socsci,csa,4.8,234,18
16032,1,ma,1,msk,socsci,csr,9,329,43
16033,0,ma,1,msk,socsci,csr,8,0,0
16034,1,ma,1,msk,socsci,csr,7.7,279,81
16035,1,ma,1,msk,socsci,csr,7.4,144,23
16036,1,ma,1,msk,socsci,csr,7.7,198,33
16037,1,ma,1,msk,socsci,csr,8,170,53
16038,0,ma,1,msk,socsci,csr,7.2,0,0
16039,0,ma,1,msk,socsci,csr,6.9,0,0
16040,1,ma,1,msk,socsci,csr,6.9,448,61
16041,1,ma,1,msk,socsci,csr,6.8,88,14
16042,1,ma,1,msk,socsci,csr,6.7,95,30
16043,1,ma,1,msk,socsci,csr,6.7,216,54
16044,1,ma,1,msk,socsci,csr,6.3,540,109
16045,1,ma,1,msk,socsci,csr,6.3,355,57
16046,1,ma,1,msk,socsci,csr,6.4,303,56
16047,0,ma,1,msk,socsci,csr,5.4,0,0
16048,0,ma,1,msk,socsci,csr,6,0,0
16049,1,ma,1,msk,socsci,csr,4.5,506,28
16050,1,ma,2,msk,socsci,csr,10,80,7
16051,0,ma,2,msk,socsci,csr,9,0,0
16052,0,ma,2,msk,socsci,csr,9,0,0
16053,1,ma,2,msk,socsci,csr,8.5,213,24
16054,0,ma,2,msk,socsci,csr,8,0,0
16055,1,ma,2,msk,socsci,csr,8,588,66
16056,1,ma,2,msk,socsci,csr,7.5,1193,41
16057,1,ma,2,msk,socsci,csr,7,94,1
16058,1,ma,2,msk,socsci,csr,6.5,473,33
16059,1,ma,2,msk,socsci,csr,8,235,15
16060,2,ma,2,msk,socsci,csr,5,79,20
16061,1,ma,2,msk,socsci,csr,6,323,18
16062,1,ma,1,msk,socsci,family,9.3,746,1
16063,0,ma,1,msk,socsci,family,9.2,0,0
16064,1,ma,1,msk,socsci,family,9,271,59
16065,1,ma,1,msk,socsci,family,9,309,63
16066,1,ma,1,msk,socsci,family,9,265,7
16067,1,ma,1,msk,socsci,family,8.8,360,9
16068,1,ma,1,msk,socsci,family,9,9,7
16069,1,ma,1,msk,socsci,family,8.3,8,5
16070,1,ma,1,msk,socsci,family,8.8,355,16
16071,1,ma,1,msk,socsci,family,7,80,17
16072,0,ma,1,msk,socsci,family,7.8,0,0
16073,2,ma,1,msk,socsci,family,7,27,3
16074,0,ma,1,msk,socsci,family,4.3,0,0
16075,1,ma,2,msk,socsci,family,10,138,6
16076,1,ma,2,msk,socsci,family,9.7,672,12
16077,1,ma,2,msk,socsci,family,9.6,78,6
16078,0,ma,2,msk,socsci,family,9.3,0,0
16079,1,ma,2,msk,socsci,family,8.9,483,16
16080,1,ma,2,msk,socsci,family,9.1,56,6
16081,1,ma,2,msk,socsci,family,9,119,1
16082,1,ma,2,msk,socsci,family,8.6,213,7
16083,1,ma,2,msk,socsci,family,8.6,128,13
16084,1,ma,1,msk,socsci,gmu,9.5,266,65
16085,1,ma,1,msk,socsci,gmu,9.2,345,59
16086,0,ma,1,msk,socsci,gmu,9,0,0
16087,1,ma,1,msk,socsci,gmu,8.5,85,22
16088,1,ma,1,msk,socsci,gmu,8.3,138,21
16089,0,ma,1,msk,socsci,gmu,8.2,0,0
16090,1,ma,1,msk,socsci,gmu,8,52,17
16091,1,ma,1,msk,socsci,gmu,7.8,387,30
16092,1,ma,1,msk,socsci,gmu,7.7,236,23
16093,2,ma,1,msk,socsci,gmu,8.2,127,10
16094,2,ma,1,msk,socsci,gmu,7.5,21,18
16095,1,ma,1,msk,socsci,gmu,7,135,21
16096,2,ma,1,msk,socsci,gmu,7.2,49,17
16097,2,ma,1,msk,socsci,gmu,7.3,297,4
16098,1,ma,1,msk,socsci,gmu,7.2,223,64
16099,2,ma,1,msk,socsci,gmu,7,272,64
16100,1,ma,1,msk,socsci,gmu,6.8,301,29
16101,2,ma,1,msk,socsci,gmu,7.2,89,25
16102,1,ma,1,msk,socsci,gmu,6.8,128,23
16103,2,ma,1,msk,socsci,gmu,7.3,0,0
16104,1,ma,1,msk,socsci,gmu,7,1420,251
16105,0,ma,1,msk,socsci,gmu,7.2,0,0
16106,2,ma,1,msk,socsci,gmu,7,183,41
16107,1,ma,1,msk,socsci,gmu,7.2,24,16
16108,2,ma,1,msk,socsci,gmu,7.2,151,21
16109,1,ma,1,msk,socsci,gmu,7.2,98,16
16110,1,ma,1,msk,socsci,gmu,7.2,278,29
16111,2,ma,1,msk,socsci,gmu,6.7,105,18
16112,1,ma,1,msk,socsci,gmu,6.7,145,25
16113,1,ma,1,msk,socsci,gmu,6.5,189,36
16114,2,ma,1,msk,socsci,gmu,6.5,247,46
16115,0,ma,1,msk,socsci,gmu,6.3,0,0
16116,1,ma,1,msk,socsci,gmu,6.2,134,37
16117,2,ma,1,msk,socsci,gmu,6.5,126,41
16118,0,ma,1,msk,socsci,gmu,6.5,0,0
16119,1,ma,1,msk,socsci,gmu,6.8,357,31
16120,2,ma,1,msk,socsci,gmu,6.3,172,25
16121,1,ma,1,msk,socsci,gmu,6.2,296,26
16122,2,ma,1,msk,socsci,gmu,6.3,260,42
16123,2,ma,1,msk,socsci,gmu,5.3,108,31
16124,1,ma,1,msk,socsci,gmu,5.7,1462,64
16125,2,ma,1,msk,socsci,gmu,5.2,425,47
16126,2,ma,1,msk,socsci,gmu,5,459,72
16127,1,ma,1,msk,socsci,gmu,5.3,346,68
16128,2,ma,2,msk,socsci,gmu,9.5,534,28
16129,2,ma,2,msk,socsci,gmu,9.5,110,17
16130,1,ma,2,msk,socsci,gmu,9,197,55
16131,2,ma,2,msk,socsci,gmu,9,1256,84
16132,2,ma,2,msk,socsci,gmu,8.8,196,25
16133,2,ma,2,msk,socsci,gmu,8.8,60,31
16134,0,ma,2,msk,socsci,gmu,8.5,0,0
16135,2,ma,2,msk,socsci,gmu,8.5,253,30
16136,1,ma,2,msk,socsci,gmu,8.5,89,1
16137,1,ma,2,msk,socsci,gmu,8.2,355,43
16138,1,ma,2,msk,socsci,gmu,8,588,21
16139,1,ma,2,msk,socsci,gmu,7.8,651,75
16140,1,ma,2,msk,socsci,gmu,7.5,165,18
16141,1,ma,2,msk,socsci,gmu,7.5,268,59
16142,2,ma,2,msk,socsci,gmu,7.5,380,62
16143,1,ma,2,msk,socsci,gmu,7.2,177,16
16144,0,ma,2,msk,socsci,gmu,7.2,0,0
16145,1,ma,2,msk,socsci,gmu,7.2,80,19
16146,2,ma,2,msk,socsci,gmu,6.8,208,46
16147,0,ma,2,msk,socsci,gmu,6.5,0,0
16148,2,ma,2,msk,socsci,gmu,6.5,202,19
16149,2,ma,2,msk,socsci,gmu,6.5,231,40
16150,1,ma,2,msk,socsci,gmu,6.5,91,25
16151,1,ma,2,msk,socsci,gmu,4.8,324,26
16152,2,ma,2,msk,socsci,gmu,0,86,3
16153,1,ma,1,msk,socsci,health,9.2,272,30
16154,1,ma,1,msk,socsci,health,9.4,287,79
16155,1,ma,1,msk,socsci,health,9,30,18
16156,2,ma,1,msk,socsci,health,8.9,163,31
16157,0,ma,1,msk,socsci,health,8.8,0,0
16158,1,ma,1,msk,socsci,health,8.5,94,17
16159,1,ma,1,msk,socsci,health,8.8,713,32
16160,2,ma,1,msk,socsci,health,9,700,18
16161,2,ma,1,msk,socsci,health,8.9,142,39
16162,1,ma,1,msk,socsci,health,8.2,222,20
16163,1,ma,1,msk,socsci,health,8.9,113,15
16164,2,ma,1,msk,socsci,health,8,0,0
16165,1,ma,1,msk,socsci,health,8.4,119,23
16166,1,ma,1,msk,socsci,health,8.1,226,28
16167,1,ma,1,msk,socsci,health,8.1,24,7
16168,1,ma,1,msk,socsci,health,8.5,444,18
16169,1,ma,1,msk,socsci,health,8.6,67,17
16170,0,ma,1,msk,socsci,health,8.4,0,0
16171,1,ma,1,msk,socsci,health,7.2,182,16
16172,0,ma,1,msk,socsci,health,8.4,0,0
16173,0,ma,1,msk,socsci,health,8.2,0,0
16174,1,ma,1,msk,socsci,health,7.6,264,45
16175,1,ma,1,msk,socsci,health,8.1,532,9
16176,1,ma,1,msk,socsci,health,8.2,394,23
16177,2,ma,1,msk,socsci,health,7.6,43,8
16178,0,ma,1,msk,socsci,health,7.9,0,0
16179,0,ma,1,msk,socsci,health,8.1,0,0
16180,1,ma,1,msk,socsci,health,8,137,34
16181,2,ma,1,msk,socsci,health,7.6,0,0
16182,1,ma,1,msk,socsci,health,7.9,3,0
16183,2,ma,1,msk,socsci,health,7.4,237,14
16184,1,ma,1,msk,socsci,health,7.9,6,5
16185,1,ma,1,msk,socsci,health,7.8,156,24
16186,1,ma,1,msk,socsci,health,7.4,114,8
16187,2,ma,1,msk,socsci,health,7.5,371,42
16188,0,ma,1,msk,socsci,health,6.6,0,0
16189,0,ma,1,msk,socsci,health,7.1,0,0
16190,0,ma,1,msk,socsci,health,7.1,0,0
16191,0,ma,1,msk,socsci,health,7.1,0,0
16192,0,ma,1,msk,socsci,health,6.6,0,0
16193,0,ma,1,msk,socsci,health,6.5,0,0
16194,2,ma,1,msk,socsci,health,6.4,292,36
16195,0,ma,1,msk,socsci,health,5.5,0,0
16196,1,ma,2,msk,socsci,health,10,274,22
16197,1,ma,2,msk,socsci,health,10,61,20
16198,0,ma,2,msk,socsci,health,9.5,0,0
16199,1,ma,2,msk,socsci,health,9.2,198,18
16200,1,ma,2,msk,socsci,health,9.2,237,13
16201,1,ma,2,msk,socsci,health,9,7,3
16202,2,ma,2,msk,socsci,health,9,639,22
16203,1,ma,2,msk,socsci,health,8.8,346,1
16204,2,ma,2,msk,socsci,health,8.8,95,14
16205,1,ma,2,msk,socsci,health,8.8,440,77
16206,2,ma,2,msk,socsci,health,8.8,0,0
16207,1,ma,2,msk,socsci,health,8.8,135,41
16208,2,ma,2,msk,socsci,health,8.8,283,13
16209,1,ma,2,msk,socsci,health,8.5,216,20
16210,0,ma,2,msk,socsci,health,8.5,0,0
16211,0,ma,2,msk,socsci,health,8.2,0,0
16212,0,ma,2,msk,socsci,health,8.2,0,0
16213,2,ma,2,msk,socsci,health,8.2,938,119
16214,2,ma,2,msk,socsci,health,8.2,370,18
16215,1,ma,2,msk,socsci,health,8,4,3
16216,2,ma,2,msk,socsci,health,8,189,39
16217,2,ma,2,msk,socsci,health,7.8,184,5
16218,1,ma,2,msk,socsci,health,7.8,325,53
16219,0,ma,2,msk,socsci,health,7.8,0,0
16220,2,ma,2,msk,socsci,health,7,74,20
16221,1,ma,2,msk,socsci,health,7.2,284,26
16222,2,ma,2,msk,socsci,health,7,244,19
16223,2,ma,2,msk,socsci,health,6.8,344,2
16224,2,ma,2,msk,socsci,health,6.8,777,10
16225,1,ma,2,msk,socsci,health,6,737,20
16226,2,ma,2,msk,socsci,health,6,486,9
16227,0,ma,2,msk,socsci,health,0,0,0
16228,1,ma,1,msk,socsci,msa,9.3,405,68
16229,1,ma,1,msk,socsci,msa,9.3,665,125
16230,2,ma,1,msk,socsci,msa,8.2,63,15
16231,1,ma,1,msk,socsci,msa,8,234,81
16232,2,ma,1,msk,socsci,msa,8,158,48
16233,2,ma,1,msk,socsci,msa,7.7,126,25
16234,2,ma,1,msk,socsci,msa,7.7,314,29
16235,1,ma,1,msk,socsci,msa,7.7,343,45
16236,1,ma,1,msk,socsci,msa,7.7,308,97
16237,1,ma,1,msk,socsci,msa,7.5,103,27
16238,1,ma,1,msk,socsci,msa,7.3,123,42
16239,1,ma,1,msk,socsci,msa,7.8,245,51
16240,1,ma,1,msk,socsci,msa,7.3,170,34
16241,2,ma,1,msk,socsci,msa,7.3,84,45
16242,1,ma,1,msk,socsci,msa,7.3,1788,9
16243,1,ma,1,msk,socsci,msa,7.3,307,33
16244,0,ma,1,msk,socsci,msa,7,0,0
16245,1,ma,1,msk,socsci,msa,7,282,31
16246,1,ma,1,msk,socsci,msa,7,106,24
16247,1,ma,1,msk,socsci,msa,7.5,507,133
16248,1,ma,1,msk,socsci,msa,6.7,394,50
16249,1,ma,1,msk,socsci,msa,6.7,51,18
16250,1,ma,1,msk,socsci,msa,6.6,0,0
16251,2,ma,1,msk,socsci,msa,6.8,289,45
16252,1,ma,1,msk,socsci,msa,6,249,51
16253,2,ma,1,msk,socsci,msa,5,150,23
16254,2,ma,1,msk,socsci,msa,4.7,332,116
16255,2,ma,1,msk,socsci,msa,0,118,36
16256,1,ma,2,msk,socsci,msa,9.3,39,1
16257,1,ma,2,msk,socsci,msa,9,187,39
16258,1,ma,2,msk,socsci,msa,9,221,57
16259,1,ma,2,msk,socsci,msa,9,203,26
16260,1,ma,2,msk,socsci,msa,8.6,816,130
16261,1,ma,2,msk,socsci,msa,8.4,695,69
16262,1,ma,2,msk,socsci,msa,8.4,603,25
16263,0,ma,2,msk,socsci,msa,8.4,0,0
16264,1,ma,2,msk,socsci,msa,8,342,51
16265,1,ma,2,msk,socsci,msa,7.8,308,31
16266,1,ma,2,msk,socsci,msa,7.8,119,37
16267,1,ma,2,msk,socsci,msa,7.8,134,23
16268,0,ma,2,msk,socsci,msa,7.5,0,0
16269,1,ma,2,msk,socsci,msa,7.2,508,22
16270,2,ma,2,msk,socsci,msa,7.2,418,141
16271,1,ma,2,msk,socsci,msa,6.8,151,43
16272,1,ma,2,msk,socsci,msa,6.6,67,14
16273,1,ma,2,msk,socsci,msa,6,546,91
16274,2,ma,2,msk,socsci,msa,5.8,397,72
16275,1,ma,2,msk,socsci,msa,5,184,60
16276,1,ma,2,msk,socsci,msa,5,260,10
16277,2,ma,1,msk,socsci,pb,9,238,29
16278,1,ma,1,msk,socsci,pb,9,45,4
16279,1,ma,1,msk,socsci,pb,9,293,51
16280,1,ma,1,msk,socsci,pb,9,319,41
16281,1,ma,1,msk,socsci,pb,9,130,10
16282,0,ma,1,msk,socsci,pb,9,0,0
16283,1,ma,1,msk,socsci,pb,8.7,367,18
16284,2,ma,1,msk,socsci,pb,8.3,38,5
16285,1,ma,1,msk,socsci,pb,8.3,391,12
16286,2,ma,1,msk,socsci,pb,8.3,300,12
16287,1,ma,1,msk,socsci,pb,8,154,9
16288,2,ma,1,msk,socsci,pb,8,25,0
16289,0,ma,1,msk,socsci,pb,7.7,0,0
16290,0,ma,1,msk,socsci,pb,9,0,0
16291,0,ma,1,msk,socsci,pb,8.7,0,0
16292,0,ma,1,msk,socsci,pb,8.3,0,0
16293,1,ma,1,msk,socsci,pb,8,64,1
16294,0,ma,1,msk,socsci,pb,6,0,0
16295,1,ma,1,msk,socsci,pb,5.7,84,3
16296,0,ma,1,msk,socsci,pb,8,0,0
16297,1,ma,2,msk,socsci,pb,9.2,175,1
16298,1,ma,2,msk,socsci,pb,8.6,137,15
16299,2,ma,2,msk,socsci,pb,8.4,163,40
16300,1,ma,2,msk,socsci,pb,8.4,216,52
16301,1,ma,2,msk,socsci,pb,8.4,315,19
16302,2,ma,2,msk,socsci,pb,8.4,234,59
16303,1,ma,2,msk,socsci,pb,8.4,191,52
16304,0,ma,2,msk,socsci,pb,8.4,0,0
16305,1,ma,2,msk,socsci,pb,8.2,157,18
16306,0,ma,2,msk,socsci,pb,8.2,0,0
16307,1,ma,2,msk,socsci,pb,8.2,191,36
16308,1,ma,2,msk,socsci,pb,8,69,18
16309,1,ma,2,msk,socsci,pb,8,680,23
16310,1,ma,2,msk,socsci,pb,8,592,1
16311,1,ma,2,msk,socsci,pb,7.8,336,73
16312,2,ma,2,msk,socsci,pb,7.8,143,70
16313,1,ma,2,msk,socsci,pb,7.8,275,44
16314,1,ma,2,msk,socsci,pb,7.2,823,106
16315,1,ma,2,msk,socsci,pb,7.2,285,11
16316,2,ma,2,msk,socsci,pb,6.8,295,90
16317,2,ma,2,msk,socsci,pb,6.6,65,30
16318,0,ma,2,msk,socsci,pb,5.8,0,0
16319,1,ma,1,msk,socsci,pep,8.8,609,34
16320,0,ma,1,msk,socsci,pep,8.8,0,0
16321,0,ma,1,msk,socsci,pep,7.8,0,0
16322,2,ma,1,msk,socsci,pep,7,451,29
16323,1,ma,1,msk,socsci,pep,7.8,171,30
16324,2,ma,1,msk,socsci,pep,8,123,33
16325,2,ma,1,msk,socsci,pep,7.5,355,97
16326,1,ma,1,msk,socsci,pep,7.5,213,50
16327,1,ma,1,msk,socsci,pep,7.5,349,32
16328,1,ma,1,msk,socsci,pep,8,109,22
16329,1,ma,1,msk,socsci,pep,7.5,203,29
16330,2,ma,1,msk,socsci,pep,7,47,16
16331,1,ma,1,msk,socsci,pep,7.2,378,23
16332,1,ma,1,msk,socsci,pep,7.5,149,40
16333,0,ma,1,msk,socsci,pep,7,0,0
16334,1,ma,1,msk,socsci,pep,6.7,537,25
16335,2,ma,1,msk,socsci,pep,6.7,531,81
16336,1,ma,1,msk,socsci,pep,6.7,338,86
16337,2,ma,1,msk,socsci,pep,6.8,196,44
16338,2,ma,1,msk,socsci,pep,6.5,199,41
16339,2,ma,1,msk,socsci,pep,6.5,860,142
16340,2,ma,1,msk,socsci,pep,6,380,22
16341,1,ma,1,msk,socsci,pep,6.2,217,20
16342,0,ma,1,msk,socsci,pep,5.2,0,0
16343,2,ma,1,msk,socsci,pep,6.2,445,69
16344,1,ma,1,msk,socsci,pep,5.8,773,104
16345,0,ma,1,msk,socsci,pep,5.5,0,0
16346,1,ma,2,msk,socsci,pep,9,313,22
16347,0,ma,2,msk,socsci,pep,9,0,0
16348,1,ma,2,msk,socsci,pep,8.8,346,17
16349,2,ma,2,msk,socsci,pep,7.8,464,50
16350,0,ma,2,msk,socsci,pep,8,0,0
16351,2,ma,2,msk,socsci,pep,7.8,11,4
16352,2,ma,2,msk,socsci,pep,7.4,43,9
16353,0,ma,2,msk,socsci,pep,7,0,0
16354,2,ma,2,msk,socsci,pep,6.8,134,23
16355,2,ma,2,msk,socsci,pep,6.2,644,16
16356,2,ma,2,msk,socsci,pep,6,405,11
16357,2,ma,2,msk,socsci,pep,5.8,79,15
16358,2,ma,1,msk,socsci,ps,9.2,111,22
16359,1,ma,1,msk,socsci,ps,8.7,442,103
16360,1,ma,1,msk,socsci,ps,8.5,906,33
16361,1,ma,1,msk,socsci,ps,8.2,87,53
16362,2,ma,1,msk,socsci,ps,8.2,401,72
16363,1,ma,1,msk,socsci,ps,8,375,72
16364,1,ma,1,msk,socsci,ps,8,183,48
16365,1,ma,1,msk,socsci,ps,8,269,109
16366,1,ma,1,msk,socsci,ps,8,316,82
16367,2,ma,1,msk,socsci,ps,8.2,634,48
16368,1,ma,1,msk,socsci,ps,7.8,182,22
16369,1,ma,1,msk,socsci,ps,7.8,325,28
16370,1,ma,1,msk,socsci,ps,8,214,31
16371,2,ma,1,msk,socsci,ps,7.8,100,28
16372,1,ma,1,msk,socsci,ps,7.3,412,53
16373,2,ma,1,msk,socsci,ps,7.3,119,32
16374,1,ma,1,msk,socsci,ps,6.4,39,1
16375,2,ma,1,msk,socsci,ps,6.8,73,18
16376,1,ma,1,msk,socsci,ps,7.8,298,15
16377,1,ma,1,msk,socsci,ps,7.8,246,26
16378,1,ma,1,msk,socsci,ps,7.2,285,61
16379,1,ma,1,msk,socsci,ps,8,240,43
16380,0,ma,1,msk,socsci,ps,6.6,0,0
16381,2,ma,1,msk,socsci,ps,6.4,44,20
16382,2,ma,1,msk,socsci,ps,6.2,170,34
16383,2,ma,1,msk,socsci,ps,7,209,29
16384,1,ma,1,msk,socsci,ps,6.8,62,12
16385,2,ma,1,msk,socsci,ps,6.8,212,18
16386,2,ma,2,msk,socsci,ps,9.2,508,128
16387,1,ma,2,msk,socsci,ps,8.8,243,23
16388,1,ma,2,msk,socsci,ps,8.6,207,70
16389,1,ma,2,msk,socsci,ps,8.2,173,29
16390,2,ma,2,msk,socsci,ps,8.2,21,7
16391,1,ma,2,msk,socsci,ps,8,202,22
16392,0,ma,2,msk,socsci,ps,8,0,0
16393,2,ma,2,msk,socsci,ps,7.8,308,29
16394,0,ma,2,msk,socsci,ps,7.6,0,0
16395,1,ma,2,msk,socsci,ps,7.4,195,15
16396,2,ma,2,msk,socsci,ps,7.2,230,36
16397,2,ma,2,msk,socsci,ps,7.2,169,11
16398,0,ma,2,msk,socsci,ps,7,0,0
16399,1,ma,2,msk,socsci,ps,6.8,211,17
16400,1,ma,2,msk,socsci,ps,6.6,725,33
16401,2,ma,1,msk,socsci,public,8.6,113,49
16402,1,ma,1,msk,socsci,public,8,189,53
16403,1,ma,1,msk,socsci,public,7.8,132,37
16404,1,ma,1,msk,socsci,public,7.8,239,44
16405,1,ma,1,msk,socsci,public,7.8,168,57
16406,0,ma,1,msk,socsci,public,7.5,0,0
16407,1,ma,1,msk,socsci,public,7.2,158,37
16408,1,ma,1,msk,socsci,public,7,127,48
16409,1,ma,1,msk,socsci,public,7.1,1327,395
16410,1,ma,1,msk,socsci,public,6.5,175,29
16411,1,ma,1,msk,socsci,public,6.9,298,88
16412,1,ma,1,msk,socsci,public,6.7,187,56
16413,1,ma,1,msk,socsci,public,6.7,424,96
16414,1,ma,1,msk,socsci,public,6.7,122,18
16415,1,ma,1,msk,socsci,public,6.5,154,20
16416,0,ma,1,msk,socsci,public,6.4,0,0
16417,2,ma,1,msk,socsci,public,6.3,86,23
16418,1,ma,1,msk,socsci,public,6,479,65
16419,2,ma,1,msk,socsci,public,5.9,473,57
16420,1,ma,1,msk,socsci,public,5.5,89,25
16421,2,ma,1,msk,socsci,public,5.4,196,26
16422,1,ma,2,msk,socsci,public,8.4,52,12
16423,1,ma,2,msk,socsci,public,8.5,99,21
16424,2,ma,2,msk,socsci,public,8.2,490,68
16425,1,ma,2,msk,socsci,public,8.2,278,31
16426,1,ma,2,msk,socsci,public,8,641,67
16427,0,ma,2,msk,socsci,public,7.8,0,0
16428,1,ma,2,msk,socsci,public,7.8,376,31
16429,1,ma,2,msk,socsci,public,7.3,418,33
16430,1,ma,2,msk,socsci,public,7.2,272,35
16431,1,ma,2,msk,socsci,public,7.3,302,98
16432,1,ma,2,msk,socsci,public,7.2,187,22
16433,1,ma,2,msk,socsci,public,7.3,473,89
16434,2,ma,2,msk,socsci,public,7.2,321,24
16435,0,ma,2,msk,socsci,public,6.8,0,0
16436,2,ma,2,msk,socsci,public,6.5,340,36
16437,0,ma,2,msk,socsci,public,6,0,0
16438,1,ma,2,msk,socsci,public,5.3,150,33
16439,1,ma,2,msk,socsci,public,4.5,232,17
16440,1,ma,1,msk,socsci,socpsy,9.7,225,29
16441,0,ma,1,msk,socsci,socpsy,9.3,0,0
16442,1,ma,1,msk,socsci,socpsy,9.3,426,29
16443,0,ma,1,msk,socsci,socpsy,9,0,0
16444,1,ma,1,msk,socsci,socpsy,9,213,46
16445,1,ma,1,msk,socsci,socpsy,9,229,46
16446,1,ma,1,msk,socsci,socpsy,9,528,146
16447,1,ma,1,msk,socsci,socpsy,8.7,171,63
16448,1,ma,1,msk,socsci,socpsy,8,64,31
16449,1,ma,1,msk,socsci,socpsy,8.3,334,51
16450,1,ma,1,msk,socsci,socpsy,8.3,262,42
16451,1,ma,1,msk,socsci,socpsy,8.3,0,0
16452,0,ma,1,msk,socsci,socpsy,8,0,0
16453,1,ma,1,msk,socsci,socpsy,8,0,0
16454,1,ma,1,msk,socsci,socpsy,8,114,34
16455,2,ma,1,msk,socsci,socpsy,8,723,113
16456,1,ma,1,msk,socsci,socpsy,8,24,16
16457,1,ma,1,msk,socsci,socpsy,8,598,145
16458,1,ma,1,msk,socsci,socpsy,8,94,0
16459,1,ma,1,msk,socsci,socpsy,7.5,177,22
16460,1,ma,1,msk,socsci,socpsy,8.7,143,23
16461,0,ma,1,msk,socsci,socpsy,8.3,0,0
16462,1,ma,1,msk,socsci,socpsy,8,377,95
16463,1,ma,1,msk,socsci,socpsy,7.7,272,30
16464,0,ma,1,msk,socsci,socpsy,7.3,0,0
16465,1,ma,1,msk,socsci,socpsy,7,63,21
16466,1,ma,1,msk,socsci,socpsy,7,282,30
16467,2,ma,1,msk,socsci,socpsy,7,159,15
16468,0,ma,1,msk,socsci,socpsy,7,0,0
16469,0,ma,1,msk,socsci,socpsy,7,0,0
16470,1,ma,1,msk,socsci,socpsy,6,395,81
16471,1,ma,1,msk,socsci,socpsy,0,168,11
16472,1,ma,2,msk,socsci,socpsy,9,176,24
16473,1,ma,2,msk,socsci,socpsy,8.5,123,34
16474,1,ma,2,msk,socsci,socpsy,8.2,72,17
16475,1,ma,2,msk,socsci,socpsy,8.2,518,44
16476,1,ma,2,msk,socsci,socpsy,8.2,141,16
16477,2,ma,2,msk,socsci,socpsy,8.2,181,18
16478,1,ma,2,msk,socsci,socpsy,8.2,260,20
16479,0,ma,2,msk,socsci,socpsy,8.2,0,0
16480,1,ma,2,msk,socsci,socpsy,7.8,484,24
16481,1,ma,2,msk,socsci,socpsy,7.8,0,0
16482,2,ma,2,msk,socsci,socpsy,7.5,20,11
16483,2,ma,2,msk,socsci,socpsy,7,339,65
16484,2,ma,2,msk,socsci,socpsy,6.5,573,154
16485,2,ma,2,msk,socsci,socpsy,6.5,108,17
16486,1,ma,1,msk,law,histlaw,10,133,32
16487,1,ma,1,msk,law,lspm,10,159,33
16488,1,ma,1,msk,law,lspm,10,64,17
16489,1,ma,1,msk,law,lspm,10,163,20
16490,1,ma,1,msk,law,privlaw,9.8,161,22
16491,2,ma,1,msk,law,privlaw,9.8,127,53
16492,1,ma,1,msk,law,sportlaw,9.7,145,34
16493,1,ma,1,msk,law,lspm,9.5,64,13
16494,2,ma,1,msk,law,sportlaw,9.3,150,28
16495,1,ma,1,msk,law,sportlaw,9.3,231,26
16496,1,ma,1,msk,law,privlaw,9.4,493,26
16497,1,ma,1,msk,law,llle,9.3,0,0
16498,1,ma,1,msk,law,fnt,9.5,327,98
16499,0,ma,1,msk,law,llle,9.3,0,0
16500,0,ma,1,msk,law,llle,9.2,0,0
16501,2,ma,1,msk,law,publiclaw,9.2,208,17
16502,2,ma,1,msk,law,sportlaw,9,97,20
16503,1,ma,1,msk,law,privlaw,9.2,173,50
16504,1,ma,1,msk,law,llle,9.2,104,19
16505,2,ma,1,msk,law,histlaw,9,435,47
16506,1,ma,1,msk,law,histlaw,9,211,69
16507,1,ma,1,msk,law,llle,9,126,35
16508,1,ma,1,msk,law,publiclaw,9.2,58,33
16509,0,ma,1,msk,law,privlaw,9,0,0
16510,1,ma,1,msk,law,llle,8.9,851,132
16511,1,ma,1,msk,law,llle,9.1,119,47
16512,1,ma,1,msk,law,lspm,9,24,17
16513,1,ma,1,msk,law,lspm,9,273,45
16514,1,ma,1,msk,law,legalinfo,9,481,95
16515,2,ma,1,msk,law,legalinfo,9,74,18
16516,1,ma,1,msk,law,lspm,9,287,58
16517,1,ma,1,msk,law,legalinfo,9,247,21
16518,1,ma,1,msk,law,publiclaw,9,113,26
16519,1,ma,1,msk,law,fnt,9.2,434,107
16520,1,ma,1,msk,law,fnt,8.8,337,35
16521,1,ma,1,msk,law,sportlaw,9,190,17
16522,2,ma,1,msk,law,sportlaw,9,822,174
16523,1,ma,1,msk,law,sportlaw,8.7,441,46
16524,1,ma,1,msk,law,histlaw,8.7,84,40
16525,2,ma,1,msk,law,histlaw,8.7,234,70
16526,2,ma,1,msk,law,privlaw,8.8,245,79
16527,0,ma,1,msk,law,privlaw,8.8,0,0
16528,1,ma,1,msk,law,llle,8.7,541,39
16529,2,ma,1,msk,law,publiclaw,8.8,649,235
16530,2,ma,1,msk,law,llle,8.7,86,22
16531,0,ma,1,msk,law,publiclaw,8.5,0,0
16532,1,ma,1,msk,law,llle,8.6,527,130
16533,1,ma,1,msk,law,fnt,8.8,346,82
16534,2,ma,1,msk,law,fnt,8.5,396,74
16535,2,ma,1,msk,law,corporate,9,493,137
16536,1,ma,1,msk,law,corporate,9,587,51
16537,0,ma,1,msk,law,legalinfo,8.5,0,0
16538,1,ma,1,msk,law,legalinfo,8.5,277,64
16539,1,ma,1,msk,law,legalinfo,8.5,27,22
16540,2,ma,1,msk,law,legalinfo,8.5,107,20
16541,2,ma,1,msk,law,legalinfo,8.5,123,14
16542,2,ma,1,msk,law,legalinfo,8.5,156,62
16543,2,ma,1,msk,law,histlaw,8.3,93,17
16544,2,ma,1,msk,law,histlaw,8.3,195,25
16545,1,ma,1,msk,law,histlaw,8.3,115,25
16546,2,ma,1,msk,law,histlaw,8.3,161,24
16547,1,ma,1,msk,law,histlaw,8.3,410,24
16548,2,ma,1,msk,law,publiclaw,8.4,45,30
16549,1,ma,1,msk,law,llle,8.3,315,27
16550,1,ma,1,msk,law,sportlaw,8.7,148,64
16551,2,ma,1,msk,law,sportlaw,8.3,360,30
16552,1,ma,1,msk,law,histlaw,8.3,184,28
16553,1,ma,1,msk,law,privlaw,8.4,318,89
16554,2,ma,1,msk,law,publiclaw,8.5,729,75
16555,1,ma,1,msk,law,fnt,8.5,563,178
16556,1,ma,1,msk,law,llle,8.4,42,18
16557,1,ma,1,msk,law,fnt,8.3,137,52
16558,1,ma,1,msk,law,fnt,8.2,160,31
16559,0,ma,1,msk,law,llle,8.2,0,0
16560,1,ma,1,msk,law,privlaw,8.2,98,1
16561,0,ma,1,msk,law,publiclaw,8.5,0,0
16562,2,ma,1,msk,law,publiclaw,8.5,314,32
16563,2,ma,1,msk,law,publiclaw,8.2,1009,183
16564,1,ma,1,msk,law,sportlaw,8.3,7,5
16565,2,ma,1,msk,law,privlaw,8.2,992,80
16566,2,ma,1,msk,law,privlaw,8.2,213,93
16567,2,ma,1,msk,law,privlaw,8.2,122,40
16568,1,ma,1,msk,law,llle,8.1,342,3
16569,2,ma,1,msk,law,publiclaw,8.2,241,54
16570,2,ma,1,msk,law,histlaw,8,30,18
16571,1,ma,1,msk,law,privlaw,8.2,223,64
16572,2,ma,1,msk,law,publiclaw,8.2,546,45
16573,2,ma,1,msk,law,publiclaw,8.2,131,44
16574,1,ma,1,msk,law,fnt,8,542,73
16575,1,ma,1,msk,law,fnt,7.8,197,28
16576,1,ma,1,msk,law,histlaw,8,181,25
16577,2,ma,1,msk,law,histlaw,8,168,22
16578,1,ma,1,msk,law,histlaw,8,208,21
16579,1,ma,1,msk,law,publiclaw,8.2,411,24
16580,2,ma,1,msk,law,publiclaw,8.2,119,23
16581,2,ma,1,msk,law,llle,7.9,201,28
16582,1,ma,1,msk,law,corporate,8.8,488,176
16583,2,ma,1,msk,law,corporate,8.8,127,43
16584,1,ma,1,msk,law,corporate,8.8,212,34
16585,1,ma,1,msk,law,fnt,8.5,647,119
16586,1,ma,1,msk,law,corporate,8.5,505,52
16587,2,ma,1,msk,law,legalinfo,8,156,39
16588,2,ma,1,msk,law,fnt,8,133,26
16589,2,ma,1,msk,law,lspm,8,52,34
16590,1,ma,1,msk,law,legalinfo,8,231,77
16591,2,ma,1,msk,law,legalinfo,8,194,69
16592,2,ma,1,msk,law,legalinfo,8,63,52
16593,2,ma,1,msk,law,sportlaw,8,140,58
16594,2,ma,1,msk,law,legalinfo,8,208,22
16595,1,ma,1,msk,law,lspm,8,177,18
16596,2,ma,1,msk,law,sportlaw,8,17,6
16597,1,ma,1,msk,law,legalinfo,8,286,52
16598,0,ma,1,msk,law,legalinfo,8,0,0
16599,0,ma,1,msk,law,legalinfo,8,0,0
16600,1,ma,1,msk,law,legalinfo,8,374,88
16601,1,ma,1,msk,law,privlaw,8,308,33
16602,2,ma,1,msk,law,sportlaw,8,36,2
16603,1,ma,1,msk,law,lspm,8,154,15
16604,1,ma,1,msk,law,legalinfo,8,336,3
16605,2,ma,1,msk,law,sportlaw,8,0,0
16606,1,ma,1,msk,law,histlaw,8,788,32
16607,2,ma,1,msk,law,lspm,8,47,1
16608,1,ma,1,msk,law,sportlaw,8,130,38
16609,1,ma,1,msk,law,llle,7.9,337,14
16610,2,ma,1,msk,law,sportlaw,7.7,239,107
16611,2,ma,1,msk,law,sportlaw,7.7,552,164
16612,1,ma,1,msk,law,llle,8,97,24
16613,0,ma,1,msk,law,privlaw,8,0,0
16614,1,ma,1,msk,law,privlaw,8,306,78
16615,0,ma,1,msk,law,llle,7.9,0,0
16616,0,ma,1,msk,law,publiclaw,8,0,0
16617,2,ma,1,msk,law,publiclaw,8,450,60
16618,1,ma,1,msk,law,publiclaw,8,0,0
16619,2,ma,1,msk,law,fnt,7.8,250,24
16620,1,ma,1,msk,law,sportlaw,8,163,28
16621,1,ma,1,msk,law,sportlaw,7.7,293,21
16622,1,ma,1,msk,law,histlaw,7.7,55,14
16623,0,ma,1,msk,law,histlaw,7.7,0,0
16624,1,ma,1,msk,law,privlaw,7.8,293,51
16625,2,ma,1,msk,law,llle,7.8,869,369
16626,0,ma,1,msk,law,publiclaw,7.8,0,0
16627,2,ma,1,msk,law,llle,7.7,778,114
16628,0,ma,1,msk,law,publiclaw,8,0,0
16629,2,ma,1,msk,law,fnt,8,320,74
16630,1,ma,1,msk,law,fnt,7.8,110,18
16631,1,ma,1,msk,law,llle,7.6,134,11
16632,1,ma,1,msk,law,privlaw,7.6,80,30
16633,1,ma,1,msk,law,sportlaw,7.7,19,13
16634,1,ma,1,msk,law,privlaw,7.6,295,112
16635,2,ma,1,msk,law,fnt,7.7,111,27
16636,2,ma,1,msk,law,privlaw,7.6,379,122
16637,2,ma,1,msk,law,llle,7.6,254,19
16638,2,ma,1,msk,law,corporate,8.5,542,35
16639,2,ma,1,msk,law,corporate,8.2,0,0
16640,1,ma,1,msk,law,corporate,8.2,200,63
16641,2,ma,1,msk,law,corporate,8,190,30
16642,1,ma,1,msk,law,corporate,7.8,266,29
16643,2,ma,1,msk,law,legalinfo,7.5,141,12
16644,1,ma,1,msk,law,legalinfo,7.5,305,52
16645,1,ma,1,msk,law,legalinfo,7.5,117,36
16646,1,ma,1,msk,law,legalinfo,7.5,71,16
16647,0,ma,1,msk,law,legalinfo,7.5,0,0
16648,1,ma,1,msk,law,legalinfo,7.5,198,76
16649,0,ma,1,msk,law,legalinfo,7.5,0,0
16650,2,ma,1,msk,law,legalinfo,7.5,331,51
16651,1,ma,1,msk,law,histlaw,7.3,552,38
16652,2,ma,1,msk,law,privlaw,7.4,418,38
16653,0,ma,1,msk,law,publiclaw,7.8,0,0
16654,2,ma,1,msk,law,sportlaw,7.3,262,40
16655,0,ma,1,msk,law,sportlaw,7.3,0,0
16656,0,ma,1,msk,law,llle,7.3,0,0
16657,2,ma,1,msk,law,publiclaw,7.5,65,30
16658,0,ma,1,msk,law,fnt,7.5,0,0
16659,2,ma,1,msk,law,llle,7.4,226,59
16660,2,ma,1,msk,law,privlaw,7.4,54,17
16661,1,ma,1,msk,law,llle,7.2,0,0
16662,0,ma,1,msk,law,privlaw,7.2,0,0
16663,1,ma,1,msk,law,privlaw,7.2,751,1
16664,1,ma,1,msk,law,privlaw,7.2,302,61
16665,1,ma,1,msk,law,histlaw,7,41,29
16666,2,ma,1,msk,law,sportlaw,7.3,154,34
16667,1,ma,1,msk,law,sportlaw,7,160,16
16668,0,ma,1,msk,law,privlaw,7.2,0,0
16669,0,ma,1,msk,law,publiclaw,7.2,0,0
16670,1,ma,1,msk,law,llle,7.3,131,12
16671,1,ma,1,msk,law,publiclaw,7.5,40,12
16672,2,ma,1,msk,law,fnt,7,28,21
16673,1,ma,1,msk,law,corporate,8.2,163,36
16674,1,ma,1,msk,law,corporate,8.2,310,58
16675,1,ma,1,msk,law,corporate,8,252,60
16676,2,ma,1,msk,law,corporate,8,85,15
16677,1,ma,1,msk,law,corporate,7.8,210,33
16678,1,ma,1,msk,law,corporate,7.8,218,41
16679,1,ma,1,msk,law,corporate,7.8,167,21
16680,1,ma,1,msk,law,corporate,7.5,325,53
16681,2,ma,1,msk,law,sportlaw,7.3,263,24
16682,1,ma,1,msk,law,fnt,7.2,449,28
16683,0,ma,1,msk,law,histlaw,7,0,0
16684,2,ma,1,msk,law,lspm,7,225,29
16685,0,ma,1,msk,law,legalinfo,7,0,0
16686,1,ma,1,msk,law,legalinfo,7,1049,35
16687,1,ma,1,msk,law,privlaw,7,336,29
16688,0,ma,1,msk,law,legalinfo,7,0,0
16689,2,ma,1,msk,law,legalinfo,7,199,28
16690,1,ma,1,msk,law,legalinfo,7,295,26
16691,1,ma,1,msk,law,legalinfo,7,279,41
16692,2,ma,1,msk,law,legalinfo,7,214,73
16693,1,ma,1,msk,law,legalinfo,7,36,20
16694,0,ma,1,msk,law,sportlaw,7,0,0
16695,1,ma,1,msk,law,legalinfo,7,226,76
16696,2,ma,1,msk,law,privlaw,7,375,128
16697,2,ma,1,msk,law,legalinfo,7,132,49
16698,2,ma,1,msk,law,lspm,7,100,37
16699,1,ma,1,msk,law,legalinfo,7,259,26
16700,1,ma,1,msk,law,sportlaw,7,282,1
16701,0,ma,1,msk,law,privlaw,7,0,0
16702,2,ma,1,msk,law,fnt,7,175,24
16703,0,ma,1,msk,law,privlaw,6.8,0,0
16704,0,ma,1,msk,law,publiclaw,7,0,0
16705,1,ma,1,msk,law,fnt,6.5,165,24
16706,0,ma,1,msk,law,publiclaw,7,0,0
16707,1,ma,1,msk,law,fnt,7,307,34
16708,2,ma,1,msk,law,privlaw,6.6,725,54
16709,1,ma,1,msk,law,sportlaw,7,103,18
16710,2,ma,1,msk,law,sportlaw,6.7,234,18
16711,2,ma,1,msk,law,privlaw,6.6,190,56
16712,1,ma,1,msk,law,privlaw,6.6,150,37
16713,1,ma,1,msk,law,histlaw,6.3,242,43
16714,2,ma,1,msk,law,corporate,8,410,37
16715,2,ma,1,msk,law,corporate,7.8,80,32
16716,2,ma,1,msk,law,corporate,7.5,141,18
16717,1,ma,1,msk,law,corporate,7.5,199,61
16718,2,ma,1,msk,law,legalinfo,6.5,630,129
16719,2,ma,1,msk,law,legalinfo,6.5,832,32
16720,1,ma,1,msk,law,legalinfo,6.5,1092,129
16721,2,ma,1,msk,law,legalinfo,6.5,309,55
16722,1,ma,1,msk,law,histlaw,6.3,266,42
16723,2,ma,1,msk,law,sportlaw,6.3,109,5
16724,1,ma,1,msk,law,histlaw,6.3,349,75
16725,2,ma,1,msk,law,privlaw,6.4,56,19
16726,2,ma,1,msk,law,fnt,6.5,224,25
16727,1,ma,1,msk,law,publiclaw,6.3,148,23
16728,0,ma,1,msk,law,sportlaw,6.3,0,0
16729,1,ma,1,msk,law,privlaw,6.2,185,34
16730,1,ma,1,msk,law,privlaw,6.2,114,11
16731,1,ma,1,msk,law,fnt,6.3,128,25
16732,2,ma,1,msk,law,publiclaw,6.2,111,17
16733,2,ma,1,msk,law,publiclaw,6.2,137,21
16734,2,ma,1,msk,law,corporate,7.8,110,49
16735,2,ma,1,msk,law,corporate,7.8,455,48
16736,1,ma,1,msk,law,corporate,7.5,120,45
16737,2,ma,1,msk,law,corporate,7.2,1149,138
16738,1,ma,1,msk,law,corporate,6.8,47,39
16739,1,ma,1,msk,law,publiclaw,6,173,27
16740,0,ma,1,msk,law,privlaw,6,0,0
16741,2,ma,1,msk,law,privlaw,6,197,38
16742,1,ma,1,msk,law,publiclaw,6,240,47
16743,2,ma,1,msk,law,histlaw,5.7,56,40
16744,2,ma,1,msk,law,publiclaw,6,624,53
16745,2,ma,1,msk,law,histlaw,6,106,16
16746,2,ma,1,msk,law,publiclaw,6.2,299,99
16747,1,ma,1,msk,law,privlaw,5.8,75,23
16748,0,ma,1,msk,law,histlaw,5.7,0,0
16749,1,ma,1,msk,law,corporate,7.2,271,75
16750,0,ma,1,msk,law,corporate,7.2,0,0
16751,2,ma,1,msk,law,corporate,7,516,54
16752,1,ma,1,msk,law,legalinfo,5.5,0,0
16753,1,ma,1,msk,law,fnt,5.8,216,34
16754,1,ma,1,msk,law,corporate,7,794,70
16755,2,ma,1,msk,law,corporate,6.8,590,23
16756,2,ma,1,msk,law,sportlaw,5,18,14
16757,1,ma,1,msk,law,corporate,6.8,230,26
16758,2,ma,1,msk,law,legalinfo,4.5,125,41
16759,0,ma,1,msk,law,fnt,6.2,0,0
16760,2,ma,1,msk,law,sportlaw,6,432,8
16761,2,ma,1,msk,law,corporate,6.2,72,33
16762,1,ma,1,msk,law,fnt,0,1,1
16763,2,ma,1,msk,law,fnt,0,393,96
16764,1,ma,1,msk,law,fnt,0,237,27
16765,2,ma,1,msk,law,llle,0,0,0
16766,1,ma,1,msk,law,llle,0,242,41
16767,1,ma,1,msk,law,fnt,0,91,19
16768,2,ma,1,msk,law,fnt,0,359,35
16769,0,ma,1,msk,law,fnt,0,0,0
16770,1,ma,1,msk,law,llle,0,428,45
16771,0,ma,1,msk,law,privlaw,0,0,0
16772,1,ma,1,msk,law,fnt,0,546,134
16773,1,ma,1,msk,law,fnt,0,258,46
16774,1,ma,1,msk,law,fnt,0,411,63
16775,0,ma,1,msk,law,fnt,0,0,0
16776,1,ma,1,msk,law,fnt,0,219,24
16777,1,ma,1,msk,law,fnt,0,360,75
16778,1,ma,1,msk,law,sportlaw,0,66,13
16779,2,ma,1,msk,law,fnt,0,151,13
16780,1,ma,1,msk,law,fnt,0,164,20
16781,2,ma,1,msk,law,fnt,0,94,27
16782,2,ma,1,msk,law,fnt,0,399,25
16783,1,ma,1,msk,law,fnt,0,135,48
16784,0,ma,1,msk,law,publiclaw,0,0,0
16785,2,ma,1,msk,law,sportlaw,0,179,11
16786,2,ma,1,msk,law,privlaw,0,156,25
16787,0,ma,1,msk,law,fnt,0,0,0
16788,2,ma,2,msk,law,lspm,10,171,19
16789,1,ma,2,msk,law,lspm,9.7,651,53
16790,1,ma,2,msk,law,lspm,9.7,518,101
16791,1,ma,2,msk,law,lspm,9.7,159,27
16792,1,ma,2,msk,law,lspm,9.7,250,16
16793,1,ma,2,msk,law,fnt,9.7,198,32
16794,1,ma,2,msk,law,fnt,9.6,111,1
16795,2,ma,2,msk,law,lspm,9.3,326,82
16796,1,ma,2,msk,law,lspm,9.3,124,14
16797,0,ma,2,msk,law,lspm,9.3,0,0
16798,1,ma,2,msk,law,lspm,9.3,263,40
16799,1,ma,2,msk,law,llle,9.3,74,20
16800,1,ma,2,msk,law,privlaw,9.2,251,38
16801,2,ma,2,msk,law,fnt,9.4,559,228
16802,1,ma,2,msk,law,lspm,9.3,69,17
16803,1,ma,2,msk,law,lspm,9.3,55,15
16804,1,ma,2,msk,law,lspm,9,486,15
16805,2,ma,2,msk,law,lspm,9,27,22
16806,1,ma,2,msk,law,llle,9,90,10
16807,1,ma,2,msk,law,fnt,9.2,439,39
16808,1,ma,2,msk,law,fnt,9,218,52
16809,0,ma,2,msk,law,fnt,9,0,0
16810,2,ma,2,msk,law,fnt,8.8,229,14
16811,2,ma,2,msk,law,histlaw,8.8,250,54
16812,0,ma,2,msk,law,lspm,8.7,0,0
16813,1,ma,2,msk,law,publiclaw,9,158,19
16814,2,ma,2,msk,law,fnt,8.8,192,20
16815,2,ma,2,msk,law,llle,8.8,57,13
16816,1,ma,2,msk,law,llle,8.7,194,15
16817,2,ma,2,msk,law,lspm,8.3,229,12
16818,1,ma,2,msk,law,fnt,8.7,115,25
16819,1,ma,2,msk,law,fnt,8.6,609,4
16820,1,ma,2,msk,law,privlaw,8.4,44,16
16821,1,ma,2,msk,law,lspm,8.3,323,65
16822,2,ma,2,msk,law,publiclaw,8.7,196,13
16823,0,ma,2,msk,law,publiclaw,8.7,0,0
16824,2,ma,2,msk,law,publiclaw,8.7,119,38
16825,1,ma,2,msk,law,publiclaw,8.7,336,27
16826,2,ma,2,msk,law,llle,8.5,444,94
16827,2,ma,2,msk,law,privlaw,8.4,229,13
16828,1,ma,2,msk,law,fnt,8.3,79,9
16829,2,ma,2,msk,law,publiclaw,8.3,108,32
16830,1,ma,2,msk,law,fnt,8.3,379,32
16831,2,ma,2,msk,law,fnt,8.3,256,48
16832,2,ma,2,msk,law,fnt,8.2,112,28
16833,2,ma,2,msk,law,privlaw,8.2,22,14
16834,1,ma,2,msk,law,fnt,8.2,156,17
16835,2,ma,2,msk,law,llle,8.3,717,36
16836,1,ma,2,msk,law,fnt,8.2,498,56
16837,1,ma,2,msk,law,corporate,8.1,441,40
16838,2,ma,2,msk,law,privlaw,8,117,25
16839,1,ma,2,msk,law,histlaw,8,170,9
16840,2,ma,2,msk,law,publiclaw,8,280,30
16841,1,ma,2,msk,law,corporate,8,342,23
16842,1,ma,2,msk,law,corporate,8,247,16
16843,2,ma,2,msk,law,fnt,8,281,25
16844,0,ma,2,msk,law,corporate,7.9,0,0
16845,2,ma,2,msk,law,corporate,7.9,280,36
16846,0,ma,2,msk,law,fnt,8,0,0
16847,2,ma,2,msk,law,fnt,8,0,0
16848,2,ma,2,msk,law,privlaw,8.2,414,2
16849,1,ma,2,msk,law,privlaw,7.8,304,14
16850,1,ma,2,msk,law,fnt,8,223,28
16851,1,ma,2,msk,law,llle,7.7,140,12
16852,2,ma,2,msk,law,fnt,7.8,142,29
16853,2,ma,2,msk,law,histlaw,7.8,143,20
16854,2,ma,2,msk,law,corporate,7.7,195,61
16855,1,ma,2,msk,law,fnt,8,286,32
16856,0,ma,2,msk,law,fnt,7.5,0,0
16857,1,ma,2,msk,law,publiclaw,7.7,271,13
16858,2,ma,2,msk,law,publiclaw,7.7,271,42
16859,2,ma,2,msk,law,fnt,8,105,38
16860,2,ma,2,msk,law,fnt,7.8,2,2
16861,2,ma,2,msk,law,privlaw,7.6,180,11
16862,2,ma,2,msk,law,fnt,7.7,649,20
16863,2,ma,2,msk,law,corporate,7.6,293,18
16864,1,ma,2,msk,law,fnt,7.7,181,16
16865,1,ma,2,msk,law,fnt,7.7,263,71
16866,1,ma,2,msk,law,fnt,7.7,413,19
16867,2,ma,2,msk,law,publiclaw,7.3,192,1
16868,0,ma,2,msk,law,publiclaw,7.3,0,0
16869,0,ma,2,msk,law,lspm,7.3,0,0
16870,1,ma,2,msk,law,llle,7.3,413,57
16871,2,ma,2,msk,law,corporate,7.3,228,23
16872,2,ma,2,msk,law,corporate,7.3,77,13
16873,2,ma,2,msk,law,corporate,7.3,524,25
16874,1,ma,2,msk,law,llle,7.3,204,45
16875,0,ma,2,msk,law,histlaw,7.2,0,0
16876,1,ma,2,msk,law,histlaw,7.2,485,22
16877,1,ma,2,msk,law,fnt,7.3,578,26
16878,2,ma,2,msk,law,llle,7.2,655,30
16879,2,ma,2,msk,law,histlaw,7.2,347,17
16880,0,ma,2,msk,law,histlaw,7.2,0,0
16881,2,ma,2,msk,law,histlaw,7.2,539,13
16882,2,ma,2,msk,law,corporate,7.1,299,47
16883,1,ma,2,msk,law,privlaw,7.2,172,28
16884,2,ma,2,msk,law,fnt,7.2,348,30
16885,2,ma,2,msk,law,fnt,7,289,41
16886,0,ma,2,msk,law,corporate,7.1,0,0
16887,1,ma,2,msk,law,privlaw,7.2,397,54
16888,2,ma,2,msk,law,histlaw,7,82,13
16889,0,ma,2,msk,law,fnt,7,0,0
16890,2,ma,2,msk,law,histlaw,7,141,47
16891,2,ma,2,msk,law,llle,7,274,67
16892,1,ma,2,msk,law,publiclaw,6.7,103,18
16893,1,ma,2,msk,law,publiclaw,6.7,268,46
16894,2,ma,2,msk,law,corporate,6.9,116,56
16895,0,ma,2,msk,law,fnt,7,0,0
16896,2,ma,2,msk,law,privlaw,6.8,45,11
16897,2,ma,2,msk,law,corporate,6.9,223,20
16898,2,ma,2,msk,law,llle,6.8,216,42
16899,1,ma,2,msk,law,corporate,6.7,222,21
16900,1,ma,2,msk,law,privlaw,6.8,253,13
16901,1,ma,2,msk,law,privlaw,6.8,73,21
16902,0,ma,2,msk,law,corporate,6.7,0,0
16903,1,ma,2,msk,law,corporate,6.7,127,4
16904,2,ma,2,msk,law,histlaw,6.6,103,18
16905,2,ma,2,msk,law,llle,6.8,342,82
16906,2,ma,2,msk,law,corporate,6.6,252,54
16907,1,ma,2,msk,law,fnt,6.6,804,43
16908,1,ma,2,msk,law,fnt,6.8,1,0
16909,2,ma,2,msk,law,publiclaw,6.7,274,48
16910,2,ma,2,msk,law,fnt,6.6,450,19
16911,2,ma,2,msk,law,corporate,6.4,284,69
16912,2,ma,2,msk,law,fnt,6.5,174,48
16913,0,ma,2,msk,law,corporate,6.4,0,0
16914,1,ma,2,msk,law,fnt,6.7,148,23
16915,1,ma,2,msk,law,fnt,6.3,170,20
16916,1,ma,2,msk,law,privlaw,6.8,241,38
16917,1,ma,2,msk,law,privlaw,6.4,626,14
16918,1,ma,2,msk,law,corporate,6.4,147,20
16919,0,ma,2,msk,law,corporate,6.3,0,0
16920,0,ma,2,msk,law,fnt,6.4,0,0
16921,2,ma,2,msk,law,publiclaw,6,332,42
16922,1,ma,2,msk,law,fnt,6.5,187,17
16923,2,ma,2,msk,law,fnt,6.2,387,52
16924,0,ma,2,msk,law,fnt,6.2,0,0
16925,2,ma,2,msk,law,corporate,6.1,325,12
16926,2,ma,2,msk,law,llle,6.2,0,0
16927,0,ma,2,msk,law,publiclaw,6.3,0,0
16928,1,ma,2,msk,law,fnt,6.2,263,22
16929,1,ma,2,msk,law,fnt,6.2,197,10
16930,0,ma,2,msk,law,fnt,6,0,0
16931,0,ma,2,msk,law,fnt,6,0,0
16932,1,ma,2,msk,law,fnt,6,50,8
16933,2,ma,2,msk,law,corporate,5.7,122,19
16934,0,ma,2,msk,law,fnt,5.6,0,0
16935,2,ma,2,msk,law,publiclaw,5.3,226,15
16936,2,ma,2,msk,law,llle,5.3,200,8
16937,0,ma,2,msk,law,fnt,5.8,0,0
16938,0,ma,2,msk,law,fnt,5.5,0,0
16939,1,ma,2,msk,law,privlaw,6.8,354,16
16940,1,ma,2,msk,law,fnt,5,269,36
16941,1,ma,2,msk,law,fnt,6.2,465,4
16942,2,ma,2,msk,law,fnt,6,315,20
16943,2,ma,2,msk,law,fnt,0,0,0
16944,0,ma,2,msk,law,fnt,0,0,0
16945,0,ma,2,msk,law,fnt,0,0,0
16946,2,ma,1,msk,urban_school,urban,9.2,308,47
16947,2,ma,1,msk,urban_school,urban,9.2,163,63
16948,1,ma,1,msk,urban_school,urban,9,297,53
16949,1,ma,1,msk,urban_school,urban,9.2,0,0
16950,1,ma,1,msk,urban_school,urban,9.2,114,29
16951,1,ma,1,msk,urban_school,urban,9,196,46
16952,1,ma,1,msk,urban_school,urban,8.8,368,39
16953,2,ma,1,msk,urban_school,urban,8.2,298,26
16954,1,ma,1,msk,urban_school,urban,8,190,57
16955,1,ma,1,msk,urban_school,urban,8,251,45
16956,2,ma,1,msk,urban_school,urban,8.8,40,28
16957,2,ma,1,msk,urban_school,urban,8.5,195,40
16958,1,ma,1,msk,urban_school,urban,8.5,341,49
16959,2,ma,1,msk,urban_school,urban,8.5,249,44
16960,1,ma,1,msk,urban_school,urban,8.2,680,59
16961,1,ma,1,msk,urban_school,urban,8.2,456,47
16962,1,ma,1,msk,urban_school,urban,8.2,267,37
16963,1,ma,1,msk,urban_school,urban,7.8,322,28
16964,1,ma,1,msk,urban_school,urban,7.8,698,39
16965,1,ma,1,msk,urban_school,urban,7.8,251,46
16966,1,ma,1,msk,urban_school,urban,8.2,183,58
16967,2,ma,1,msk,urban_school,urban,8.5,348,80
16968,2,ma,1,msk,urban_school,urban,8.5,160,30
16969,1,ma,1,msk,urban_school,urban,8.2,132,31
16970,1,ma,1,msk,urban_school,urban,8,383,50
16971,1,ma,1,msk,urban_school,urban,7.8,282,53
16972,1,ma,1,msk,urban_school,urban,7.8,40,15
16973,1,ma,1,msk,urban_school,urban,7.5,830,51
16974,1,ma,1,msk,urban_school,urban,7.8,328,40
16975,2,ma,1,msk,urban_school,urban,8.2,108,24
16976,1,ma,1,msk,urban_school,urban,8,479,44
16977,2,ma,1,msk,urban_school,urban,8,496,36
16978,1,ma,1,msk,urban_school,urban,7.8,339,45
16979,2,ma,1,msk,urban_school,urban,7.8,112,23
16980,1,ma,1,msk,urban_school,urban,7.5,426,51
16981,1,ma,1,msk,urban_school,urban,7,317,111
16982,0,ma,1,msk,urban_school,urban,7,0,0
16983,2,ma,1,msk,urban_school,urban,8,716,256
16984,2,ma,1,msk,urban_school,urban,8,446,52
16985,1,ma,1,msk,urban_school,urban,7.8,347,50
16986,1,ma,1,msk,urban_school,urban,7.5,361,61
16987,1,ma,1,msk,urban_school,urban,7.2,182,51
16988,2,ma,1,msk,urban_school,urban,7.5,141,53
16989,1,ma,1,msk,urban_school,urban,7.5,317,42
16990,1,ma,1,msk,urban_school,urban,7,236,36
16991,0,ma,1,msk,urban_school,urban,7,0,0
16992,0,ma,1,msk,urban_school,urban,6.8,0,0
16993,1,ma,1,msk,urban_school,urban,6.8,264,28
16994,1,ma,1,msk,urban_school,urban,6.8,94,26
16995,2,ma,1,msk,urban_school,urban,6.5,204,25
16996,1,ma,1,msk,urban_school,urban,7.5,207,21
16997,0,ma,2,msk,urban_school,urban,9.6,0,0
16998,1,ma,2,msk,urban_school,urban,9.2,377,30
16999,1,ma,2,msk,urban_school,urban,9,495,13
17000,1,ma,2,msk,urban_school,urban,9,300,7
17001,2,ma,2,msk,urban_school,urban,8.8,564,66
17002,1,ma,2,msk,urban_school,urban,8.4,238,17
17003,1,ma,2,msk,urban_school,urban,8.2,355,17
17004,1,ma,2,msk,urban_school,urban,8,128,16
17005,1,ma,2,msk,urban_school,urban,8,234,20
17006,1,ma,2,msk,urban_school,urban,7.8,112,10
17007,0,ma,2,msk,urban_school,urban,7.6,0,0
17008,2,ma,2,msk,urban_school,urban,6.8,315,56
17009,1,ma,2,msk,urban_school,urban,6.4,208,45
17010,2,ma,2,msk,urban_school,urban,6.4,270,7
17011,2,ma,1,msk,bisandman,bigdata,9,322,22
17012,0,ma,1,msk,bisandman,bigdata,9.2,0,0
17013,2,ma,1,msk,bisandman,bigdata,9.6,30,22
17014,2,ma,1,msk,bisandman,bigdata,8.7,49,20
17015,0,ma,1,msk,bisandman,bigdata,7.7,0,0
17016,0,ma,1,msk,bisandman,bigdata,8.8,0,0
17017,0,ma,1,msk,bisandman,bigdata,8.7,0,0
17018,0,ma,1,msk,bisandman,bigdata,8.5,0,0
17019,1,ma,1,msk,bisandman,bigdata,9.2,253,18
17020,1,ma,1,msk,bisandman,bigdata,9,165,26
17021,1,ma,1,msk,bisandman,bigdata,9,220,96
17022,1,ma,1,msk,bisandman,bi,9,253,95
17023,0,ma,1,msk,bisandman,bigdata,8.7,0,0
17024,0,ma,1,msk,bisandman,bigdata,9.1,0,0
17025,0,ma,1,msk,bisandman,bigdata,8.7,0,0
17026,1,ma,1,msk,bisandman,bigdata,9,71,17
17027,1,ma,1,msk,bisandman,bigdata,9,240,22
17028,2,ma,1,msk,bisandman,bigdata,9,151,11
17029,1,ma,1,msk,bisandman,bigdata,8.7,274,79
17030,2,ma,1,msk,bisandman,bi,8.7,403,1
17031,1,ma,1,msk,bisandman,bi,8.8,445,80
17032,1,ma,1,msk,bisandman,bigdata,8.7,225,20
17033,2,ma,1,msk,bisandman,bigdata,8.3,133,28
17034,2,ma,1,msk,bisandman,elb,8.8,99,34
17035,2,ma,1,msk,bisandman,bigdata,8.8,575,171
17036,1,ma,1,msk,bisandman,bigdata,8.7,229,35
17037,2,ma,1,msk,bisandman,bi,8.5,125,21
17038,1,ma,1,msk,bisandman,bigdata,8.5,735,30
17039,1,ma,1,msk,bisandman,elb,8.4,184,52
17040,1,ma,1,msk,bisandman,bigdata,8.3,167,17
17041,1,ma,1,msk,bisandman,bi,8.7,225,64
17042,1,ma,1,msk,bisandman,bigdata,8,483,125
17043,0,ma,1,msk,bisandman,security,8.7,0,0
17044,0,ma,1,msk,bisandman,bigdata,7.5,0,0
17045,2,ma,1,msk,bisandman,security,8.3,574,243
17046,2,ma,1,msk,bisandman,elb,8.2,1428,584
17047,2,ma,1,msk,bisandman,bi,8.4,222,118
17048,0,ma,1,msk,bisandman,bigdata,7.6,0,0
17049,2,ma,1,msk,bisandman,elb,8.6,578,61
17050,1,ma,1,msk,bisandman,bigdata,8.3,636,27
17051,1,ma,1,msk,bisandman,security,8.2,648,24
17052,2,ma,1,msk,bisandman,bigdata,8.2,13,1
17053,1,ma,1,msk,bisandman,security,8.2,82,16
17054,0,ma,1,msk,bisandman,security,8.2,0,0
17055,1,ma,1,msk,bisandman,bi,8.6,315,61
17056,1,ma,1,msk,bisandman,bi,8,425,71
17057,2,ma,1,msk,bisandman,bi,8,116,54
17058,1,ma,1,msk,bisandman,bi,8,504,146
17059,1,ma,1,msk,bisandman,elb,8,256,49
17060,2,ma,1,msk,bisandman,bi,8.4,62,22
17061,1,ma,1,msk,bisandman,bi,8.4,109,37
17062,1,ma,1,msk,bisandman,bi,8.2,450,81
17063,1,ma,1,msk,bisandman,security,8.2,412,24
17064,2,ma,1,msk,bisandman,bi,8,756,149
17065,1,ma,1,msk,bisandman,bi,8,258,96
17066,2,ma,1,msk,bisandman,security,8,522,65
17067,2,ma,1,msk,bisandman,security,7.7,194,54
17068,2,ma,1,msk,bisandman,bi,8,323,43
17069,0,ma,1,msk,bisandman,bigdata,6.8,0,0
17070,1,ma,1,msk,bisandman,elb,8.2,337,42
17071,1,ma,1,msk,bisandman,bi,8,161,47
17072,2,ma,1,msk,bisandman,bigdata,8,317,68
17073,1,ma,1,msk,bisandman,security,8,446,2
17074,1,ma,1,msk,bisandman,bi,8.2,228,56
17075,2,ma,1,msk,bisandman,bi,7.7,240,59
17076,1,ma,1,msk,bisandman,bi,7.7,173,50
17077,1,ma,1,msk,bisandman,bi,7.7,117,42
17078,0,ma,1,msk,bisandman,bigdata,8,0,0
17079,1,ma,1,msk,bisandman,elb,8,542,70
17080,1,ma,1,msk,bisandman,elb,8,261,46
17081,2,ma,1,msk,bisandman,elb,7.8,438,64
17082,2,ma,1,msk,bisandman,security,7.8,297,100
17083,1,ma,1,msk,bisandman,bi,8.6,307,64
17084,2,ma,1,msk,bisandman,bi,8.4,224,19
17085,1,ma,1,msk,bisandman,bi,8.2,214,92
17086,2,ma,1,msk,bisandman,bi,8.2,234,44
17087,2,ma,1,msk,bisandman,bi,8.2,130,16
17088,2,ma,1,msk,bisandman,bi,8,350,56
17089,1,ma,1,msk,bisandman,bi,8,55,32
17090,1,ma,1,msk,bisandman,bi,7.7,0,0
17091,1,ma,1,msk,bisandman,bi,7.7,135,47
17092,1,ma,1,msk,bisandman,security,7.7,386,22
17093,2,ma,1,msk,bisandman,bigdata,8,95,31
17094,2,ma,1,msk,bisandman,security,7.7,186,36
17095,2,ma,1,msk,bisandman,bi,8.4,336,50
17096,1,ma,1,msk,bisandman,bi,8.2,156,22
17097,1,ma,1,msk,bisandman,security,8,434,22
17098,1,ma,1,msk,bisandman,elb,7.8,239,52
17099,1,ma,1,msk,bisandman,elb,7.6,63,44
17100,2,ma,1,msk,bisandman,elb,7.5,160,43
17101,1,ma,1,msk,bisandman,bigdata,8.2,167,20
17102,2,ma,1,msk,bisandman,bigdata,7.8,426,80
17103,1,ma,1,msk,bisandman,elb,7.5,407,99
17104,1,ma,1,msk,bisandman,bi,8,212,56
17105,2,ma,1,msk,bisandman,bi,8,201,15
17106,1,ma,1,msk,bisandman,bi,8,180,57
17107,1,ma,1,msk,bisandman,bi,7.8,166,35
17108,2,ma,1,msk,bisandman,bi,7.6,298,53
17109,2,ma,1,msk,bisandman,bi,7.6,71,51
17110,2,ma,1,msk,bisandman,bi,7.3,157,51
17111,2,ma,1,msk,bisandman,elb,7.4,1263,34
17112,1,ma,1,msk,bisandman,elb,7.4,538,61
17113,2,ma,1,msk,bisandman,elb,7.4,578,81
17114,2,ma,1,msk,bisandman,elb,7.2,168,30
17115,1,ma,1,msk,bisandman,bi,7.6,374,40
17116,2,ma,1,msk,bisandman,bi,7.3,176,61
17117,1,ma,1,msk,bisandman,bi,7.3,145,66
17118,1,ma,1,msk,bisandman,elb,7.6,131,23
17119,2,ma,1,msk,bisandman,bi,7.4,93,1
17120,0,ma,1,msk,bisandman,bi,7,0,0
17121,2,ma,1,msk,bisandman,bi,7,139,52
17122,0,ma,1,msk,bisandman,elb,7.6,0,0
17123,2,ma,1,msk,bisandman,security,7.5,27,20
17124,1,ma,1,msk,bisandman,security,7.2,372,43
17125,1,ma,1,msk,bisandman,bi,7.6,441,75
17126,1,ma,1,msk,bisandman,bi,7.4,555,63
17127,1,ma,1,msk,bisandman,bi,7,187,64
17128,0,ma,1,msk,bisandman,bi,7,0,0
17129,1,ma,1,msk,bisandman,bi,7,364,70
17130,2,ma,1,msk,bisandman,elb,7,112,20
17131,1,ma,1,msk,bisandman,security,7,100,33
17132,2,ma,1,msk,bisandman,bi,7.8,149,22
17133,2,ma,1,msk,bisandman,elb,7,134,47
17134,1,ma,1,msk,bisandman,bi,7,217,29
17135,2,ma,1,msk,bisandman,bi,7.6,111,24
17136,2,ma,1,msk,bisandman,bi,7.6,601,57
17137,0,ma,1,msk,bisandman,security,7.2,0,0
17138,0,ma,1,msk,bisandman,security,7.2,0,0
17139,2,ma,1,msk,bisandman,bigdata,7,124,35
17140,2,ma,1,msk,bisandman,elb,7.4,485,60
17141,2,ma,1,msk,bisandman,bi,7.8,80,34
17142,1,ma,1,msk,bisandman,bi,7.6,185,46
17143,1,ma,1,msk,bisandman,bi,7.4,408,89
17144,2,ma,1,msk,bisandman,bi,6.7,381,72
17145,2,ma,1,msk,bisandman,bi,6.6,243,38
17146,2,ma,1,msk,bisandman,elb,6.8,54,18
17147,2,ma,1,msk,bisandman,elb,6.8,437,129
17148,0,ma,1,msk,bisandman,security,6.7,0,0
17149,0,ma,1,msk,bisandman,bi,7.6,0,0
17150,1,ma,1,msk,bisandman,bi,7.4,174,11
17151,2,ma,1,msk,bisandman,bi,7.2,477,77
17152,2,ma,1,msk,bisandman,bi,6.7,288,49
17153,2,ma,1,msk,bisandman,bi,6.7,247,33
17154,0,ma,1,msk,bisandman,bi,6.7,0,0
17155,2,ma,1,msk,bisandman,bi,6.7,243,43
17156,2,ma,1,msk,bisandman,elb,6.5,285,97
17157,2,ma,1,msk,bisandman,bi,6.3,109,34
17158,2,ma,1,msk,bisandman,elb,6.8,1231,66
17159,2,ma,1,msk,bisandman,elb,6.5,93,24
17160,2,ma,1,msk,bisandman,elb,6.5,98,11
17161,0,ma,1,msk,bisandman,bi,7,0,0
17162,1,ma,1,msk,bisandman,bi,6.3,342,60
17163,2,ma,1,msk,bisandman,bi,6.3,182,35
17164,1,ma,1,msk,bisandman,bi,6.3,187,54
17165,1,ma,1,msk,bisandman,bi,6.3,272,86
17166,2,ma,1,msk,bisandman,bigdata,6.6,293,51
17167,2,ma,1,msk,bisandman,bi,6.3,209,45
17168,2,ma,1,msk,bisandman,bi,6.3,391,84
17169,2,ma,1,msk,bisandman,bi,6.3,409,65
17170,2,ma,1,msk,bisandman,bi,6.3,421,104
17171,0,ma,1,msk,bisandman,bigdata,6.7,0,0
17172,2,ma,1,msk,bisandman,bi,6.8,210,42
17173,2,ma,1,msk,bisandman,bi,6.3,3,1
17174,2,ma,1,msk,bisandman,bi,6,264,55
17175,1,ma,1,msk,bisandman,elb,6.8,215,34
17176,0,ma,1,msk,bisandman,elb,6,0,0
17177,1,ma,1,msk,bisandman,bi,6.2,154,35
17178,0,ma,1,msk,bisandman,bi,5.7,0,0
17179,1,ma,1,msk,bisandman,bi,5.7,206,60
17180,2,ma,1,msk,bisandman,bi,5.7,391,4
17181,1,ma,1,msk,bisandman,bi,5.3,240,50
17182,2,ma,2,msk,bisandman,bi,9.7,128,40
17183,1,ma,2,msk,bisandman,bigdata,9.7,840,94
17184,1,ma,2,msk,bisandman,bi,9.7,54,30
17185,2,ma,2,msk,bisandman,elb,9.3,68,25
17186,2,ma,2,msk,bisandman,security,9.3,313,8
17187,0,ma,2,msk,bisandman,bigdata,9.3,0,0
17188,1,ma,2,msk,bisandman,bi,9.3,278,66
17189,1,ma,2,msk,bisandman,security,9.3,299,20
17190,2,ma,2,msk,bisandman,elb,9.3,532,88
17191,1,ma,2,msk,bisandman,security,9,267,22
17192,2,ma,2,msk,bisandman,elb,9,209,40
17193,1,ma,2,msk,bisandman,elb,9,160,50
17194,2,ma,2,msk,bisandman,bi,9,104,24
17195,1,ma,2,msk,bisandman,bigdata,9,262,51
17196,1,ma,2,msk,bisandman,bigdata,9,329,22
17197,2,ma,2,msk,bisandman,bi,9,228,39
17198,1,ma,2,msk,bisandman,elb,9,2992,43
17199,1,ma,2,msk,bisandman,bi,9,401,32
17200,1,ma,2,msk,bisandman,elb,9,229,50
17201,1,ma,2,msk,bisandman,bi,9,284,86
17202,1,ma,2,msk,bisandman,elb,9,506,59
17203,1,ma,2,msk,bisandman,elb,9,190,21
17204,2,ma,2,msk,bisandman,bigdata,9,369,54
17205,2,ma,2,msk,bisandman,bi,9,75,36
17206,0,ma,2,msk,bisandman,bi,9,0,0
17207,1,ma,2,msk,bisandman,bi,8.7,382,79
17208,1,ma,2,msk,bisandman,bi,8.7,251,17
17209,2,ma,2,msk,bisandman,elb,8.7,629,52
17210,0,ma,2,msk,bisandman,bi,8.7,0,0
17211,2,ma,2,msk,bisandman,bigdata,8.7,187,64
17212,1,ma,2,msk,bisandman,elb,8.7,246,36
17213,1,ma,2,msk,bisandman,bi,8.7,64,6
17214,2,ma,2,msk,bisandman,bi,8.7,553,117
17215,2,ma,2,msk,bisandman,bigdata,8.7,132,14
17216,1,ma,2,msk,bisandman,bi,8.7,0,0
17217,1,ma,2,msk,bisandman,bi,8.5,369,93
17218,2,ma,2,msk,bisandman,elb,8.3,308,38
17219,2,ma,2,msk,bisandman,bi,8.3,15,10
17220,2,ma,2,msk,bisandman,security,8.3,101,9
17221,1,ma,2,msk,bisandman,bi,8.3,212,64
17222,1,ma,2,msk,bisandman,elb,8.3,473,66
17223,1,ma,2,msk,bisandman,bi,8.3,233,46
17224,0,ma,2,msk,bisandman,elb,8.3,0,0
17225,2,ma,2,msk,bisandman,elb,8.3,102,34
17226,2,ma,2,msk,bisandman,bigdata,8.3,1030,3
17227,1,ma,2,msk,bisandman,bi,8.3,471,14
17228,2,ma,2,msk,bisandman,bi,8.3,230,42
17229,2,ma,2,msk,bisandman,elb,8.3,1321,79
17230,0,ma,2,msk,bisandman,bigdata,8.3,0,0
17231,1,ma,2,msk,bisandman,security,8.3,123,10
17232,1,ma,2,msk,bisandman,bi,8.3,389,67
17233,2,ma,2,msk,bisandman,elb,8.3,240,88
17234,2,ma,2,msk,bisandman,security,8.3,92,14
17235,1,ma,2,msk,bisandman,bi,8,218,54
17236,2,ma,2,msk,bisandman,bi,8,56,18
17237,2,ma,2,msk,bisandman,elb,8,515,47
17238,2,ma,2,msk,bisandman,security,8,118,6
17239,1,ma,2,msk,bisandman,elb,8,299,87
17240,2,ma,2,msk,bisandman,bi,8,167,43
17241,1,ma,2,msk,bisandman,bi,8,165,41
17242,1,ma,2,msk,bisandman,elb,8,223,36
17243,2,ma,2,msk,bisandman,bi,8,103,27
17244,2,ma,2,msk,bisandman,security,8,834,1
17245,0,ma,2,msk,bisandman,bi,8,0,0
17246,0,ma,2,msk,bisandman,bi,8,0,0
17247,0,ma,2,msk,bisandman,security,8,0,0
17248,2,ma,2,msk,bisandman,bi,8,795,246
17249,1,ma,2,msk,bisandman,bi,8,174,51
17250,1,ma,2,msk,bisandman,bi,8,410,92
17251,2,ma,2,msk,bisandman,bi,8,102,36
17252,2,ma,2,msk,bisandman,bi,8,217,70
17253,2,ma,2,msk,bisandman,bi,8,215,62
17254,1,ma,2,msk,bisandman,bi,7.7,165,12
17255,1,ma,2,msk,bisandman,bi,7.7,432,34
17256,1,ma,2,msk,bisandman,bi,7.7,112,25
17257,1,ma,2,msk,bisandman,bi,7.7,177,23
17258,0,ma,2,msk,bisandman,bi,7.7,0,0
17259,2,ma,2,msk,bisandman,elb,7.7,237,66
17260,2,ma,2,msk,bisandman,bi,7.7,65,12
17261,2,ma,2,msk,bisandman,bi,7.7,95,8
17262,2,ma,2,msk,bisandman,elb,7.7,224,59
17263,2,ma,2,msk,bisandman,bi,7.3,128,29
17264,2,ma,2,msk,bisandman,elb,7.3,264,62
17265,1,ma,2,msk,bisandman,bi,7.3,209,15
17266,2,ma,2,msk,bisandman,elb,7.3,838,146
17267,2,ma,2,msk,bisandman,bi,7.3,234,1
17268,1,ma,2,msk,bisandman,bi,7.3,100,28
17269,0,ma,2,msk,bisandman,elb,7.3,0,0
17270,0,ma,2,msk,bisandman,security,7.3,0,0
17271,1,ma,2,msk,bisandman,bi,7,157,38
17272,2,ma,2,msk,bisandman,bigdata,7,228,50
17273,2,ma,2,msk,bisandman,elb,7,94,35
17274,2,ma,2,msk,bisandman,bi,7,197,24
17275,2,ma,2,msk,bisandman,security,7,154,10
17276,2,ma,2,msk,bisandman,bigdata,7,507,39
17277,2,ma,2,msk,bisandman,bi,6.7,99,28
17278,2,ma,2,msk,bisandman,bi,6.7,158,50
17279,2,ma,2,msk,bisandman,bi,6.7,252,39
17280,2,ma,2,msk,bisandman,bi,6.7,804,3
17281,1,ma,2,msk,bisandman,bi,6.7,146,46
17282,2,ma,2,msk,bisandman,elb,6.7,453,74
17283,2,ma,2,msk,bisandman,bigdata,6.7,172,11
17284,1,ma,2,msk,bisandman,bi,6.7,521,111
17285,2,ma,2,msk,bisandman,bi,6.7,1179,1
17286,2,ma,2,msk,bisandman,bigdata,6.7,314,48
17287,2,ma,2,msk,bisandman,bi,6.3,429,80
17288,2,ma,2,msk,bisandman,bigdata,6.3,134,41
17289,0,ma,2,msk,bisandman,security,6.3,0,0
17290,2,ma,2,msk,bisandman,elb,6.3,644,128
17291,1,ma,2,msk,bisandman,bi,6.3,170,32
17292,2,ma,2,msk,bisandman,bi,6.3,192,30
17293,1,ma,2,msk,bisandman,bi,6.3,444,42
17294,2,ma,2,msk,bisandman,bigdata,6.3,273,12
17295,2,ma,2,msk,bisandman,bi,6.3,502,58
17296,1,ma,2,msk,bisandman,bi,6.3,127,38
17297,2,ma,2,msk,bisandman,bi,6,593,154
17298,1,ma,2,msk,bisandman,security,6,139,12
17299,2,ma,2,msk,bisandman,bi,6,384,54
17300,2,ma,2,msk,bisandman,bi,5.7,131,42
17301,0,ma,2,msk,bisandman,bi,5.3,0,0
17302,2,ma,2,msk,bisandman,elb,5.3,272,46
17303,2,ma,2,msk,bisandman,bi,5,119,25
17304,2,ma,2,msk,bisandman,bi,4.3,182,39
17305,2,ma,2,msk,bisandman,security,4,217,9
17306,0,ma,2,msk,bisandman,bi,0,0,0
17307,1,ma,2,msk,bisandman,bigdata,0,1635,24
17308,0,ma,2,msk,bisandman,bi,0,0,0
17309,2,ma,2,msk,bisandman,bi,0,96,33
17310,2,ma,2,msk,bisandman,elb,0,197,37
17311,0,ma,2,msk,bisandman,bi,0,0,0
17312,1,ma,2,msk,bisandman,bigdata,0,380,113
17313,0,ma,2,msk,bisandman,bi,0,0,0
17314,2,ma,2,msk,bisandman,bigdata,0,270,31
17315,2,ma,2,msk,bisandman,bi,0,301,90
17316,2,ma,2,msk,bisandman,bi,0,256,60
17317,0,ma,2,msk,bisandman,bi,0,0,0
17318,2,ma,2,msk,bisandman,bi,0,942,96
17319,1,ma,1,msk,bisandman,pm,9.2,454,66
17320,2,ma,1,msk,bisandman,pm,9.2,602,73
17321,1,ma,1,msk,bisandman,hrm,9.3,255,41
17322,1,ma,1,msk,bisandman,mc,9,266,120
17323,1,ma,1,msk,bisandman,pm,9,149,33
17324,1,ma,1,msk,bisandman,mc,8.4,539,56
17325,1,ma,1,msk,bisandman,osm,9,223,83
17326,1,ma,1,msk,bisandman,marketing,8.9,653,88
17327,1,ma,1,msk,bisandman,osm,8.7,69,46
17328,1,ma,1,msk,bisandman,hrm,9,303,78
17329,1,ma,1,msk,bisandman,pm,8.8,201,54
17330,1,ma,1,msk,bisandman,marketing,8.3,260,57
17331,1,ma,1,msk,bisandman,marketing,8.7,473,102
17332,2,ma,1,msk,bisandman,osm,8.8,197,101
17333,2,ma,1,msk,bisandman,osm,8.2,383,111
17334,1,ma,1,msk,bisandman,hrm,8.6,44,1
17335,1,ma,1,msk,bisandman,marketing,8.5,563,86
17336,1,ma,1,msk,bisandman,hrm,8.6,385,42
17337,1,ma,1,msk,bisandman,osm,8.9,96,46
17338,1,ma,1,msk,bisandman,pm,8.4,214,75
17339,1,ma,1,msk,bisandman,tourism,8.5,410,77
17340,1,ma,1,msk,bisandman,marketing,8.5,294,57
17341,1,ma,1,msk,bisandman,mc,8.2,517,77
17342,1,ma,1,msk,bisandman,mc,8,361,45
17343,1,ma,1,msk,bisandman,marketing,8.2,247,75
17344,1,ma,1,msk,bisandman,pm,8.6,444,82
17345,1,ma,1,msk,bisandman,pm,8.4,376,59
17346,0,ma,1,msk,bisandman,osm,8.5,0,0
17347,1,ma,1,msk,bisandman,osm,8.4,96,48
17348,0,ma,1,msk,bisandman,osm,8.3,0,0
17349,1,ma,1,msk,bisandman,marketing,8.3,290,63
17350,2,ma,1,msk,bisandman,mc,8,470,207
17351,1,ma,1,msk,bisandman,mc,8.3,610,54
17352,1,ma,1,msk,bisandman,hrm,8.6,786,43
17353,1,ma,1,msk,bisandman,hrm,8.4,510,32
17354,1,ma,1,msk,bisandman,hrm,8.4,1020,99
17355,1,ma,1,msk,bisandman,marketing,8.3,291,70
17356,1,ma,1,msk,bisandman,pm,8,306,91
17357,1,ma,1,msk,bisandman,osm,8.3,470,70
17358,1,ma,1,msk,bisandman,marketing,8.3,986,102
17359,1,ma,1,msk,bisandman,osm,8.3,432,145
17360,1,ma,1,msk,bisandman,pm,8.4,121,46
17361,2,ma,1,msk,bisandman,pm,8,201,27
17362,1,ma,1,msk,bisandman,mc,7.8,169,54
17363,1,ma,1,msk,bisandman,marketing,7.8,568,165
17364,1,ma,1,msk,bisandman,marketing,7.9,290,61
17365,1,ma,1,msk,bisandman,pm,8.6,378,58
17366,2,ma,1,msk,bisandman,pm,8,334,48
17367,1,ma,1,msk,bisandman,hrm,8.2,450,18
17368,2,ma,1,msk,bisandman,marketing,8.1,121,42
17369,1,ma,1,msk,bisandman,marketing,8,860,38
17370,1,ma,1,msk,bisandman,osm,8.6,202,42
17371,2,ma,1,msk,bisandman,osm,8,403,35
17372,2,ma,1,msk,bisandman,pm,7.7,384,31
17373,1,ma,1,msk,bisandman,pm,7.6,235,50
17374,1,ma,1,msk,bisandman,mc,8.5,149,30
17375,2,ma,1,msk,bisandman,osm,8.2,540,212
17376,1,ma,1,msk,bisandman,osm,8.2,1259,49
17377,1,ma,1,msk,bisandman,tourism,8.2,466,44
17378,1,ma,1,msk,bisandman,hrm,8,380,47
17379,1,ma,1,msk,bisandman,osm,7.9,329,82
17380,1,ma,1,msk,bisandman,mc,7.5,277,69
17381,2,ma,1,msk,bisandman,osm,8,101,51
17382,1,ma,1,msk,bisandman,hrm,8.1,293,49
17383,1,ma,1,msk,bisandman,hrm,8,107,17
17384,0,ma,1,msk,bisandman,hrm,8,0,0
17385,2,ma,1,msk,bisandman,pm,8,246,25
17386,1,ma,1,msk,bisandman,pm,7.6,392,138
17387,2,ma,1,msk,bisandman,mc,7.5,237,77
17388,1,ma,1,msk,bisandman,mc,7,121,30
17389,0,ma,1,msk,bisandman,osm,8,0,0
17390,1,ma,1,msk,bisandman,osm,7.8,183,45
17391,1,ma,1,msk,bisandman,marketing,8,195,91
17392,1,ma,1,msk,bisandman,hrm,7.8,137,23
17393,1,ma,1,msk,bisandman,pm,8,36,25
17394,1,ma,1,msk,bisandman,pm,7.8,152,45
17395,1,ma,1,msk,bisandman,marketing,7.7,268,46
17396,1,ma,1,msk,bisandman,osm,8,461,62
17397,1,ma,1,msk,bisandman,osm,8,491,143
17398,2,ma,1,msk,bisandman,osm,7.9,179,84
17399,1,ma,1,msk,bisandman,osm,7.8,39,22
17400,0,ma,1,msk,bisandman,marketing,7.9,0,0
17401,1,ma,1,msk,bisandman,tourism,7.8,271,65
17402,1,ma,1,msk,bisandman,tourism,7.8,555,60
17403,1,ma,1,msk,bisandman,hrm,7.8,344,56
17404,1,ma,1,msk,bisandman,tourism,7.7,120,23
17405,0,ma,1,msk,bisandman,tourism,7.7,0,0
17406,1,ma,1,msk,bisandman,tourism,7.3,234,41
17407,1,ma,1,msk,bisandman,marketing,8,83,48
17408,0,ma,1,msk,bisandman,marketing,7.4,0,0
17409,0,ma,1,msk,bisandman,pm,7.6,0,0
17410,2,ma,1,msk,bisandman,pm,7.2,342,70
17411,1,ma,1,msk,bisandman,marketing,7.3,247,80
17412,0,ma,1,msk,bisandman,hrm,7.6,0,0
17413,1,ma,1,msk,bisandman,hrm,7.2,52,13
17414,1,ma,1,msk,bisandman,mc,7.8,117,47
17415,1,ma,1,msk,bisandman,mc,7.7,326,33
17416,1,ma,1,msk,bisandman,mc,7.6,97,27
17417,2,ma,1,msk,bisandman,pm,7.4,739,95
17418,1,ma,1,msk,bisandman,pm,7.4,486,152
17419,1,ma,1,msk,bisandman,osm,8.4,334,41
17420,1,ma,1,msk,bisandman,marketing,8,244,75
17421,1,ma,1,msk,bisandman,marketing,7.7,200,58
17422,1,ma,1,msk,bisandman,hrm,6.7,490,19
17423,1,ma,1,msk,bisandman,mc,7.4,513,109
17424,1,ma,1,msk,bisandman,mc,7.2,401,93
17425,1,ma,1,msk,bisandman,hrm,8,392,83
17426,1,ma,1,msk,bisandman,osm,8,224,42
17427,2,ma,1,msk,bisandman,osm,8,425,34
17428,2,ma,1,msk,bisandman,osm,7.7,67,53
17429,1,ma,1,msk,bisandman,osm,7.6,340,31
17430,2,ma,1,msk,bisandman,pm,7.6,82,25
17431,0,ma,1,msk,bisandman,pm,7.5,0,0
17432,2,ma,1,msk,bisandman,pm,7.2,133,41
17433,0,ma,1,msk,bisandman,pm,7,0,0
17434,2,ma,1,msk,bisandman,marketing,7.2,413,95
17435,0,ma,1,msk,bisandman,tourism,7.8,0,0
17436,1,ma,1,msk,bisandman,mc,7.6,350,149
17437,2,ma,1,msk,bisandman,mc,7.4,108,47
17438,1,ma,1,msk,bisandman,tourism,7.2,155,17
17439,1,ma,1,msk,bisandman,marketing,7.4,165,45
17440,1,ma,1,msk,bisandman,pm,7.5,222,47
17441,2,ma,1,msk,bisandman,pm,7.5,323,66
17442,1,ma,1,msk,bisandman,marketing,7,279,106
17443,1,ma,1,msk,bisandman,osm,7.8,131,61
17444,1,ma,1,msk,bisandman,osm,7.7,334,47
17445,1,ma,1,msk,bisandman,osm,7.5,366,107
17446,1,ma,1,msk,bisandman,marketing,7.1,621,89
17447,1,ma,1,msk,bisandman,hrm,7.4,107,32
17448,1,ma,1,msk,bisandman,hrm,7.2,166,26
17449,0,ma,1,msk,bisandman,marketing,7.1,0,0
17450,1,ma,1,msk,bisandman,mc,8,178,0
17451,1,ma,1,msk,bisandman,mc,7.3,374,56
17452,1,ma,1,msk,bisandman,pm,7.2,514,63
17453,1,ma,1,msk,bisandman,mc,7,371,69
17454,1,ma,1,msk,bisandman,mc,6.8,325,44
17455,2,ma,1,msk,bisandman,osm,7.8,60,47
17456,1,ma,1,msk,bisandman,osm,7.6,138,70
17457,1,ma,1,msk,bisandman,osm,7.5,248,58
17458,2,ma,1,msk,bisandman,osm,7.3,785,68
17459,1,ma,1,msk,bisandman,marketing,7.1,119,43
17460,2,ma,1,msk,bisandman,marketing,7.1,312,43
17461,2,ma,1,msk,bisandman,marketing,7.1,906,140
17462,1,ma,1,msk,bisandman,pm,7.4,242,85
17463,2,ma,1,msk,bisandman,pm,7.2,716,70
17464,1,ma,1,msk,bisandman,tourism,7.5,419,22
17465,1,ma,1,msk,bisandman,tourism,7.2,923,180
17466,1,ma,1,msk,bisandman,tourism,7,401,116
17467,1,ma,1,msk,bisandman,hrm,7,540,21
17468,1,ma,1,msk,bisandman,mc,6.8,217,60
17469,1,ma,1,msk,bisandman,marketing,7,208,16
17470,0,ma,1,msk,bisandman,osm,7.4,0,0
17471,2,ma,1,msk,bisandman,osm,7.2,552,69
17472,1,ma,1,msk,bisandman,osm,7.2,303,35
17473,1,ma,1,msk,bisandman,pm,7.4,246,67
17474,2,ma,1,msk,bisandman,pm,7.2,57,15
17475,2,ma,1,msk,bisandman,hrm,6.9,419,111
17476,1,ma,1,msk,bisandman,marketing,7,618,62
17477,1,ma,1,msk,bisandman,osm,7.5,220,55
17478,2,ma,1,msk,bisandman,marketing,7.2,204,57
17479,1,ma,1,msk,bisandman,mc,7,261,34
17480,1,ma,1,msk,bisandman,tourism,7.4,245,14
17481,2,ma,1,msk,bisandman,mc,7.2,270,72
17482,2,ma,1,msk,bisandman,mc,7.2,253,83
17483,2,ma,1,msk,bisandman,osm,7.2,0,0
17484,1,ma,1,msk,bisandman,marketing,7.1,124,73
17485,2,ma,1,msk,bisandman,osm,7,321,71
17486,2,ma,1,msk,bisandman,osm,6.9,184,42
17487,1,ma,1,msk,bisandman,pm,6.8,780,45
17488,2,ma,1,msk,bisandman,mc,6.8,168,34
17489,2,ma,1,msk,bisandman,pm,6.6,316,41
17490,1,ma,1,msk,bisandman,tourism,6.5,527,36
17491,1,ma,1,msk,bisandman,pm,7,333,32
17492,1,ma,1,msk,bisandman,mc,7,289,84
17493,0,ma,1,msk,bisandman,mc,6.8,0,0
17494,1,ma,1,msk,bisandman,marketing,6.7,266,41
17495,2,ma,1,msk,bisandman,marketing,7,896,100
17496,2,ma,1,msk,bisandman,osm,7,209,40
17497,1,ma,1,msk,bisandman,marketing,7.1,336,42
17498,1,ma,1,msk,bisandman,marketing,6.9,267,67
17499,1,ma,1,msk,bisandman,mc,6.8,447,62
17500,1,ma,1,msk,bisandman,marketing,7,512,74
17501,1,ma,1,msk,bisandman,osm,7.2,18,1
17502,1,ma,1,msk,bisandman,osm,7.2,152,45
17503,2,ma,1,msk,bisandman,osm,7,293,75
17504,1,ma,1,msk,bisandman,tourism,7.3,817,21
17505,0,ma,1,msk,bisandman,tourism,7.2,0,0
17506,1,ma,1,msk,bisandman,tourism,7,228,25
17507,1,ma,1,msk,bisandman,tourism,6.8,260,30
17508,1,ma,1,msk,bisandman,tourism,6.5,246,22
17509,1,ma,1,msk,bisandman,tourism,6.2,249,16
17510,1,ma,1,msk,bisandman,marketing,7.1,367,44
17511,2,ma,1,msk,bisandman,marketing,6.6,320,93
17512,2,ma,1,msk,bisandman,osm,7,113,50
17513,2,ma,1,msk,bisandman,osm,7,199,26
17514,2,ma,1,msk,bisandman,marketing,6.6,293,68
17515,1,ma,1,msk,bisandman,marketing,6.5,242,43
17516,1,ma,1,msk,bisandman,osm,7,204,61
17517,1,ma,1,msk,bisandman,osm,6.7,264,45
17518,2,ma,1,msk,bisandman,osm,6.5,915,61
17519,2,ma,1,msk,bisandman,pm,6.5,96,28
17520,2,ma,1,msk,bisandman,mc,6.7,369,92
17521,1,ma,1,msk,bisandman,marketing,6.3,319,76
17522,1,ma,1,msk,bisandman,tourism,6.3,272,20
17523,2,ma,1,msk,bisandman,osm,6.5,373,51
17524,1,ma,1,msk,bisandman,hrm,6.1,164,6
17525,2,ma,1,msk,bisandman,hrm,6.1,36,24
17526,1,ma,1,msk,bisandman,pm,6.4,90,15
17527,2,ma,1,msk,bisandman,marketing,6.6,33,23
17528,0,ma,1,msk,bisandman,pm,6.2,0,0
17529,2,ma,1,msk,bisandman,mc,6,110,28
17530,2,ma,1,msk,bisandman,osm,6.8,126,30
17531,1,ma,1,msk,bisandman,mc,6.2,48,39
17532,1,ma,1,msk,bisandman,marketing,5.9,778,52
17533,1,ma,1,msk,bisandman,hrm,6,65,5
17534,0,ma,1,msk,bisandman,marketing,6.2,0,0
17535,1,ma,1,msk,bisandman,tourism,6.7,416,22
17536,1,ma,1,msk,bisandman,osm,6.3,406,100
17537,0,ma,1,msk,bisandman,osm,6.2,0,0
17538,1,ma,1,msk,bisandman,tourism,6,30,1
17539,2,ma,1,msk,bisandman,pm,5.8,64,17
17540,1,ma,1,msk,bisandman,mc,5.7,208,81
17541,2,ma,1,msk,bisandman,marketing,5.9,296,103
17542,1,ma,1,msk,bisandman,hrm,6.7,213,48
17543,2,ma,1,msk,bisandman,osm,6.2,456,105
17544,0,ma,1,msk,bisandman,osm,6.1,0,0
17545,1,ma,1,msk,bisandman,marketing,6.1,154,32
17546,2,ma,1,msk,bisandman,marketing,5.6,941,68
17547,0,ma,1,msk,bisandman,marketing,5.6,0,0
17548,2,ma,1,msk,bisandman,marketing,5.8,246,50
17549,1,ma,1,msk,bisandman,marketing,5.6,401,13
17550,2,ma,1,msk,bisandman,mc,6,206,59
17551,1,ma,1,msk,bisandman,tourism,5.8,40,1
17552,2,ma,1,msk,bisandman,tourism,5.3,133,32
17553,1,ma,1,msk,bisandman,marketing,6,0,0
17554,0,ma,1,msk,bisandman,mc,6.6,0,0
17555,2,ma,1,msk,bisandman,mc,5.7,60,9
17556,1,ma,1,msk,bisandman,marketing,5.7,71,22
17557,1,ma,1,msk,bisandman,mc,6.2,247,31
17558,2,ma,1,msk,bisandman,mc,6,961,217
17559,0,ma,1,msk,bisandman,marketing,5.8,0,0
17560,1,ma,1,msk,bisandman,marketing,5.6,0,0
17561,1,ma,1,msk,bisandman,hrm,6,170,34
17562,1,ma,1,msk,bisandman,mc,5,207,61
17563,1,ma,1,msk,bisandman,mc,5,410,22
17564,1,ma,1,msk,bisandman,marketing,5.2,15,12
17565,0,ma,1,msk,bisandman,marketing,4.4,0,0
17566,2,ma,1,msk,bisandman,pm,3.5,128,29
17567,2,ma,2,msk,bisandman,osm,9.6,223,78
17568,1,ma,2,msk,bisandman,mc,9.2,289,49
17569,1,ma,2,msk,bisandman,pm,9.2,903,17
17570,1,ma,2,msk,bisandman,marketing,9.1,340,37
17571,1,ma,2,msk,bisandman,mc,9,67,39
17572,1,ma,2,msk,bisandman,hrm,9,523,38
17573,1,ma,2,msk,bisandman,hrm,8.8,175,28
17574,0,ma,2,msk,bisandman,marketing,9,0,0
17575,2,ma,2,msk,bisandman,marketing,8.9,311,103
17576,1,ma,2,msk,bisandman,mc,8.8,844,37
17577,1,ma,2,msk,bisandman,mc,8.8,74,38
17578,1,ma,2,msk,bisandman,tourism,8.8,366,46
17579,1,ma,2,msk,bisandman,marketing,8.6,368,91
17580,0,ma,2,msk,bisandman,marketing,8.8,0,0
17581,1,ma,2,msk,bisandman,marketing,8.8,491,58
17582,1,ma,2,msk,bisandman,marketing,8.8,119,27
17583,2,ma,2,msk,bisandman,pm,8.6,73,43
17584,1,ma,2,msk,bisandman,osm,8.6,296,51
17585,1,ma,2,msk,bisandman,marketing,8.6,329,74
17586,1,ma,2,msk,bisandman,marketing,8.6,172,47
17587,1,ma,2,msk,bisandman,marketing,8.5,653,57
17588,2,ma,2,msk,bisandman,marketing,8.6,207,60
17589,1,ma,2,msk,bisandman,mc,8.5,232,36
17590,1,ma,2,msk,bisandman,mc,8.5,260,55
17591,1,ma,2,msk,bisandman,mc,8.5,239,51
17592,1,ma,2,msk,bisandman,mc,8.5,437,62
17593,0,ma,2,msk,bisandman,mc,8.5,0,0
17594,1,ma,2,msk,bisandman,mc,8.5,97,29
17595,2,ma,2,msk,bisandman,pm,8.4,527,109
17596,1,ma,2,msk,bisandman,marketing,8.4,296,45
17597,1,ma,2,msk,bisandman,tourism,8.4,629,45
17598,1,ma,2,msk,bisandman,marketing,8.4,385,82
17599,1,ma,2,msk,bisandman,marketing,8.4,473,95
17600,2,ma,2,msk,bisandman,hrm,8.2,5000,31
17601,2,ma,2,msk,bisandman,pm,8.2,61,39
17602,0,ma,2,msk,bisandman,mc,8.2,0,0
17603,1,ma,2,msk,bisandman,mc,8.2,375,60
17604,2,ma,2,msk,bisandman,mc,8.2,441,37
17605,1,ma,2,msk,bisandman,pm,8.2,378,47
17606,1,ma,2,msk,bisandman,pm,8.2,114,30
17607,1,ma,2,msk,bisandman,tourism,8.2,986,285
17608,1,ma,2,msk,bisandman,osm,8.2,114,35
17609,0,ma,2,msk,bisandman,pm,8.2,0,0
17610,1,ma,2,msk,bisandman,marketing,8.3,494,71
17611,1,ma,2,msk,bisandman,tourism,8,435,81
17612,1,ma,2,msk,bisandman,pm,8,488,2
17613,1,ma,2,msk,bisandman,marketing,8.1,204,49
17614,1,ma,2,msk,bisandman,marketing,8.1,441,29
17615,2,ma,2,msk,bisandman,marketing,8,140,59
17616,1,ma,2,msk,bisandman,marketing,8,505,44
17617,1,ma,2,msk,bisandman,hrm,8.2,206,42
17618,1,ma,2,msk,bisandman,marketing,8.1,182,29
17619,1,ma,2,msk,bisandman,mc,8,271,41
17620,2,ma,2,msk,bisandman,pm,8,331,85
17621,2,ma,2,msk,bisandman,pm,8,166,66
17622,1,ma,2,msk,bisandman,osm,8,374,80
17623,1,ma,2,msk,bisandman,tourism,8,489,107
17624,2,ma,2,msk,bisandman,pm,7.8,225,94
17625,1,ma,2,msk,bisandman,osm,8,87,24
17626,2,ma,2,msk,bisandman,pm,8,623,140
17627,1,ma,2,msk,bisandman,osm,7.8,471,66
17628,1,ma,2,msk,bisandman,osm,7.8,227,57
17629,2,ma,2,msk,bisandman,osm,7.8,63,38
17630,2,ma,2,msk,bisandman,osm,7.8,301,42
17631,1,ma,2,msk,bisandman,osm,7.5,625,47
17632,1,ma,2,msk,bisandman,mc,7.8,355,1
17633,1,ma,2,msk,bisandman,osm,7.8,169,68
17634,2,ma,2,msk,bisandman,osm,7.8,146,38
17635,0,ma,2,msk,bisandman,marketing,7.9,0,0
17636,1,ma,2,msk,bisandman,tourism,7.8,199,21
17637,1,ma,2,msk,bisandman,marketing,7.6,343,42
17638,1,ma,2,msk,bisandman,pm,7.6,625,50
17639,1,ma,2,msk,bisandman,marketing,8.1,568,26
17640,2,ma,2,msk,bisandman,pm,7.6,287,16
17641,0,ma,2,msk,bisandman,osm,7.6,0,0
17642,1,ma,2,msk,bisandman,osm,7.6,128,36
17643,1,ma,2,msk,bisandman,marketing,7.8,479,42
17644,1,ma,2,msk,bisandman,marketing,7.6,467,35
17645,2,ma,2,msk,bisandman,hrm,7.3,176,53
17646,1,ma,2,msk,bisandman,hrm,7.5,0,0
17647,1,ma,2,msk,bisandman,osm,7.6,217,35
17648,0,ma,2,msk,bisandman,osm,7.6,0,0
17649,1,ma,2,msk,bisandman,marketing,7.7,609,130
17650,1,ma,2,msk,bisandman,pm,7.4,242,48
17651,0,ma,2,msk,bisandman,mc,7.5,0,0
17652,1,ma,2,msk,bisandman,mc,7.5,164,31
17653,0,ma,2,msk,bisandman,mc,7.5,0,0
17654,1,ma,2,msk,bisandman,mc,7.5,671,59
17655,1,ma,2,msk,bisandman,mc,7.5,1083,66
17656,1,ma,2,msk,bisandman,pm,7.4,44,26
17657,2,ma,2,msk,bisandman,osm,7.5,292,72
17658,1,ma,2,msk,bisandman,marketing,7.7,173,50
17659,1,ma,2,msk,bisandman,marketing,7.9,469,54
17660,1,ma,2,msk,bisandman,osm,7.4,137,32
17661,1,ma,2,msk,bisandman,pm,7.4,111,33
17662,1,ma,2,msk,bisandman,tourism,7.4,134,19
17663,1,ma,2,msk,bisandman,pm,7.4,918,130
17664,2,ma,2,msk,bisandman,marketing,7.5,608,30
17665,1,ma,2,msk,bisandman,marketing,7.2,199,43
17666,1,ma,2,msk,bisandman,mc,7.2,187,54
17667,2,ma,2,msk,bisandman,mc,7.2,352,37
17668,2,ma,2,msk,bisandman,pm,7.2,504,69
17669,2,ma,2,msk,bisandman,osm,7.2,189,45
17670,1,ma,2,msk,bisandman,osm,7.2,522,24
17671,2,ma,2,msk,bisandman,osm,7.2,230,51
17672,1,ma,2,msk,bisandman,hrm,7.3,220,52
17673,1,ma,2,msk,bisandman,pm,7.2,197,51
17674,1,ma,2,msk,bisandman,marketing,7.4,267,1
17675,1,ma,2,msk,bisandman,marketing,7.2,341,66
17676,1,ma,2,msk,bisandman,hrm,7.2,249,44
17677,2,ma,2,msk,bisandman,pm,7.2,432,100
17678,2,ma,2,msk,bisandman,pm,7,479,118
17679,0,ma,2,msk,bisandman,hrm,7,0,0
17680,1,ma,2,msk,bisandman,tourism,7,589,55
17681,1,ma,2,msk,bisandman,marketing,6.9,519,45
17682,1,ma,2,msk,bisandman,hrm,7,74,43
17683,2,ma,2,msk,bisandman,osm,6.8,119,22
17684,2,ma,2,msk,bisandman,osm,6.8,308,93
17685,0,ma,2,msk,bisandman,osm,6.8,0,0
17686,1,ma,2,msk,bisandman,pm,6.8,299,42
17687,1,ma,2,msk,bisandman,mc,6.8,1171,48
17688,1,ma,2,msk,bisandman,hrm,6.8,318,29
17689,1,ma,2,msk,bisandman,osm,6.8,94,47
17690,2,ma,2,msk,bisandman,pm,6.8,427,107
17691,2,ma,2,msk,bisandman,marketing,6.9,141,20
17692,1,ma,2,msk,bisandman,hrm,6.7,265,69
17693,1,ma,2,msk,bisandman,osm,6.6,173,33
17694,2,ma,2,msk,bisandman,pm,6.6,695,100
17695,1,ma,2,msk,bisandman,pm,6.6,128,27
17696,2,ma,2,msk,bisandman,pm,6.6,859,73
17697,1,ma,2,msk,bisandman,hrm,6.5,406,37
17698,2,ma,2,msk,bisandman,marketing,6.6,185,18
17699,1,ma,2,msk,bisandman,pm,6.5,567,41
17700,1,ma,2,msk,bisandman,hrm,6.5,529,42
17701,1,ma,2,msk,bisandman,hrm,6.5,352,74
17702,1,ma,2,msk,bisandman,marketing,6.6,41,18
17703,2,ma,2,msk,bisandman,hrm,6.7,158,72
17704,1,ma,2,msk,bisandman,hrm,6.5,163,41
17705,2,ma,2,msk,bisandman,pm,6.4,52,32
17706,1,ma,2,msk,bisandman,tourism,6.4,161,19
17707,2,ma,2,msk,bisandman,pm,6.5,102,50
17708,1,ma,2,msk,bisandman,mc,6.2,158,20
17709,2,ma,2,msk,bisandman,marketing,6.7,0,0
17710,1,ma,2,msk,bisandman,hrm,6.2,259,37
17711,2,ma,2,msk,bisandman,marketing,6.4,64,23
17712,1,ma,2,msk,bisandman,marketing,6.4,186,34
17713,2,ma,2,msk,bisandman,osm,6,147,64
17714,1,ma,2,msk,bisandman,osm,6,143,34
17715,0,ma,2,msk,bisandman,hrm,5.8,0,0
17716,1,ma,2,msk,bisandman,hrm,6.2,326,57
17717,2,ma,2,msk,bisandman,pm,6,592,55
17718,2,ma,2,msk,bisandman,pm,5.8,417,111
17719,1,ma,2,msk,bisandman,osm,5.8,376,22
17720,2,ma,2,msk,bisandman,osm,5.8,365,41
17721,1,ma,2,msk,bisandman,osm,5.8,208,38
17722,1,ma,2,msk,bisandman,pm,6,371,32
17723,2,ma,2,msk,bisandman,pm,5.6,368,64
17724,2,ma,2,msk,bisandman,osm,5.6,550,79
17725,2,ma,2,msk,bisandman,pm,5.6,310,33
17726,1,ma,2,msk,bisandman,hrm,5.5,0,0
17727,1,ma,2,msk,bisandman,pm,5.4,215,48
17728,1,ma,2,msk,bisandman,osm,5.4,681,97
17729,1,ma,2,msk,bisandman,osm,5.4,403,55
17730,1,ma,2,msk,bisandman,osm,5.2,456,74
17731,2,ma,2,msk,bisandman,pm,5.2,131,23
17732,2,ma,2,msk,bisandman,pm,5,199,48
17733,1,ma,2,msk,bisandman,pm,5,248,55
17734,1,ma,2,msk,bisandman,hrm,5,0,0
17735,2,ma,2,msk,bisandman,pm,5,491,58
17736,2,ma,2,msk,bisandman,osm,4.8,237,28
17737,2,ma,2,msk,bisandman,osm,4.8,224,39
17738,2,ma,2,msk,bisandman,pm,4.6,298,18
17739,0,ma,2,msk,bisandman,pm,4.6,0,0
17740,0,ma,2,msk,bisandman,hrm,0,0,0
17741,2,ma,2,msk,bisandman,hrm,0,321,2
17742,1,ma,2,msk,bisandman,hrm,0,273,6
17743,0,ma,2,msk,bisandman,hrm,0,0,0
17744,1,ma,2,msk,bisandman,marketing,0,334,9
17745,2,ma,1,msk,bisandman,log,8.6,147,42
17746,1,ma,1,msk,bisandman,log,8.8,370,84
17747,1,ma,1,msk,bisandman,log,8.6,377,88
17748,1,ma,1,msk,bisandman,log,8.2,370,96
17749,0,ma,1,msk,bisandman,log,8.3,0,0
17750,1,ma,1,msk,bisandman,log,8.4,308,52
17751,1,ma,1,msk,bisandman,log,8.4,235,43
17752,1,ma,1,msk,bisandman,log,8.2,271,39
17753,1,ma,1,msk,bisandman,log,8.2,139,53
17754,1,ma,1,msk,bisandman,log,8,304,53
17755,2,ma,1,msk,bisandman,log,8,141,54
17756,2,ma,1,msk,bisandman,log,8,170,48
17757,1,ma,1,msk,bisandman,log,8,167,51
17758,2,ma,1,msk,bisandman,log,7.8,173,42
17759,2,ma,1,msk,bisandman,log,8,144,36
17760,1,ma,1,msk,bisandman,log,8,340,41
17761,0,ma,1,msk,bisandman,log,8,0,0
17762,0,ma,1,msk,bisandman,log,7.8,0,0
17763,1,ma,1,msk,bisandman,log,7.6,201,54
17764,1,ma,1,msk,bisandman,log,7.8,350,39
17765,1,ma,1,msk,bisandman,log,7.6,153,46
17766,2,ma,1,msk,bisandman,log,7.6,385,113
17767,1,ma,1,msk,bisandman,log,7.5,657,96
17768,1,ma,1,msk,bisandman,log,7.6,333,51
17769,0,ma,1,msk,bisandman,log,7.4,0,0
17770,1,ma,1,msk,bisandman,log,7.6,341,45
17771,1,ma,1,msk,bisandman,log,7.5,454,31
17772,1,ma,1,msk,bisandman,log,7.5,0,0
17773,2,ma,1,msk,bisandman,log,7.5,187,35
17774,1,ma,1,msk,bisandman,log,7.2,191,46
17775,1,ma,1,msk,bisandman,log,7.2,399,69
17776,2,ma,1,msk,bisandman,log,7.2,293,90
17777,2,ma,1,msk,bisandman,log,7.2,166,43
17778,2,ma,1,msk,bisandman,log,7.4,66,33
17779,2,ma,1,msk,bisandman,log,7,354,83
17780,2,ma,1,msk,bisandman,log,7.2,388,76
17781,2,ma,1,msk,bisandman,log,7,247,28
17782,2,ma,1,msk,bisandman,log,7,249,23
17783,0,ma,1,msk,bisandman,log,7,0,0
17784,1,ma,1,msk,bisandman,log,7,334,59
17785,1,ma,1,msk,bisandman,log,7,358,52
17786,1,ma,1,msk,bisandman,log,7,221,48
17787,2,ma,1,msk,bisandman,log,6.8,182,61
17788,2,ma,1,msk,bisandman,log,6.8,96,63
17789,2,ma,1,msk,bisandman,log,6.8,310,48
17790,2,ma,1,msk,bisandman,log,6.6,171,38
17791,0,ma,1,msk,bisandman,log,6.5,0,0
17792,1,ma,1,msk,bisandman,log,6.5,486,39
17793,1,ma,1,msk,bisandman,log,6.8,132,18
17794,0,ma,1,msk,bisandman,log,7,0,0
17795,1,ma,1,msk,bisandman,log,6.6,369,65
17796,1,ma,1,msk,bisandman,log,6.6,163,4
17797,1,ma,1,msk,bisandman,log,6.8,137,42
17798,2,ma,1,msk,bisandman,log,6.8,276,41
17799,2,ma,1,msk,bisandman,log,6,229,69
17800,1,ma,1,msk,bisandman,log,6.5,211,25
17801,1,ma,1,msk,bisandman,log,6.5,193,26
17802,2,ma,1,msk,bisandman,log,6.2,417,62
17803,2,ma,1,msk,bisandman,log,6.5,283,110
17804,1,ma,1,msk,bisandman,log,6.2,0,0
17805,2,ma,1,msk,bisandman,log,6.2,316,70
17806,1,ma,1,msk,bisandman,log,6,133,42
17807,2,ma,1,msk,bisandman,log,6,128,45
17808,1,ma,1,msk,bisandman,log,6,318,59
17809,2,ma,1,msk,bisandman,log,5.6,0,0
17810,0,ma,1,msk,bisandman,log,5,0,0
17811,0,ma,1,msk,bisandman,log,4.8,0,0
17812,2,ma,2,msk,bisandman,log,8.5,209,64
17813,2,ma,2,msk,bisandman,log,8.2,715,55
17814,1,ma,2,msk,bisandman,log,8,215,44
17815,1,ma,2,msk,bisandman,log,8,181,53
17816,2,ma,2,msk,bisandman,log,8,149,41
17817,1,ma,2,msk,bisandman,log,7.8,49,12
17818,2,ma,2,msk,bisandman,log,7.8,73,23
17819,1,ma,2,msk,bisandman,log,7.8,526,134
17820,2,ma,2,msk,bisandman,log,7.8,219,65
17821,1,ma,2,msk,bisandman,log,7.8,180,67
17822,1,ma,2,msk,bisandman,log,7.5,162,47
17823,1,ma,2,msk,bisandman,log,7.5,101,50
17824,1,ma,2,msk,bisandman,log,7.5,177,28
17825,1,ma,2,msk,bisandman,log,7.2,31,16
17826,2,ma,2,msk,bisandman,log,7.2,94,34
17827,1,ma,2,msk,bisandman,log,7.2,272,58
17828,1,ma,2,msk,bisandman,log,7,108,35
17829,2,ma,2,msk,bisandman,log,7,256,52
17830,1,ma,2,msk,bisandman,log,6.8,262,61
17831,1,ma,2,msk,bisandman,log,6.8,56,28
17832,2,ma,2,msk,bisandman,log,6.8,341,75
17833,1,ma,2,msk,bisandman,log,6.8,315,40
17834,2,ma,2,msk,bisandman,log,6.5,186,49
17835,1,ma,2,msk,bisandman,log,6.5,204,42
17836,2,ma,2,msk,bisandman,log,6.5,114,25
17837,1,ma,2,msk,bisandman,log,6.5,216,44
17838,1,ma,2,msk,bisandman,log,6.2,348,43
17839,1,ma,2,msk,bisandman,log,6.2,190,41
17840,1,ma,2,msk,bisandman,log,6,224,40
17841,2,ma,2,msk,bisandman,log,6,51,15
17842,0,ma,2,msk,bisandman,log,5.8,0,0
17843,2,ma,2,msk,bisandman,log,5.8,269,43
17844,1,ma,2,msk,bisandman,log,5.8,370,63
17845,2,ma,2,msk,bisandman,log,5.8,100,25
17846,2,ma,2,msk,bisandman,log,5.2,166,49
17847,0,ma,1,msk,bisandman,logist,6,0,0
17848,2,ma,1,msk,bisandman,logist,6,77,10
17849,1,ma,1,msk,bisandman,logist,6,178,19
17850,1,ma,1,msk,bisandman,logist,6,123,1
17851,2,ma,1,msk,bisandman,logist,6,150,3
17852,2,ma,1,msk,bisandman,logist,5,530,6
17853,0,ma,2,msk,bisandman,logist,8.3,0,0
17854,0,ma,2,msk,bisandman,logist,8,0,0
17855,0,ma,2,msk,bisandman,logist,8,0,0
17856,0,ma,2,msk,bisandman,logist,7.3,0,0
17857,0,ma,2,msk,bisandman,logist,7,0,0
17858,2,ma,2,msk,bisandman,logist,7,257,2
17859,2,ma,2,msk,bisandman,mc,8.7,401,109
17860,1,ma,2,msk,bisandman,mc,8.5,1098,186
17861,2,ma,2,msk,bisandman,pm,0,143,51
17862,1,ma,2,msk,bisandman,mc,8.1,412,107
17863,1,ma,2,msk,bisandman,marketing,7.6,773,106
17864,1,ma,2,msk,bisandman,mc,7.3,422,40
17865,2,ma,2,msk,bisandman,marketing,7.1,160,49
17866,1,ma,2,msk,bisandman,mc,6.5,1538,67
17867,1,ma,2,msk,bisandman,osm,6.9,357,93
17868,2,ma,2,msk,bisandman,osm,6.8,161,33
17869,2,ma,2,msk,bisandman,osm,7,29,17
17870,2,ma,2,msk,bisandman,marketing,6.4,205,49
17871,1,ma,1,msk,stat_research_institute,sti,9.7,589,27
17872,1,ma,1,msk,stat_research_institute,sti,9.3,494,103
17873,2,ma,1,msk,stat_research_institute,sti,9,434,66
17874,1,ma,1,msk,stat_research_institute,sti,9,115,44
17875,1,ma,1,msk,stat_research_institute,sti,8.8,124,42
17876,1,ma,1,msk,stat_research_institute,sti,8.7,229,40
17877,1,ma,1,msk,stat_research_institute,sti,8.7,269,27
17878,1,ma,1,msk,stat_research_institute,sti,8.7,498,37
17879,1,ma,1,msk,stat_research_institute,sti,9,270,68
17880,2,ma,1,msk,stat_research_institute,sti,9,360,57
17881,2,ma,1,msk,stat_research_institute,sti,8.7,100,29
17882,0,ma,1,msk,stat_research_institute,sti,8.7,0,0
17883,1,ma,1,msk,stat_research_institute,sti,8.7,373,41
17884,2,ma,1,msk,stat_research_institute,sti,8.5,241,70
17885,1,ma,1,msk,stat_research_institute,sti,8.3,423,64
17886,1,ma,1,msk,stat_research_institute,sti,8.3,264,75
17887,2,ma,1,msk,stat_research_institute,sti,8.3,341,38
17888,1,ma,1,msk,stat_research_institute,sti,8.3,196,46
17889,2,ma,1,msk,stat_research_institute,sti,8,157,59
17890,2,ma,1,msk,stat_research_institute,sti,8.7,70,21
17891,0,ma,1,msk,stat_research_institute,sti,7.7,0,0
17892,2,ma,1,msk,stat_research_institute,sti,8,50,35
17893,1,ma,1,msk,stat_research_institute,sti,7.5,718,40
17894,1,ma,1,msk,stat_research_institute,sti,8,426,36
17895,1,ma,1,msk,stat_research_institute,sti,7.7,425,51
17896,2,ma,1,msk,stat_research_institute,sti,7.7,168,29
17897,1,ma,1,msk,stat_research_institute,sti,7.7,140,17
17898,1,ma,1,msk,stat_research_institute,sti,7.7,613,36
17899,1,ma,1,msk,stat_research_institute,sti,8,204,41
17900,1,ma,1,msk,stat_research_institute,sti,7.7,380,83
17901,1,ma,1,msk,stat_research_institute,sti,7.7,78,30
17902,1,ma,1,msk,stat_research_institute,sti,7.5,149,47
17903,1,ma,1,msk,stat_research_institute,sti,7.3,363,39
17904,1,ma,1,msk,stat_research_institute,sti,7,110,37
17905,0,ma,1,msk,stat_research_institute,sti,7,0,0
17906,2,ma,1,msk,stat_research_institute,sti,7,49,27
17907,2,ma,1,msk,stat_research_institute,sti,7.8,162,33
17908,2,ma,1,msk,stat_research_institute,sti,6.8,124,77
17909,2,ma,1,msk,stat_research_institute,sti,6.8,271,30
17910,1,ma,1,msk,stat_research_institute,sti,6.5,132,53
17911,1,ma,1,msk,stat_research_institute,sti,0,40,7
17912,0,ma,1,msk,stat_research_institute,sti,0,0,0
17913,1,ma,2,msk,stat_research_institute,sti,9.4,10,8
17914,1,ma,2,msk,stat_research_institute,sti,9,446,72
17915,1,ma,2,msk,stat_research_institute,sti,9,502,67
17916,2,ma,2,msk,stat_research_institute,sti,8.8,326,129
17917,1,ma,2,msk,stat_research_institute,sti,8.8,186,18
17918,1,ma,2,msk,stat_research_institute,sti,8.6,169,42
17919,2,ma,2,msk,stat_research_institute,sti,8.5,156,7
17920,0,ma,2,msk,stat_research_institute,sti,8.8,0,0
17921,1,ma,2,msk,stat_research_institute,sti,8.4,315,20
17922,0,ma,2,msk,stat_research_institute,sti,8.4,0,0
17923,1,ma,2,msk,stat_research_institute,sti,8.2,2529,28
17924,1,ma,2,msk,stat_research_institute,sti,8,332,23
17925,1,ma,2,msk,stat_research_institute,sti,8,898,43
17926,2,ma,2,msk,stat_research_institute,sti,8,197,9
17927,0,ma,2,msk,stat_research_institute,sti,8.2,0,0
17928,2,ma,2,msk,stat_research_institute,sti,8.2,67,20
17929,0,ma,2,msk,stat_research_institute,sti,8,0,0
17930,1,ma,2,msk,stat_research_institute,sti,8,154,41
17931,1,ma,2,msk,stat_research_institute,sti,8,279,39
17932,2,ma,2,msk,stat_research_institute,sti,8,56,28
17933,1,ma,2,msk,stat_research_institute,sti,7.8,366,63
17934,0,ma,2,msk,stat_research_institute,sti,8,0,0
17935,1,ma,2,msk,stat_research_institute,sti,7.5,344,56
17936,1,ma,2,msk,stat_research_institute,sti,7.2,174,34
17937,1,ma,2,msk,stat_research_institute,sti,7.4,289,2
17938,1,ma,2,msk,stat_research_institute,sti,7.2,441,48
17939,2,ma,2,msk,stat_research_institute,sti,6.2,285,15
17940,0,ma,1,msk,wordecon,asia,9.1,0,0
17941,1,ma,1,msk,wordecon,asia,8.7,662,152
17942,1,ma,1,msk,wordecon,asia,8.6,241,23
17943,1,ma,1,msk,wordecon,asia,8.7,293,24
17944,2,ma,1,msk,wordecon,asia,8.7,245,20
17945,1,ma,1,msk,wordecon,asia,8.2,111,51
17946,1,ma,1,msk,wordecon,asia,8.4,230,27
17947,0,ma,1,msk,wordecon,asia,8.3,0,0
17948,1,ma,1,msk,wordecon,asia,8.2,56,22
17949,1,ma,1,msk,wordecon,asia,8.4,110,19
17950,1,ma,1,msk,wordecon,asia,8.2,254,31
17951,1,ma,1,msk,wordecon,asia,8.3,254,26
17952,1,ma,1,msk,wordecon,asia,8.3,595,29
17953,0,ma,1,msk,wordecon,asia,8.2,0,0
17954,1,ma,1,msk,wordecon,asia,8.1,144,22
17955,1,ma,1,msk,wordecon,asia,8.1,214,46
17956,1,ma,1,msk,wordecon,asia,8.2,0,0
17957,1,ma,1,msk,wordecon,asia,8.1,271,75
17958,1,ma,1,msk,wordecon,asia,8,153,15
17959,2,ma,1,msk,wordecon,asia,7.8,105,17
17960,1,ma,1,msk,wordecon,asia,7.9,204,34
17961,0,ma,1,msk,wordecon,asia,7.6,0,0
17962,1,ma,1,msk,wordecon,asia,7.8,184,20
17963,0,ma,1,msk,wordecon,asia,7.6,0,0
17964,0,ma,1,msk,wordecon,asia,7.7,0,0
17965,0,ma,1,msk,wordecon,asia,7.6,0,0
17966,0,ma,1,msk,wordecon,asia,7.1,0,0
17967,1,ma,1,msk,wordecon,asia,7.2,297,79
17968,2,ma,1,msk,wordecon,asia,7.1,112,41
17969,0,ma,1,msk,wordecon,asia,7.2,0,0
17970,0,ma,1,msk,wordecon,asia,7,0,0
17971,1,ma,1,msk,wordecon,asia,7,135,12
17972,2,ma,1,msk,wordecon,asia,7.1,188,14
17973,0,ma,1,msk,wordecon,asia,6.8,0,0
17974,0,ma,1,msk,wordecon,asia,6.7,0,0
17975,2,ma,1,msk,wordecon,asia,6.9,138,22
17976,2,ma,1,msk,wordecon,asia,6.9,205,60
17977,0,ma,1,msk,wordecon,asia,5.8,0,0
17978,1,ma,2,msk,wordecon,asia,9,247,28
17979,1,ma,2,msk,wordecon,asia,8.7,123,37
17980,1,ma,2,msk,wordecon,asia,8.3,198,23
17981,0,ma,2,msk,wordecon,asia,7.8,0,0
17982,1,ma,2,msk,wordecon,asia,7.8,206,17
17983,2,ma,2,msk,wordecon,asia,7.7,481,32
17984,1,ma,2,msk,wordecon,asia,7.5,116,12
17985,1,ma,2,msk,wordecon,asia,7.3,183,26
17986,2,ma,2,msk,wordecon,asia,7.3,494,22
17987,0,ma,2,msk,wordecon,asia,7.3,0,0
17988,0,ma,2,msk,wordecon,asia,7.2,0,0
17989,2,ma,2,msk,wordecon,asia,7,0,0
17990,2,ma,2,msk,wordecon,asia,7,126,22
17991,2,ma,2,msk,wordecon,asia,7,407,16
17992,0,ma,2,msk,wordecon,asia,7,0,0
17993,1,ma,2,msk,wordecon,asia,6.8,1487,34
17994,1,ma,2,msk,wordecon,asia,6.2,132,16
17995,0,ma,2,msk,wordecon,asia,6,0,0
17996,2,ma,2,msk,wordecon,asia,5.8,99,15
17997,2,ma,2,msk,wordecon,asia,5.7,248,17
17998,0,ma,2,msk,wordecon,eurasia,9.8,0,0
17999,0,ma,2,msk,wordecon,eurasia,10,0,0
18000,0,ma,2,msk,wordecon,eurasia,8.4,0,0
18001,0,ma,2,msk,wordecon,eurasia,9.8,0,0
18002,0,ma,2,msk,wordecon,eurasia,9.5,0,0
18003,0,ma,2,msk,wordecon,eurasia,9.4,0,0
18004,1,ma,2,msk,wordecon,eurasia,9.2,34,4
18005,0,ma,2,msk,wordecon,eurasia,9,0,0
18006,0,ma,2,msk,wordecon,eurasia,9,0,0
18007,0,ma,2,msk,wordecon,eurasia,9,0,0
18008,0,ma,2,msk,wordecon,eurasia,9,0,0
18009,0,ma,2,msk,wordecon,eurasia,8.6,0,0
18010,0,ma,2,msk,wordecon,eurasia,8.4,0,0
18011,0,ma,2,msk,wordecon,eurasia,8.4,0,0
18012,0,ma,2,msk,wordecon,eurasia,8.4,0,0
18013,1,ma,2,msk,wordecon,eurasia,7.5,37,12
18014,2,ma,1,msk,wordecon,irmaster,10,595,90
18015,2,ma,1,msk,wordecon,irmaster,9.7,191,18
18016,1,ma,1,msk,wordecon,irmaster,9.3,314,75
18017,2,ma,1,msk,wordecon,irmaster,9,446,44
18018,2,ma,1,msk,wordecon,irmaster,8.7,328,73
18019,0,ma,1,msk,wordecon,irmaster,8.7,0,0
18020,1,ma,1,msk,wordecon,irmaster,8.3,283,72
18021,1,ma,1,msk,wordecon,irmaster,9,385,64
18022,1,ma,1,msk,wordecon,irmaster,8,288,50
18023,1,ma,1,msk,wordecon,irmaster,8,185,27
18024,1,ma,1,msk,wordecon,irmaster,8,116,23
18025,1,ma,1,msk,wordecon,irmaster,8,137,34
18026,2,ma,1,msk,wordecon,irmaster,7.7,98,16
18027,0,ma,1,msk,wordecon,irmaster,7.7,0,0
18028,0,ma,1,msk,wordecon,irmaster,7.7,0,0
18029,2,ma,1,msk,wordecon,irmaster,7.7,86,49
18030,2,ma,1,msk,wordecon,irmaster,7.7,399,41
18031,1,ma,1,msk,wordecon,irmaster,7.7,177,12
18032,1,ma,1,msk,wordecon,irmaster,7.3,226,40
18033,2,ma,1,msk,wordecon,irmaster,7.3,147,30
18034,1,ma,1,msk,wordecon,irmaster,7.3,353,81
18035,2,ma,1,msk,wordecon,irmaster,7.3,298,18
18036,1,ma,1,msk,wordecon,irmaster,7.3,256,47
18037,2,ma,1,msk,wordecon,irmaster,7.3,114,29
18038,2,ma,1,msk,wordecon,irmaster,7,138,60
18039,0,ma,1,msk,wordecon,irmaster,7,0,0
18040,1,ma,1,msk,wordecon,irmaster,6.7,352,117
18041,2,ma,1,msk,wordecon,irmaster,6.3,20,14
18042,1,ma,1,msk,wordecon,irmaster,6.7,215,19
18043,1,ma,1,msk,wordecon,irmaster,6.3,417,40
18044,2,ma,1,msk,wordecon,irmaster,6.3,102,28
18045,2,ma,1,msk,wordecon,irmaster,6,294,11
18046,2,ma,1,msk,wordecon,irmaster,6,82,20
18047,2,ma,1,msk,wordecon,irmaster,5.7,258,35
18048,2,ma,2,msk,wordecon,irmaster,9.8,103,27
18049,1,ma,2,msk,wordecon,irmaster,9.8,256,49
18050,1,ma,2,msk,wordecon,irmaster,9.5,344,49
18051,2,ma,2,msk,wordecon,irmaster,9,113,25
18052,2,ma,2,msk,wordecon,irmaster,9,104,39
18053,2,ma,2,msk,wordecon,irmaster,8.8,185,78
18054,1,ma,2,msk,wordecon,irmaster,8.8,276,34
18055,1,ma,2,msk,wordecon,irmaster,8.8,450,94
18056,2,ma,2,msk,wordecon,irmaster,8.5,181,27
18057,2,ma,2,msk,wordecon,irmaster,8.5,117,12
18058,0,ma,2,msk,wordecon,irmaster,8.2,0,0
18059,2,ma,2,msk,wordecon,irmaster,8.2,314,120
18060,1,ma,2,msk,wordecon,irmaster,8.2,89,26
18061,1,ma,2,msk,wordecon,irmaster,8.2,265,47
18062,1,ma,2,msk,wordecon,irmaster,8,486,37
18063,1,ma,2,msk,wordecon,irmaster,8,212,27
18064,2,ma,2,msk,wordecon,irmaster,7.8,265,13
18065,2,ma,2,msk,wordecon,irmaster,7.8,118,21
18066,1,ma,2,msk,wordecon,irmaster,7.8,66,14
18067,0,ma,2,msk,wordecon,irmaster,7.2,0,0
18068,1,ma,2,msk,wordecon,irmaster,7.5,170,33
18069,2,ma,2,msk,wordecon,irmaster,7.5,410,94
18070,0,ma,2,msk,wordecon,irmaster,7.5,0,0
18071,1,ma,2,msk,wordecon,irmaster,7.2,495,15
18072,2,ma,2,msk,wordecon,irmaster,7,179,12
18073,1,ma,2,msk,wordecon,irmaster,7,101,23
18074,1,ma,1,msk,wordecon,we,9.7,433,66
18075,2,ma,1,msk,wordecon,we,9,40,19
18076,2,ma,1,msk,wordecon,we,9,231,52
18077,1,ma,1,msk,wordecon,we,9,417,101
18078,1,ma,1,msk,wordecon,we,8.7,828,40
18079,0,ma,1,msk,wordecon,we,8.3,0,0
18080,1,ma,1,msk,wordecon,we,8,13,1
18081,0,ma,1,msk,wordecon,we,8,0,0
18082,2,ma,1,msk,wordecon,we,8,324,73
18083,1,ma,1,msk,wordecon,we,8,183,34
18084,2,ma,1,msk,wordecon,we,7.7,210,53
18085,1,ma,1,msk,wordecon,we,7.7,383,44
18086,1,ma,1,msk,wordecon,we,7.7,0,0
18087,1,ma,1,msk,wordecon,we,7.3,99,14
18088,2,ma,1,msk,wordecon,we,7.3,155,41
18089,1,ma,1,msk,wordecon,we,7.3,260,72
18090,1,ma,1,msk,wordecon,we,7.3,16,11
18091,1,ma,1,msk,wordecon,we,7.3,531,44
18092,1,ma,1,msk,wordecon,we,7.3,137,44
18093,0,ma,1,msk,wordecon,we,7.3,0,0
18094,1,ma,1,msk,wordecon,we,7.3,212,39
18095,1,ma,1,msk,wordecon,we,7.3,244,46
18096,1,ma,1,msk,wordecon,we,7,190,52
18097,2,ma,1,msk,wordecon,we,7,109,39
18098,1,ma,1,msk,wordecon,we,7,184,38
18099,2,ma,1,msk,wordecon,we,7,90,50
18100,1,ma,1,msk,wordecon,we,7,401,52
18101,1,ma,1,msk,wordecon,we,7,333,49
18102,2,ma,1,msk,wordecon,we,7,179,25
18103,0,ma,1,msk,wordecon,we,7,0,0
18104,1,ma,1,msk,wordecon,we,6.7,189,41
18105,1,ma,1,msk,wordecon,we,6.7,358,34
18106,0,ma,1,msk,wordecon,we,6.7,0,0
18107,1,ma,1,msk,wordecon,we,6.7,139,32
18108,1,ma,1,msk,wordecon,we,6.3,1704,54
18109,1,ma,1,msk,wordecon,we,6.3,623,93
18110,1,ma,1,msk,wordecon,we,6.3,312,67
18111,1,ma,1,msk,wordecon,we,6.3,220,36
18112,1,ma,1,msk,wordecon,we,6.3,110,42
18113,0,ma,1,msk,wordecon,we,6.3,0,0
18114,1,ma,1,msk,wordecon,we,6.3,201,27
18115,1,ma,1,msk,wordecon,we,6.3,336,44
18116,1,ma,1,msk,wordecon,we,6,249,33
18117,1,ma,1,msk,wordecon,we,6,354,76
18118,1,ma,1,msk,wordecon,we,6,88,21
18119,1,ma,1,msk,wordecon,we,6,273,63
18120,2,ma,1,msk,wordecon,we,6,279,96
18121,2,ma,1,msk,wordecon,we,6,203,21
18122,1,ma,1,msk,wordecon,we,6,259,38
18123,2,ma,1,msk,wordecon,we,5.7,126,31
18124,1,ma,1,msk,wordecon,we,5.7,118,13
18125,1,ma,1,msk,wordecon,we,5.3,431,30
18126,2,ma,1,msk,wordecon,we,5.7,1059,83
18127,1,ma,1,msk,wordecon,we,5.7,140,29
18128,2,ma,1,msk,wordecon,we,5.3,0,0
18129,2,ma,1,msk,wordecon,we,5.3,141,20
18130,2,ma,1,msk,wordecon,we,5.3,237,68
18131,2,ma,1,msk,wordecon,we,5,53,15
18132,0,ma,1,msk,wordecon,we,5,0,0
18133,1,ma,1,msk,wordecon,we,5,321,54
18134,2,ma,1,msk,wordecon,we,5,961,318
18135,2,ma,1,msk,wordecon,we,4.7,205,33
18136,0,ma,1,msk,wordecon,we,4.7,0,0
18137,0,ma,1,msk,wordecon,we,4,0,0
18138,1,ma,2,msk,wordecon,we,9.8,220,39
18139,1,ma,2,msk,wordecon,we,9.8,270,58
18140,1,ma,2,msk,wordecon,we,9.8,187,60
18141,2,ma,2,msk,wordecon,we,9.7,182,33
18142,1,ma,2,msk,wordecon,we,9.5,237,51
18143,2,ma,2,msk,wordecon,we,9.4,137,23
18144,2,ma,2,msk,wordecon,we,9.3,303,43
18145,2,ma,2,msk,wordecon,we,9.3,111,28
18146,1,ma,2,msk,wordecon,we,9,318,63
18147,2,ma,2,msk,wordecon,we,9,283,62
18148,2,ma,2,msk,wordecon,we,8.8,588,114
18149,1,ma,2,msk,wordecon,we,8.8,433,39
18150,1,ma,2,msk,wordecon,we,8.8,166,23
18151,1,ma,2,msk,wordecon,we,8.8,340,61
18152,2,ma,2,msk,wordecon,we,8.7,630,122
18153,1,ma,2,msk,wordecon,we,8.6,365,66
18154,0,ma,2,msk,wordecon,we,9,0,0
18155,0,ma,2,msk,wordecon,we,8.5,0,0
18156,2,ma,2,msk,wordecon,we,8.5,266,64
18157,1,ma,2,msk,wordecon,we,8.5,458,45
18158,2,ma,2,msk,wordecon,we,8,256,50
18159,2,ma,2,msk,wordecon,we,8,267,38
18160,1,ma,2,msk,wordecon,we,7.8,185,23
18161,2,ma,2,msk,wordecon,we,7.8,136,23
18162,1,ma,2,msk,wordecon,we,7.8,192,23
18163,1,ma,2,msk,wordecon,we,7.8,174,26
18164,0,ma,2,msk,wordecon,we,7.8,0,0
18165,1,ma,2,msk,wordecon,we,7.6,142,19
18166,1,ma,2,msk,wordecon,we,7.5,352,85
18167,1,ma,2,msk,wordecon,we,7.5,464,41
18168,0,ma,2,msk,wordecon,we,7.5,0,0
18169,1,ma,2,msk,wordecon,we,7.2,210,20
18170,0,ma,2,msk,wordecon,we,7.8,0,0
18171,1,ma,2,msk,wordecon,we,7,227,37
18172,0,ma,2,msk,wordecon,we,7,0,0
18173,2,ma,2,msk,wordecon,we,6.8,411,21
18174,1,ma,2,msk,wordecon,we,6.8,95,34
18175,2,ma,2,msk,wordecon,we,6.7,73,10
18176,2,ma,2,msk,wordecon,we,6.4,236,95
18177,1,ma,2,msk,wordecon,we,6.2,48,21
18178,0,ma,2,msk,wordecon,we,6.2,0,0
18179,1,ma,2,msk,wordecon,we,6,368,49
18180,0,ma,2,msk,wordecon,we,6.2,0,0
18181,1,ma,2,msk,wordecon,we,6,201,43
18182,1,ma,2,msk,wordecon,we,6,213,13
18183,1,ma,2,msk,wordecon,we,5.5,225,22
18184,0,ma,2,msk,wordecon,we,5,0,0
18185,0,ma,1,msk,public_policy,politanaliz,8.4,0,0
18186,1,ma,1,msk,public_policy,politanaliz,8,141,5
18187,2,ma,1,msk,public_policy,politanaliz,8.2,190,2
18188,0,ma,1,msk,public_policy,politanaliz,8.2,0,0
18189,0,ma,1,msk,public_policy,politanaliz,8.3,0,0
18190,1,ma,1,msk,public_policy,politanaliz,7.8,219,11
18191,2,ma,1,msk,public_policy,politanaliz,8,103,24
18192,1,ma,1,msk,public_policy,politanaliz,8,859,281
18193,2,ma,1,msk,public_policy,politanaliz,7.6,22,5
18194,1,ma,1,msk,public_policy,politanaliz,7.8,0,0
18195,2,ma,1,msk,public_policy,politanaliz,8,70,21
18196,2,ma,1,msk,public_policy,politanaliz,8,44,20
18197,1,ma,1,msk,public_policy,politanaliz,7.8,148,24
18198,2,ma,1,msk,public_policy,politanaliz,7.7,172,36
18199,2,ma,1,msk,public_policy,politanaliz,8.1,222,5
18200,0,ma,1,msk,public_policy,politanaliz,7.8,0,0
18201,1,ma,1,msk,public_policy,politanaliz,7.3,1061,16
18202,1,ma,1,msk,public_policy,politanaliz,7.6,168,6
18203,0,ma,1,msk,public_policy,politanaliz,7.4,0,0
18204,0,ma,1,msk,public_policy,politanaliz,7,0,0
18205,0,ma,1,msk,public_policy,politanaliz,6.8,0,0
18206,0,ma,1,msk,public_policy,politanaliz,6.8,0,0
18207,1,ma,1,msk,public_policy,politanaliz,6.7,0,0
18208,0,ma,1,msk,public_policy,politanaliz,7.3,0,0
18209,0,ma,1,msk,public_policy,politanaliz,7,0,0
18210,2,ma,1,msk,public_policy,politanaliz,6.8,69,26
18211,0,ma,1,msk,public_policy,politanaliz,6.7,0,0
18212,2,ma,1,msk,public_policy,politanaliz,7.2,14,8
18213,1,ma,1,msk,public_policy,politanaliz,6.8,558,31
18214,1,ma,1,msk,public_policy,politanaliz,7.2,301,62
18215,0,ma,1,msk,public_policy,politanaliz,6.7,0,0
18216,0,ma,1,msk,public_policy,politanaliz,6.5,0,0
18217,1,ma,1,msk,public_policy,politanaliz,6.3,738,10
18218,1,ma,1,msk,public_policy,politanaliz,6.5,273,4
18219,0,ma,1,msk,public_policy,politanaliz,6.2,0,0
18220,1,ma,1,msk,public_policy,politanaliz,6,587,6
18221,0,ma,1,msk,public_policy,politanaliz,6,0,0
18222,0,ma,1,msk,public_policy,politanaliz,4.7,0,0
18223,0,ma,1,msk,public_policy,politanaliz,4.5,0,0
18224,0,ma,1,msk,public_policy,politanaliz,4.4,0,0
18225,2,ma,2,msk,public_policy,politanaliz,9.2,0,0
18226,0,ma,2,msk,public_policy,politanaliz,9.2,0,0
18227,0,ma,2,msk,public_policy,politanaliz,9,0,0
18228,1,ma,2,msk,public_policy,politanaliz,8.8,543,58
18229,0,ma,2,msk,public_policy,politanaliz,8.7,0,0
18230,0,ma,2,msk,public_policy,politanaliz,8.5,0,0
18231,1,ma,2,msk,public_policy,politanaliz,8.5,57,25
18232,1,ma,2,msk,public_policy,politanaliz,8.2,223,42
18233,0,ma,2,msk,public_policy,politanaliz,8,0,0
18234,1,ma,2,msk,public_policy,politanaliz,9,740,37
18235,1,ma,2,msk,public_policy,politanaliz,8.6,401,28
18236,0,ma,2,msk,public_policy,politanaliz,8,0,0
18237,1,ma,2,msk,public_policy,politanaliz,8,169,33
18238,2,ma,2,msk,public_policy,politanaliz,7.8,87,37
18239,2,ma,2,msk,public_policy,politanaliz,7.8,42,20
18240,0,ma,2,msk,public_policy,politanaliz,7.7,0,0
18241,0,ma,2,msk,public_policy,politanaliz,7.7,0,0
18242,1,ma,2,msk,public_policy,politanaliz,7.8,398,35
18243,0,ma,2,msk,public_policy,politanaliz,7.5,0,0
18244,0,ma,2,msk,public_policy,politanaliz,7.3,0,0
18245,2,ma,2,msk,public_policy,politanaliz,7.3,274,25
18246,0,ma,2,msk,public_policy,politanaliz,7.2,0,0
18247,2,ma,2,msk,public_policy,politanaliz,7.2,48,26
18248,1,ma,2,msk,public_policy,politanaliz,7.2,296,31
18249,2,ma,2,msk,public_policy,politanaliz,7.2,107,35
18250,2,ma,2,msk,public_policy,politanaliz,7.2,480,48
18251,0,ma,2,msk,public_policy,politanaliz,9,0,0
18252,1,ma,2,msk,public_policy,politanaliz,7,231,24
18253,0,ma,2,msk,public_policy,politanaliz,7,0,0
18254,0,ma,2,msk,public_policy,politanaliz,6.8,0,0
18255,2,ma,2,msk,public_policy,politanaliz,6.8,173,24
18256,1,ma,2,msk,public_policy,politanaliz,6.8,626,38
18257,2,ma,2,msk,public_policy,politanaliz,6.7,1189,295
18258,1,ma,2,msk,public_policy,politanaliz,6.2,116,37
18259,2,ma,2,msk,public_policy,politanaliz,6.3,321,59
18260,0,ma,2,msk,public_policy,politanaliz,6.2,0,0
18261,1,ma,2,msk,public_policy,politanaliz,6,239,32
18262,2,ma,2,msk,public_policy,politanaliz,6.2,0,0
18263,1,ma,2,msk,public_policy,politanaliz,5,286,21
18264,2,ma,1,msk,cs,datasci,10,455,27
18265,1,ma,1,msk,cs,datasci,8.9,33,15
18266,2,ma,1,msk,cs,datasci,9.5,125,39
18267,2,ma,1,msk,cs,datasci,9.4,335,25
18268,1,ma,1,msk,cs,datasci,9.5,128,10
18269,0,ma,1,msk,cs,datasci,9.4,0,0
18270,2,ma,1,msk,cs,datasci,9.2,103,49
18271,1,ma,1,msk,cs,datasci,9,95,37
18272,1,ma,1,msk,cs,datasci,9.1,502,44
18273,0,ma,1,msk,cs,datasci,8.8,0,0
18274,1,ma,1,msk,cs,datasci,8.8,268,26
18275,2,ma,1,msk,cs,datasci,9,292,1
18276,1,ma,1,msk,cs,datasci,8.6,443,110
18277,2,ma,1,msk,cs,datasci,8.3,0,0
18278,2,ma,1,msk,cs,datasci,8.8,42,13
18279,1,ma,1,msk,cs,datasci,8.1,337,67
18280,2,ma,1,msk,cs,datasci,7.8,157,22
18281,2,ma,1,msk,cs,datasci,8.4,161,23
18282,1,ma,1,msk,cs,datasci,8.4,181,52
18283,2,ma,1,msk,cs,datasci,8.2,282,98
18284,2,ma,1,msk,cs,datasci,8,225,9
18285,2,ma,1,msk,cs,datasci,8.2,176,65
18286,1,ma,1,msk,cs,datasci,8,125,9
18287,0,ma,1,msk,cs,datasci,7.9,0,0
18288,2,ma,1,msk,cs,datasci,8,132,28
18289,2,ma,1,msk,cs,datasci,8.2,151,40
18290,2,ma,1,msk,cs,datasci,7.9,570,36
18291,1,ma,1,msk,cs,datasci,8,87,25
18292,1,ma,1,msk,cs,datasci,7.1,110,21
18293,2,ma,1,msk,cs,datasci,7.9,54,12
18294,0,ma,1,msk,cs,datasci,7.4,79,10
18295,2,ma,1,msk,cs,datasci,7.5,272,49
18296,2,ma,1,msk,cs,datasci,7.5,56,16
18297,2,ma,1,msk,cs,datasci,7.4,90,4
18298,2,ma,1,msk,cs,datasci,7.3,586,17
18299,1,ma,1,msk,cs,datasci,6.9,868,79
18300,2,ma,1,msk,cs,datasci,6.4,77,13
18301,1,ma,1,msk,cs,datasci,6.1,81,5
18302,2,ma,1,msk,cs,datasci,6.8,0,0
18303,2,ma,1,msk,cs,datasci,6.8,142,17
18304,0,ma,1,msk,cs,datasci,6.6,0,0
18305,2,ma,1,msk,cs,datasci,6.2,403,88
18306,1,ma,1,msk,cs,datasci,5.9,306,18
18307,1,ma,1,msk,cs,datasci,6.2,222,54
18308,1,ma,1,msk,cs,datasci,6.1,200,13
18309,2,ma,1,msk,cs,datasci,5.7,201,41
18310,2,ma,1,msk,cs,datasci,5.6,125,30
18311,2,ma,1,msk,cs,datasci,5.3,169,6
18312,2,ma,1,msk,cs,datasci,6,147,14
18313,2,ma,1,msk,cs,datasci,6,243,8
18314,1,ma,1,msk,cs,datasci,6,503,13
18315,2,ma,1,msk,cs,datasci,6.5,285,7
18316,2,ma,1,msk,cs,datasci,5.2,136,38
18317,2,ma,1,msk,cs,datasci,5,198,47
18318,0,ma,1,msk,cs,datasci,4.8,0,0
18319,2,ma,1,msk,cs,datasci,4.4,70,9
18320,2,ma,2,msk,cs,datasci,10,111,10
18321,1,ma,2,msk,cs,datasci,9.5,337,45
18322,1,ma,2,msk,cs,datasci,9.2,365,53
18323,1,ma,2,msk,cs,datasci,9,129,30
18324,0,ma,2,msk,cs,datasci,9,0,0
18325,2,ma,2,msk,cs,datasci,9,183,10
18326,2,ma,2,msk,cs,datasci,8.8,240,36
18327,0,ma,2,msk,cs,datasci,9,0,0
18328,2,ma,2,msk,cs,datasci,8.8,261,31
18329,1,ma,2,msk,cs,datasci,9.2,99,15
18330,2,ma,2,msk,cs,datasci,8.5,67,12
18331,0,ma,2,msk,cs,datasci,8.5,0,0
18332,2,ma,2,msk,cs,datasci,8.4,100,5
18333,0,ma,2,msk,cs,datasci,8.4,0,0
18334,1,ma,2,msk,cs,datasci,7.5,128,21
18335,2,ma,2,msk,cs,datasci,8.2,190,12
18336,2,ma,2,msk,cs,datasci,6.8,211,16
18337,2,ma,2,msk,cs,datasci,6,14,1
18338,2,ma,2,msk,cs,datasci,6.2,802,170
18339,2,ma,2,msk,cs,datasci,5.2,519,12
18340,2,ma,2,msk,cs,datasci,10,504,81
18341,1,ma,2,msk,cs,datasci,10,182,15
18342,2,ma,2,msk,cs,datasci,7,497,57
18343,2,ma,1,msk,cs,mmos,9.7,110,25
18344,2,ma,1,msk,cs,mmos,9.6,288,18
18345,1,ma,1,msk,cs,mmos,9.2,243,30
18346,2,ma,1,msk,cs,mmos,8.8,209,16
18347,1,ma,1,msk,cs,mmos,9,211,63
18348,2,ma,1,msk,cs,mmos,8.8,475,29
18349,1,ma,1,msk,cs,mmos,8.5,102,12
18350,0,ma,1,msk,cs,mmos,8.8,0,0
18351,2,ma,1,msk,cs,mmos,8,100,20
18352,2,ma,1,msk,cs,mmos,8.8,441,45
18353,2,ma,1,msk,cs,mmos,7.8,73,30
18354,2,ma,1,msk,cs,mmos,8.4,407,140
18355,2,ma,1,msk,cs,mmos,7.5,142,35
18356,2,ma,1,msk,cs,mmos,7.8,417,23
18357,2,ma,1,msk,cs,mmos,8,76,11
18358,2,ma,1,msk,cs,mmos,7.5,217,49
18359,2,ma,1,msk,cs,mmos,7.3,186,59
18360,2,ma,1,msk,cs,mmos,7.2,78,28
18361,1,ma,1,msk,cs,mmos,7,200,19
18362,2,ma,1,msk,cs,mmos,7.3,2,0
18363,2,ma,1,msk,cs,mmos,7.3,205,22
18364,2,ma,1,msk,cs,mmos,7,243,50
18365,0,ma,1,msk,cs,mmos,6.5,0,0
18366,0,ma,1,msk,cs,mmos,6.5,0,0
18367,2,ma,1,msk,cs,mmos,6.2,356,62
18368,2,ma,1,msk,cs,mmos,6.5,362,65
18369,2,ma,1,msk,cs,mmos,6,332,52
18370,2,ma,1,msk,cs,mmos,6.3,566,85
18371,2,ma,1,msk,cs,mmos,5.5,630,88
18372,2,ma,1,msk,cs,mmos,5.4,43,10
18373,2,ma,1,msk,cs,mmos,5,209,50
18374,2,ma,1,msk,cs,se,9.4,254,38
18375,2,ma,1,msk,cs,se,9.2,210,50
18376,2,ma,1,msk,cs,se,8.8,198,20
18377,0,ma,1,msk,cs,se,8.4,0,0
18378,2,ma,1,msk,cs,se,8.4,180,32
18379,2,ma,1,msk,cs,se,8.2,80,17
18380,2,ma,1,msk,cs,se,8.2,210,37
18381,2,ma,1,msk,cs,se,7.8,180,26
18382,0,ma,1,msk,cs,se,7.4,0,0
18383,2,ma,1,msk,cs,se,7.6,167,73
18384,2,ma,1,msk,cs,se,7.6,55,26
18385,2,ma,1,msk,cs,se,7.6,232,15
18386,2,ma,1,msk,cs,se,7.4,132,15
18387,1,ma,1,msk,cs,se,7.2,228,34
18388,1,ma,1,msk,cs,se,7.8,97,24
18389,2,ma,1,msk,cs,se,7.2,232,34
18390,2,ma,1,msk,cs,se,7.4,25,14
18391,2,ma,1,msk,cs,se,6.8,303,12
18392,2,ma,1,msk,cs,se,7.2,70,13
18393,2,ma,1,msk,cs,se,7,170,31
18394,2,ma,1,msk,cs,se,7.2,144,26
18395,0,ma,1,msk,cs,se,6.8,0,0
18396,2,ma,1,msk,cs,se,7,111,39
18397,2,ma,1,msk,cs,se,7,70,35
18398,0,ma,1,msk,cs,se,7,0,0
18399,2,ma,1,msk,cs,se,6.6,916,64
18400,2,ma,1,msk,cs,se,7,14,10
18401,0,ma,1,msk,cs,se,6.4,0,0
18402,0,ma,1,msk,cs,se,6.6,0,0
18403,0,ma,1,msk,cs,se,6.2,0,0
18404,2,ma,1,msk,cs,se,6.4,191,24
18405,2,ma,1,msk,cs,se,5.6,20,11
18406,0,ma,1,msk,cs,se,5.6,0,0
18407,2,ma,1,msk,cs,se,5.2,84,12
18408,1,ma,2,msk,cs,se,9.4,63,19
18409,1,ma,2,msk,cs,se,9.2,431,26
18410,2,ma,2,msk,cs,se,9.2,190,28
18411,2,ma,2,msk,cs,se,9.2,67,9
18412,1,ma,2,msk,cs,se,9,303,7
18413,2,ma,2,msk,cs,se,9,338,39
18414,0,ma,2,msk,cs,se,8.6,0,0
18415,2,ma,2,msk,cs,se,8.8,105,15
18416,0,ma,2,msk,cs,se,8.6,0,0
18417,2,ma,2,msk,cs,se,8.6,136,54
18418,2,ma,2,msk,cs,se,8.4,79,15
18419,2,ma,2,msk,cs,se,8.4,116,21
18420,2,ma,2,msk,cs,se,7.8,350,35
18421,1,ma,2,msk,cs,se,8,81,13
18422,1,ma,2,msk,cs,se,7.8,167,23
18423,2,ma,2,msk,cs,se,7.4,8,5
18424,2,ma,2,msk,cs,se,7.2,115,12
18425,2,ma,2,msk,cs,se,6.2,202,51
18426,1,ma,2,msk,cs,se,6,690,63
18427,0,ma,1,msk,humanities,art,9.3,0,0
18428,1,ma,1,msk,humanities,art,9,120,18
18429,1,ma,1,msk,humanities,art,8.8,14,5
18430,0,ma,1,msk,humanities,art,8.8,0,0
18431,1,ma,1,msk,humanities,art,8.7,209,22
18432,1,ma,1,msk,humanities,art,8.3,345,37
18433,1,ma,1,msk,humanities,art,7.8,400,56
18434,1,ma,1,msk,humanities,art,8.4,244,19
18435,1,ma,1,msk,humanities,art,7.8,206,39
18436,1,ma,1,msk,humanities,art,8,382,31
18437,0,ma,1,msk,humanities,art,7.7,0,0
18438,1,ma,1,msk,humanities,art,8.2,96,6
18439,1,ma,1,msk,humanities,art,8,263,37
18440,1,ma,1,msk,humanities,art,7.8,3,3
18441,1,ma,1,msk,humanities,art,8,203,23
18442,1,ma,1,msk,humanities,art,7.8,311,18
18443,1,ma,1,msk,humanities,art,7.8,217,13
18444,1,ma,1,msk,humanities,art,7.6,200,28
18445,2,ma,1,msk,humanities,art,7.6,248,15
18446,1,ma,1,msk,humanities,art,7.5,611,137
18447,1,ma,1,msk,humanities,art,7,255,26
18448,1,ma,1,msk,humanities,art,6.8,211,14
18449,1,ma,1,msk,humanities,art,6.5,184,26
18450,1,ma,1,msk,humanities,art,7,667,74
18451,1,ma,1,msk,humanities,art,7,156,33
18452,1,ma,1,msk,humanities,art,6.7,508,168
18453,1,ma,1,msk,humanities,art,6.5,38,21
18454,1,ma,1,msk,humanities,art,6.3,310,34
18455,0,ma,2,msk,humanities,art,9.5,0,0
18456,0,ma,2,msk,humanities,art,9,0,0
18457,1,ma,2,msk,humanities,art,8.5,177,3
18458,1,ma,2,msk,humanities,art,8,48,2
18459,0,ma,2,msk,humanities,art,8,0,0
18460,1,ma,2,msk,humanities,art,7.5,205,1
18461,1,ma,2,msk,humanities,art,7.5,323,2
18462,1,ma,2,msk,humanities,art,7,71,2
18463,0,ma,2,msk,humanities,art,6,0,0
18464,1,ma,1,msk,humanities,cult,8.7,266,51
18465,2,ma,1,msk,humanities,cult,8.5,405,72
18466,1,ma,1,msk,humanities,cult,8.3,349,21
18467,1,ma,1,msk,humanities,cult,8.3,162,22
18468,1,ma,1,msk,humanities,cult,8.3,207,55
18469,1,ma,1,msk,humanities,cult,8.2,293,24
18470,1,ma,1,msk,humanities,cult,8,217,47
18471,1,ma,1,msk,humanities,cult,8,497,23
18472,1,ma,1,msk,humanities,cult,7.7,224,26
18473,0,ma,1,msk,humanities,cult,7,0,0
18474,2,ma,1,msk,humanities,cult,8,73,21
18475,1,ma,1,msk,humanities,cult,7.8,423,54
18476,1,ma,1,msk,humanities,cult,7.2,148,27
18477,1,ma,1,msk,humanities,cult,7,166,33
18478,1,ma,1,msk,humanities,cult,7,158,43
18479,2,ma,1,msk,humanities,cult,6.5,993,55
18480,1,ma,2,msk,humanities,cult,8.8,327,26
18481,1,ma,2,msk,humanities,cult,8.7,283,49
18482,0,ma,2,msk,humanities,cult,8.7,0,0
18483,1,ma,2,msk,humanities,cult,8.5,115,15
18484,2,ma,2,msk,humanities,cult,8.5,314,49
18485,2,ma,2,msk,humanities,cult,7.7,132,32
18486,1,ma,2,msk,humanities,cult,7.7,492,23
18487,1,ma,2,msk,humanities,cult,7.4,425,82
18488,0,ma,2,msk,humanities,cult,7.2,0,0
18489,1,ma,2,msk,humanities,cult,6.9,130,18
18490,2,ma,2,msk,humanities,cult,7.2,241,60
18491,1,ma,2,msk,humanities,cult,7,263,43
18492,0,ma,2,msk,humanities,cult,6.3,0,0
18493,0,ma,1,msk,humanities,philosophical,9.4,0,0
18494,2,ma,1,msk,humanities,philosophical,9.3,443,92
18495,0,ma,1,msk,humanities,philosophical,9,0,0
18496,1,ma,1,msk,humanities,philosophical,9.3,134,14
18497,2,ma,1,msk,humanities,philosophical,9.3,33,2
18498,1,ma,1,msk,humanities,philosophical,8.7,173,39
18499,2,ma,1,msk,humanities,philosophical,9,144,19
18500,0,ma,1,msk,humanities,philosophical,8.4,0,0
18501,0,ma,1,msk,humanities,philosophical,8.6,0,0
18502,0,ma,1,msk,humanities,philosophical,8.5,0,0
18503,2,ma,1,msk,humanities,philosophical,8.1,153,34
18504,2,ma,1,msk,humanities,philosophical,8.1,64,10
18505,2,ma,1,msk,humanities,philosophical,8.1,311,46
18506,1,ma,1,msk,humanities,philosophical,7.9,416,33
18507,2,ma,1,msk,humanities,philosophical,8.4,385,13
18508,2,ma,1,msk,humanities,philosophical,7.9,42,13
18509,1,ma,1,msk,humanities,philosophical,7.7,156,27
18510,0,ma,1,msk,humanities,philosophical,7.6,0,0
18511,2,ma,1,msk,humanities,philosophical,7.4,142,16
18512,2,ma,1,msk,humanities,philosophical,7.3,668,92
18513,1,ma,1,msk,humanities,philosophical,7.1,784,14
18514,2,ma,1,msk,humanities,philosophical,7,223,29
18515,0,ma,1,msk,humanities,philosophical,7,0,0
18516,1,ma,1,msk,humanities,philosophical,6.8,36,19
18517,2,ma,1,msk,humanities,philosophical,6.9,139,34
18518,1,ma,1,msk,humanities,philosophical,6.6,7,7
18519,1,ma,1,msk,humanities,philosophical,5.9,171,34
18520,0,ma,1,msk,humanities,philosophical,5.5,0,0
18521,2,ma,2,msk,humanities,philosophical,9,448,42
18522,2,ma,2,msk,humanities,philosophical,9,45,11
18523,2,ma,2,msk,humanities,philosophical,8.3,955,34
18524,2,ma,2,msk,humanities,philosophical,8.3,123,23
18525,2,ma,2,msk,humanities,philosophical,6.7,100,29
18526,1,ma,2,msk,humanities,philosophical,6.3,224,22
18527,2,ma,2,msk,humanities,philosophical,6.3,584,109
18528,2,ma,2,msk,humanities,philosophical,6.3,585,79
18529,1,ma,2,msk,humanities,philosophical,6,111,14
18530,1,ma,2,msk,humanities,philosophical,5.7,123,12
18531,0,ma,2,msk,humanities,philosophical,5.3,0,0
18532,1,ma,2,msk,humanities,philosophical,4.3,39,10
18533,2,ma,2,msk,humanities,philosophical,4,367,72
18534,1,ma,1,msk,humanities,socialhist,9.7,48,24
18535,2,ma,1,msk,humanities,socialhist,9.5,83,7
18536,1,ma,1,msk,humanities,socialhist,9.5,171,19
18537,2,ma,1,msk,humanities,socialhist,9.3,34,5
18538,2,ma,1,msk,humanities,socialhist,9.3,92,21
18539,1,ma,1,msk,humanities,socialhist,9.2,347,34
18540,0,ma,1,msk,humanities,socialhist,9,0,0
18541,1,ma,1,msk,humanities,socialhist,9,181,19
18542,1,ma,1,msk,humanities,socialhist,9,253,38
18543,1,ma,1,msk,humanities,socialhist,9,278,84
18544,0,ma,1,msk,humanities,socialhist,8.8,0,0
18545,2,ma,1,msk,humanities,socialhist,8.7,164,20
18546,1,ma,1,msk,humanities,socialhist,8.5,706,37
18547,1,ma,1,msk,humanities,socialhist,8.3,165,32
18548,2,ma,1,msk,humanities,socialhist,8.2,358,96
18549,1,ma,1,msk,humanities,socialhist,8,130,21
18550,2,ma,1,msk,humanities,socialhist,7.8,238,114
18551,1,ma,1,msk,humanities,socialhist,7.8,259,63
18552,2,ma,1,msk,humanities,socialhist,7.8,200,42
18553,1,ma,2,msk,humanities,socialhist,9,204,70
18554,2,ma,2,msk,humanities,socialhist,8.8,539,121
18555,1,ma,2,msk,humanities,socialhist,7.8,79,11
18556,0,ma,2,msk,humanities,socialhist,8,0,0
18557,1,ma,2,msk,humanities,socialhist,7.8,363,24
18558,0,ma,2,msk,humanities,socialhist,7,0,0
18559,1,ma,2,msk,humanities,socialhist,6.4,206,1
18560,1,ma,2,msk,humanities,socialhist,6,2,2
18561,1,ma,2,msk,humanities,socialhist,5.2,260,13
18562,2,ma,1,msk,humanities,visual,9,1359,31
18563,1,ma,1,msk,humanities,visual,8.2,203,65
18564,1,ma,1,msk,humanities,visual,8.2,117,11
18565,2,ma,1,msk,humanities,visual,8.4,504,20
18566,1,ma,1,msk,humanities,visual,8,183,23
18567,1,ma,1,msk,humanities,visual,8.2,263,64
18568,0,ma,1,msk,humanities,visual,8.2,0,0
18569,1,ma,1,msk,humanities,visual,8.2,149,44
18570,1,ma,1,msk,humanities,visual,7.8,240,17
18571,0,ma,1,msk,humanities,visual,7.6,0,0
18572,2,ma,1,msk,humanities,visual,7.6,299,23
18573,2,ma,1,msk,humanities,visual,7.2,95,9
18574,1,ma,1,msk,humanities,visual,6.8,683,32
18575,1,ma,1,msk,humanities,visual,7,0,0
18576,0,ma,1,msk,humanities,visual,6.6,0,0
18577,1,ma,1,msk,humanities,visual,6.8,222,33
18578,1,ma,1,msk,humanities,visual,6.5,353,116
18579,1,ma,1,msk,humanities,visual,5.8,352,17
18580,1,ma,2,msk,humanities,visual,9.3,495,15
18581,1,ma,2,msk,humanities,visual,9.3,278,88
18582,1,ma,2,msk,humanities,visual,9.2,843,35
18583,1,ma,2,msk,humanities,visual,9.2,329,51
18584,1,ma,2,msk,humanities,visual,9.2,317,57
18585,1,ma,2,msk,humanities,visual,9,448,138
18586,2,ma,2,msk,humanities,visual,8.8,334,32
18587,1,ma,2,msk,humanities,visual,8.6,450,22
18588,2,ma,2,msk,humanities,visual,8.6,411,74
18589,1,ma,2,msk,humanities,visual,8.2,346,46
18590,0,ma,2,msk,humanities,visual,8.2,0,0
18591,1,ma,2,msk,humanities,visual,7.5,156,16
18592,1,ma,2,msk,humanities,visual,7,492,36
18593,1,ma,2,msk,humanities,visual,6.7,178,20
18594,1,ma,2,msk,humanities,visual,8,503,19
18595,0,ma,1,msk,mediades,incom,9.2,0,0
18596,2,ma,1,msk,mediades,incom,9.2,446,43
18597,1,ma,1,msk,mediades,incom,9,322,37
18598,1,ma,1,msk,mediades,incom,9,298,56
18599,2,ma,1,msk,mediades,incom,8.8,297,47
18600,1,ma,1,msk,mediades,incom,8.5,543,125
18601,1,ma,1,msk,mediades,incom,8.8,80,35
18602,1,ma,1,msk,mediades,incom,8.8,433,54
18603,2,ma,1,msk,mediades,incom,8.6,477,54
18604,1,ma,1,msk,mediades,incom,8.6,201,36
18605,1,ma,1,msk,mediades,incom,8.6,740,51
18606,1,ma,1,msk,mediades,incom,8.4,192,39
18607,1,ma,1,msk,mediades,incom,8.2,275,42
18608,1,ma,1,msk,mediades,incom,8.2,262,57
18609,2,ma,1,msk,mediades,incom,8.6,236,29
18610,1,ma,1,msk,mediades,incom,8.2,233,34
18611,1,ma,1,msk,mediades,incom,8,316,39
18612,1,ma,1,msk,mediades,incom,8.4,183,33
18613,1,ma,1,msk,mediades,incom,8,302,61
18614,2,ma,1,msk,mediades,incom,8,564,96
18615,1,ma,1,msk,mediades,incom,7.8,442,147
18616,0,ma,1,msk,mediades,incom,7.6,0,0
18617,1,ma,1,msk,mediades,incom,7.6,436,41
18618,0,ma,1,msk,mediades,incom,7.8,0,0
18619,1,ma,1,msk,mediades,incom,8.2,420,100
18620,0,ma,1,msk,mediades,incom,8.2,0,0
18621,1,ma,1,msk,mediades,incom,8,237,38
18622,2,ma,1,msk,mediades,incom,7.6,1398,428
18623,1,ma,1,msk,mediades,incom,7.6,160,13
18624,1,ma,1,msk,mediades,incom,7.4,333,38
18625,1,ma,1,msk,mediades,incom,7.4,930,91
18626,1,ma,1,msk,mediades,incom,7.2,525,33
18627,1,ma,1,msk,mediades,incom,7.2,521,122
18628,1,ma,1,msk,mediades,incom,7.2,295,70
18629,1,ma,1,msk,mediades,incom,7.4,590,37
18630,1,ma,1,msk,mediades,incom,6.8,354,91
18631,1,ma,1,msk,mediades,incom,6.6,447,81
18632,0,ma,1,msk,mediades,incom,6.8,0,0
18633,2,ma,1,msk,mediades,incom,6.5,813,44
18634,0,ma,1,msk,mediades,incom,6,0,0
18635,1,ma,1,msk,mediades,incom,6,44,34
18636,1,ma,1,msk,mediades,incom,6.8,140,35
18637,2,ma,1,msk,mediades,incom,6,575,141
18638,2,ma,1,msk,mediades,incom,5.8,543,56
18639,0,ma,1,msk,mediades,incom,6.2,0,0
18640,2,ma,1,msk,mediades,incom,6,188,44
18641,1,ma,1,msk,mediades,incom,5.5,598,35
18642,1,ma,1,msk,mediades,incom,5.4,136,34
18643,1,ma,1,msk,mediades,incom,5,282,32
18644,1,ma,2,msk,mediades,incom,9.4,620,79
18645,1,ma,2,msk,mediades,incom,8.9,128,22
18646,1,ma,2,msk,mediades,incom,8.7,318,40
18647,1,ma,2,msk,mediades,incom,8.7,481,78
18648,0,ma,2,msk,mediades,incom,8.7,0,0
18649,1,ma,2,msk,mediades,incom,8.6,33,15
18650,2,ma,2,msk,mediades,incom,8.3,565,123
18651,1,ma,2,msk,mediades,incom,8.4,409,21
18652,0,ma,2,msk,mediades,incom,8.1,0,0
18653,1,ma,2,msk,mediades,incom,8,344,26
18654,0,ma,2,msk,mediades,incom,7.7,0,0
18655,2,ma,2,msk,mediades,incom,7.3,1079,189
18656,1,ma,2,msk,mediades,incom,7.6,182,27
18657,1,ma,2,msk,mediades,incom,7.4,202,28
18658,0,ma,2,msk,mediades,incom,7,0,0
18659,1,ma,2,msk,mediades,incom,6.9,390,17
18660,0,ma,2,msk,mediades,incom,7.1,0,0
18661,1,ma,2,msk,mediades,incom,6.7,105,22
18662,2,ma,2,msk,mediades,incom,6.4,292,17
18663,0,ma,2,msk,mediades,incom,6,0,0
18664,0,ma,2,msk,mediades,incom,6,0,0
18665,1,ma,2,msk,mediades,incom,9,778,28
18666,1,ma,1,msk,mediades,creative,9.5,222,37
18667,1,ma,1,msk,mediades,media,9.2,297,67
18668,1,ma,1,msk,mediades,media,9.2,40,23
18669,1,ma,1,msk,mediades,media,9,119,43
18670,1,ma,1,msk,mediades,creative,9,658,45
18671,1,ma,1,msk,mediades,media,8.6,151,17
18672,1,ma,1,msk,mediades,creative,8.7,482,67
18673,1,ma,1,msk,mediades,creative,8.5,240,56
18674,1,ma,1,msk,mediades,media,8.4,116,25
18675,0,ma,1,msk,mediades,media,8.4,0,0
18676,1,ma,1,msk,mediades,media,8.4,363,73
18677,1,ma,1,msk,mediades,creative,8.3,116,33
18678,1,ma,1,msk,mediades,creative,8.3,427,68
18679,1,ma,1,msk,mediades,creative,8.2,160,36
18680,1,ma,1,msk,mediades,media,8.2,302,12
18681,1,ma,1,msk,mediades,media,8.2,597,152
18682,1,ma,1,msk,mediades,creative,8.2,88,23
18683,1,ma,1,msk,mediades,media,8,377,48
18684,1,ma,1,msk,mediades,media,8,129,14
18685,1,ma,1,msk,mediades,creative,8,121,20
18686,1,ma,1,msk,mediades,media,7.8,134,19
18687,1,ma,1,msk,mediades,creative,7.8,1259,175
18688,2,ma,1,msk,mediades,media,7.8,370,120
18689,2,ma,1,msk,mediades,creative,7.8,477,44
18690,0,ma,1,msk,mediades,media,7.6,0,0
18691,1,ma,1,msk,mediades,media,7.6,197,33
18692,1,ma,1,msk,mediades,media,7.6,347,29
18693,0,ma,1,msk,mediades,media,7.6,0,0
18694,1,ma,1,msk,mediades,media,7.6,222,34
18695,1,ma,1,msk,mediades,media,7.6,158,22
18696,0,ma,1,msk,mediades,media,7.6,0,0
18697,2,ma,1,msk,mediades,media,7.6,341,43
18698,1,ma,1,msk,mediades,media,7.6,284,34
18699,2,ma,1,msk,mediades,media,7.6,460,49
18700,2,ma,1,msk,mediades,creative,7.7,17,14
18701,1,ma,1,msk,mediades,media,7.4,109,1
18702,1,ma,1,msk,mediades,creative,7.5,38,11
18703,0,ma,1,msk,mediades,creative,7.3,0,0
18704,2,ma,1,msk,mediades,media,7.4,217,48
18705,1,ma,1,msk,mediades,creative,7.3,882,20
18706,1,ma,1,msk,mediades,media,7.2,417,18
18707,1,ma,1,msk,mediades,creative,7.2,235,38
18708,1,ma,1,msk,mediades,media,7.2,105,49
18709,2,ma,1,msk,mediades,media,7.2,278,37
18710,2,ma,1,msk,mediades,creative,7.2,187,26
18711,1,ma,1,msk,mediades,creative,7,1018,42
18712,2,ma,1,msk,mediades,media,6.8,353,55
18713,1,ma,1,msk,mediades,creative,6.5,610,39
18714,1,ma,1,msk,mediades,media,6.6,251,13
18715,0,ma,1,msk,mediades,creative,6.3,0,0
18716,1,ma,1,msk,mediades,media,6.4,186,22
18717,2,ma,1,msk,mediades,media,6.4,328,44
18718,1,ma,1,msk,mediades,creative,6.2,392,53
18719,1,ma,1,msk,mediades,creative,6.2,246,30
18720,0,ma,1,msk,mediades,media,6.2,0,0
18721,2,ma,1,msk,mediades,creative,6.2,571,19
18722,0,ma,1,msk,mediades,creative,5.3,0,0
18723,2,ma,1,msk,mediades,creative,5.2,0,0
18724,1,ma,1,msk,mediades,creative,4.8,398,76
18725,1,ma,2,msk,mediades,media,9.5,270,36
18726,1,ma,2,msk,mediades,creative,9.5,240,19
18727,2,ma,2,msk,mediades,media,9.5,474,37
18728,1,ma,2,msk,mediades,media,9.2,252,25
18729,1,ma,2,msk,mediades,media,9.2,652,37
18730,1,ma,2,msk,mediades,media,9.6,385,50
18731,0,ma,2,msk,mediades,media,9,0,0
18732,1,ma,2,msk,mediades,media,9.2,265,47
18733,0,ma,2,msk,mediades,media,9.2,0,0
18734,1,ma,2,msk,mediades,media,8.8,390,45
18735,1,ma,2,msk,mediades,media,9,152,49
18736,2,ma,2,msk,mediades,media,9.2,852,55
18737,1,ma,2,msk,mediades,media,8.8,117,20
18738,1,ma,2,msk,mediades,creative,9,850,30
18739,1,ma,2,msk,mediades,media,8.7,576,49
18740,1,ma,2,msk,mediades,media,9,153,21
18741,1,ma,2,msk,mediades,media,9,406,126
18742,0,ma,2,msk,mediades,media,8.6,0,0
18743,2,ma,2,msk,mediades,media,8.3,360,23
18744,1,ma,2,msk,mediades,creative,8.8,303,25
18745,1,ma,2,msk,mediades,media,8.8,235,54
18746,1,ma,2,msk,mediades,creative,8.8,348,44
18747,1,ma,2,msk,mediades,media,8.7,620,33
18748,1,ma,2,msk,mediades,media,8.8,132,83
18749,1,ma,2,msk,mediades,media,8.8,189,47
18750,2,ma,2,msk,mediades,creative,8.5,5000,2398
18751,1,ma,2,msk,mediades,media,8.8,154,32
18752,1,ma,2,msk,mediades,creative,8.5,486,24
18753,0,ma,2,msk,mediades,media,8,0,0
18754,0,ma,2,msk,mediades,media,8.7,0,0
18755,1,ma,2,msk,mediades,media,8.7,134,34
18756,2,ma,2,msk,mediades,creative,8.5,1232,89
18757,1,ma,2,msk,mediades,creative,8.2,100,22
18758,1,ma,2,msk,mediades,media,7.8,443,55
18759,2,ma,2,msk,mediades,media,8.5,521,49
18760,0,ma,2,msk,mediades,creative,8.2,0,0
18761,2,ma,2,msk,mediades,media,8.3,1072,53
18762,1,ma,2,msk,mediades,media,8.4,227,76
18763,1,ma,2,msk,mediades,creative,8,1180,121
18764,1,ma,2,msk,mediades,creative,8,446,59
18765,2,ma,2,msk,mediades,media,8,48,23
18766,2,ma,2,msk,mediades,media,8.5,234,24
18767,1,ma,2,msk,mediades,media,8.3,313,30
18768,1,ma,2,msk,mediades,creative,7.9,329,48
18769,2,ma,2,msk,mediades,creative,7.8,342,2
18770,2,ma,2,msk,mediades,creative,7.8,1070,305
18771,1,ma,2,msk,mediades,creative,7.8,631,35
18772,1,ma,2,msk,mediades,media,7.8,314,31
18773,2,ma,2,msk,mediades,media,7.3,1226,69
18774,1,ma,2,msk,mediades,media,8,421,26
18775,2,ma,2,msk,mediades,media,7.8,138,22
18776,0,ma,2,msk,mediades,media,7.5,0,0
18777,2,ma,2,msk,mediades,media,6.8,388,29
18778,1,ma,2,msk,mediades,creative,7.2,731,92
18779,1,ma,2,msk,mediades,creative,7.2,560,165
18780,1,ma,2,msk,mediades,creative,7.2,153,30
18781,1,ma,2,msk,mediades,media,7.2,304,51
18782,0,ma,2,msk,mediades,creative,7,0,0
18783,2,ma,2,msk,mediades,creative,6.8,969,90
18784,2,ma,2,msk,mediades,creative,6.8,458,46
18785,2,ma,2,msk,mediades,creative,6.8,779,147
18786,1,ma,2,msk,mediades,media,7,87,28
18787,1,ma,2,msk,mediades,media,6.7,306,14
18788,2,ma,2,msk,mediades,creative,6.7,633,35
18789,1,ma,2,msk,mediades,media,6.5,92,25
18790,1,ma,2,msk,mediades,media,7,0,0
18791,2,ma,2,msk,mediades,media,6.2,156,38
18792,2,ma,2,msk,mediades,media,6.7,114,20
18793,1,ma,2,msk,mediades,media,6.5,483,65
18794,1,ma,2,msk,mediades,media,6.4,362,25
18795,1,ma,2,msk,mediades,media,5.5,619,19
18796,1,ma,2,msk,mediades,media,6.5,339,46
18797,0,ma,2,msk,mediades,media,6.2,0,0
18798,2,ma,2,msk,mediades,media,6.3,258,4
18799,2,ma,2,msk,mediades,media,5.8,93,25
18800,2,ma,2,msk,mediades,media,5.5,97,14
18801,1,ma,2,msk,mediades,media,5,787,38
18802,2,ma,2,msk,mediades,media,5.2,123,46
18803,2,ma,1,msk,miem,ee,9,68,13
18804,1,ma,1,msk,miem,ee,8.2,162,13
18805,1,ma,1,msk,miem,physics,8.2,356,14
18806,1,ma,1,msk,miem,physics,8,286,64
18807,0,ma,1,msk,miem,physics,8,0,0
18808,0,ma,1,msk,miem,ee,8,0,0
18809,2,ma,1,msk,miem,ee,8,37,12
18810,0,ma,1,msk,miem,ee,8,0,0
18811,2,ma,1,msk,miem,physics,7.8,79,25
18812,2,ma,1,msk,miem,physics,7.8,83,28
18813,2,ma,1,msk,miem,ee,8,151,35
18814,0,ma,1,msk,miem,physics,7.5,0,0
18815,2,ma,1,msk,miem,physics,7.5,60,20
18816,2,ma,1,msk,miem,physics,7.5,50,9
18817,1,ma,1,msk,miem,ee,7.8,170,14
18818,1,ma,1,msk,miem,ee,7.7,318,42
18819,1,ma,1,msk,miem,ee,7.7,279,1
18820,1,ma,1,msk,miem,ee,7.7,198,1
18821,1,ma,1,msk,miem,physics,7.5,40,14
18822,2,ma,1,msk,miem,ee,7.4,222,23
18823,2,ma,1,msk,miem,ee,7.3,102,17
18824,1,ma,1,msk,miem,ee,7.3,251,31
18825,2,ma,1,msk,miem,physics,7,131,22
18826,2,ma,1,msk,miem,physics,7,120,24
18827,2,ma,1,msk,miem,physics,7,149,16
18828,2,ma,1,msk,miem,ee,8.2,1,1
18829,1,ma,1,msk,miem,ee,7.8,241,13
18830,1,ma,1,msk,miem,ee,7.4,202,25
18831,0,ma,1,msk,miem,ee,7,0,0
18832,2,ma,1,msk,miem,ee,7,67,11
18833,2,ma,1,msk,miem,physics,7,648,64
18834,2,ma,1,msk,miem,ee,6.7,58,9
18835,2,ma,1,msk,miem,ee,6.6,76,19
18836,2,ma,1,msk,miem,ee,7,155,31
18837,2,ma,1,msk,miem,physics,6.5,253,29
18838,2,ma,1,msk,miem,physics,6.2,282,23
18839,2,ma,1,msk,miem,ee,7.4,223,37
18840,0,ma,1,msk,miem,ee,6.7,0,0
18841,2,ma,1,msk,miem,ee,6.4,462,22
18842,2,ma,1,msk,miem,physics,6.5,347,46
18843,0,ma,1,msk,miem,ee,6.5,0,0
18844,2,ma,1,msk,miem,ee,6.3,63,5
18845,2,ma,1,msk,miem,ee,6.3,151,49
18846,0,ma,1,msk,miem,ee,6.3,0,0
18847,2,ma,1,msk,miem,ee,6.4,263,20
18848,2,ma,1,msk,miem,ee,6,348,14
18849,2,ma,1,msk,miem,ee,6,65,13
18850,2,ma,1,msk,miem,ee,6.6,42,4
18851,2,ma,1,msk,miem,ee,5.7,69,23
18852,2,ma,1,msk,miem,ee,5.7,47,15
18853,2,ma,1,msk,miem,ee,5.7,184,22
18854,2,ma,1,msk,miem,ee,5.7,51,6
18855,2,ma,1,msk,miem,physics,5.2,283,20
18856,2,ma,1,msk,miem,physics,5.2,22,7
18857,0,ma,1,msk,miem,ee,5.3,0,0
18858,2,ma,1,msk,miem,ee,5,58,4
18859,2,ma,1,msk,miem,ee,4.7,87,2
18860,2,ma,1,msk,miem,ee,4.7,188,14
18861,2,ma,2,msk,miem,ee,9.5,150,4
18862,2,ma,2,msk,miem,physics,9.3,83,14
18863,0,ma,2,msk,miem,ee,9.2,0,0
18864,0,ma,2,msk,miem,ee,9,0,0
18865,2,ma,2,msk,miem,ee,9,778,117
18866,1,ma,2,msk,miem,ee,9,133,3
18867,1,ma,2,msk,miem,physics,9,114,10
18868,0,ma,2,msk,miem,ee,8.8,0,0
18869,2,ma,2,msk,miem,ee,8.8,101,30
18870,1,ma,2,msk,miem,ee,8.5,22,0
18871,2,ma,2,msk,miem,ee,8.5,172,2
18872,2,ma,2,msk,miem,ee,8.5,64,29
18873,2,ma,2,msk,miem,ee,8.2,137,5
18874,2,ma,2,msk,miem,ee,8.2,678,9
18875,0,ma,2,msk,miem,ee,8.2,0,0
18876,2,ma,2,msk,miem,ee,8,446,1
18877,1,ma,2,msk,miem,ee,8,971,7
18878,0,ma,2,msk,miem,ee,7.8,0,0
18879,2,ma,2,msk,miem,physics,7.7,162,9
18880,0,ma,2,msk,miem,ee,7.5,0,0
18881,1,ma,2,msk,miem,ee,7.5,204,5
18882,1,ma,2,msk,miem,ee,7.5,99,4
18883,0,ma,2,msk,miem,ee,7.5,0,0
18884,0,ma,2,msk,miem,ee,7.2,0,0
18885,0,ma,2,msk,miem,ee,7.2,0,0
18886,2,ma,2,msk,miem,ee,7.2,168,6
18887,1,ma,2,msk,miem,ee,7.2,86,8
18888,2,ma,2,msk,miem,ee,7,152,2
18889,1,ma,2,msk,miem,ee,6.8,110,6
18890,2,ma,2,msk,miem,physics,6.7,57,5
18891,0,ma,2,msk,miem,ee,6.5,0,0
18892,2,ma,2,msk,miem,ee,6.5,238,20
18893,2,ma,2,msk,miem,physics,6.3,35,5
18894,0,ma,2,msk,miem,ee,6,0,0
18895,0,ma,2,msk,miem,ee,5.8,0,0
18896,2,ma,2,msk,miem,physics,5.3,595,186
18897,2,ma,2,msk,miem,physics,4.7,48,6
18898,2,ma,2,msk,miem,physics,4.7,256,41
18899,2,ma,2,msk,miem,physics,4.3,154,35
18900,2,ma,2,msk,miem,physics,4.3,85,11
18901,2,ma,1,msk,miem,engineering,8.7,65,11
18902,1,ma,1,msk,miem,engineering,8.3,282,34
18903,1,ma,1,msk,miem,engineering,8.7,89,29
18904,2,ma,1,msk,miem,engineering,8.3,220,13
18905,2,ma,1,msk,miem,engineering,8.3,185,30
18906,2,ma,1,msk,miem,engineering,7.5,101,16
18907,2,ma,1,msk,miem,engineering,8,180,19
18908,1,ma,1,msk,miem,engineering,7.8,135,17
18909,1,ma,1,msk,miem,engineering,7.8,15,0
18910,1,ma,1,msk,miem,engineering,7.7,296,33
18911,2,ma,1,msk,miem,engineering,8,146,1
18912,1,ma,1,msk,miem,engineering,7.3,175,16
18913,1,ma,1,msk,miem,engineering,7.2,179,20
18914,2,ma,1,msk,miem,engineering,7.2,131,13
18915,2,ma,1,msk,miem,engineering,7,215,39
18916,2,ma,1,msk,miem,engineering,6,320,9
18917,0,ma,1,msk,miem,engineering,5.2,0,0
18918,0,ma,1,msk,miem,engineering,4.5,0,0
18919,1,ma,2,msk,miem,engineering,9.7,260,30
18920,0,ma,2,msk,miem,engineering,9.5,0,0
18921,1,ma,2,msk,miem,engineering,9.3,348,64
18922,2,ma,2,msk,miem,engineering,8.8,119,11
18923,2,ma,2,msk,miem,engineering,8.2,377,17
18924,2,ma,2,msk,miem,engineering,7.2,30,8
18925,2,ma,2,msk,miem,engineering,6.7,644,21
18926,1,ma,2,msk,miem,engineering,6.7,185,14
18927,2,ma,2,msk,miem,engineering,5.5,322,26
18928,2,ma,2,msk,miem,engineering,5,80,8
18929,0,ma,1,msk,miem,mmat,9.7,0,0
18930,0,ma,1,msk,miem,mmat,8.8,0,0
18931,2,ma,1,msk,miem,mmat,8.7,171,29
18932,2,ma,1,msk,miem,mmat,8.8,142,15
18933,2,ma,1,msk,miem,mmat,8.7,14,5
18934,2,ma,1,msk,miem,mmat,8.2,24,12
18935,1,ma,1,msk,miem,mmat,8.2,142,19
18936,0,ma,1,msk,miem,mmat,7.8,0,0
18937,1,ma,1,msk,miem,mmat,7.7,807,32
18938,1,ma,1,msk,miem,mmat,7.7,795,52
18939,2,ma,1,msk,miem,mmat,7.7,105,15
18940,1,ma,1,msk,miem,mmat,7.3,137,23
18941,1,ma,1,msk,miem,mmat,7.8,232,47
18942,2,ma,1,msk,miem,mmat,7.2,13,12
18943,1,ma,1,msk,miem,mmat,7.2,299,15
18944,2,ma,1,msk,miem,mmat,7.2,194,52
18945,2,ma,1,msk,miem,mmat,7.3,313,63
18946,2,ma,1,msk,miem,mmat,6.4,156,29
18947,1,ma,1,msk,miem,mmat,7.2,139,11
18948,2,ma,1,msk,miem,mmat,6,847,99
18949,2,ma,1,msk,miem,mmat,6.3,698,36
18950,1,ma,1,msk,miem,mmat,5.8,447,11
18951,2,ma,1,msk,miem,mmat,5.4,183,21
18952,2,ma,2,msk,miem,mmat,10,491,1
18953,1,ma,2,msk,miem,mmat,9,134,11
18954,1,ma,2,msk,miem,mmat,9,1076,33
18955,0,ma,2,msk,miem,mmat,8.8,0,0
18956,2,ma,2,msk,miem,mmat,8,259,17
18957,2,ma,2,msk,miem,mmat,7.8,215,5
18958,2,ma,2,msk,miem,mmat,7.5,138,20
18959,0,ma,2,msk,miem,mmat,7.2,0,0
18960,2,ma,2,msk,miem,mmat,7,25,5
18961,2,ma,2,msk,miem,mmat,7,72,3
18962,2,ma,2,msk,miem,mmat,7,195,8
18963,0,ma,2,msk,miem,mmat,6.8,0,0
18964,2,ma,2,msk,miem,mmat,6.8,0,0
18965,0,ma,1,msk,miem,system,9.8,0,0
18966,2,ma,1,msk,miem,system,9.5,27,3
18967,2,ma,1,msk,miem,system,9.5,311,31
18968,1,ma,1,msk,miem,system,9.4,814,29
18969,1,ma,1,msk,miem,system,9.5,637,27
18970,1,ma,1,msk,miem,system,9.5,536,95
18971,2,ma,1,msk,miem,system,9.2,839,75
18972,1,ma,1,msk,miem,system,9.2,107,17
18973,2,ma,1,msk,miem,system,9.5,161,35
18974,1,ma,1,msk,miem,system,9.1,59,17
18975,2,ma,1,msk,miem,system,9,122,15
18976,1,ma,1,msk,miem,system,9.1,421,28
18977,1,ma,1,msk,miem,system,9.2,112,14
18978,0,ma,1,msk,miem,system,8.8,0,0
18979,0,ma,1,msk,miem,system,8.9,0,0
18980,2,ma,1,msk,miem,system,8.9,94,13
18981,2,ma,1,msk,miem,system,8.9,3715,2
18982,2,ma,1,msk,miem,system,9,74,12
18983,2,ma,1,msk,miem,system,8.8,107,17
18984,2,ma,1,msk,miem,system,8.8,743,2
18985,2,ma,1,msk,miem,system,8.8,76,20
18986,2,ma,1,msk,miem,system,8.7,188,20
18987,0,ma,1,msk,miem,system,8.7,0,0
18988,2,ma,1,msk,miem,system,8.7,48,24
18989,1,ma,1,msk,miem,system,8.7,141,23
18990,2,ma,1,msk,miem,system,8.4,233,34
18991,2,ma,1,msk,miem,system,8.4,1,0
18992,2,ma,1,msk,miem,system,8.5,82,9
18993,2,ma,1,msk,miem,system,8.3,176,11
18994,2,ma,1,msk,miem,system,7.8,97,30
18995,0,ma,1,msk,miem,system,8.5,0,0
18996,2,ma,1,msk,miem,system,8.2,311,25
18997,2,ma,1,msk,miem,system,8.1,62,9
18998,2,ma,1,msk,miem,system,8.1,91,9
18999,0,ma,1,msk,miem,system,8,0,0
19000,1,ma,1,msk,miem,system,8.1,94,8
19001,2,ma,1,msk,miem,system,7.6,90,11
19002,1,ma,1,msk,miem,system,7.9,312,3
19003,2,ma,1,msk,miem,system,8.3,112,15
19004,2,ma,1,msk,miem,system,8,392,27
19005,1,ma,1,msk,miem,system,7.8,848,18
19006,0,ma,1,msk,miem,system,7.9,0,0
19007,0,ma,1,msk,miem,system,7.4,0,0
19008,2,ma,1,msk,miem,system,8.2,617,1
19009,2,ma,1,msk,miem,system,7.9,128,11
19010,1,ma,1,msk,miem,system,8,167,25
19011,2,ma,1,msk,miem,system,7.8,90,13
19012,2,ma,1,msk,miem,system,7.9,40,13
19013,2,ma,1,msk,miem,system,7.8,130,8
19014,2,ma,1,msk,miem,system,7.8,80,1
19015,2,ma,1,msk,miem,system,7.8,47,3
19016,0,ma,1,msk,miem,system,7.1,0,0
19017,1,ma,1,msk,miem,system,7.5,96,8
19018,2,ma,1,msk,miem,system,7.3,134,20
19019,1,ma,1,msk,miem,system,7.2,47,13
19020,2,ma,1,msk,miem,system,7,11,5
19021,2,ma,1,msk,miem,system,7,132,11
19022,2,ma,1,msk,miem,system,7,136,28
19023,0,ma,1,msk,miem,system,6.9,0,0
19024,2,ma,1,msk,miem,system,6.9,366,9
19025,2,ma,1,msk,miem,system,6.8,142,20
19026,2,ma,1,msk,miem,system,6.7,691,65
19027,2,ma,1,msk,miem,system,6.5,97,4
19028,0,ma,1,msk,miem,system,8.2,0,0
19029,0,ma,2,msk,miem,system,9.7,0,0
19030,0,ma,2,msk,miem,system,9.3,0,0
19031,2,ma,2,msk,miem,system,9.2,235,25
19032,1,ma,2,msk,miem,system,9.4,191,16
19033,0,ma,2,msk,miem,system,9.1,0,0
19034,0,ma,2,msk,miem,system,9,0,0
19035,1,ma,2,msk,miem,system,9,185,12
19036,1,ma,2,msk,miem,system,9,178,8
19037,2,ma,2,msk,miem,system,8.9,637,15
19038,2,ma,2,msk,miem,system,8.6,75,7
19039,2,ma,2,msk,miem,system,8.6,104,4
19040,2,ma,2,msk,miem,system,8.7,74,15
19041,2,ma,2,msk,miem,system,8.4,0,0
19042,1,ma,2,msk,miem,system,8.7,131,11
19043,0,ma,2,msk,miem,system,8.6,0,0
19044,1,ma,2,msk,miem,system,8.6,500,16
19045,0,ma,2,msk,miem,system,8.2,0,0
19046,2,ma,2,msk,miem,system,8.4,41,2
19047,2,ma,2,msk,miem,system,8,154,15
19048,2,ma,2,msk,miem,system,7.9,114,3
19049,1,ma,2,msk,miem,system,7.8,334,2
19050,2,ma,2,msk,miem,system,7.7,156,8
19051,2,ma,2,msk,miem,system,7.6,358,5
19052,1,ma,2,msk,miem,system,7.4,84,4
19053,2,ma,2,msk,miem,system,7.1,152,3
19054,2,ma,2,msk,miem,system,7.4,187,4
19055,2,ma,2,msk,miem,system,7.2,214,77
19056,0,ma,2,msk,miem,system,6.6,0,0
19057,2,ma,2,msk,miem,system,6.8,219,4
19058,0,ma,2,msk,miem,system,6.2,0,0
19059,2,ma,1,msk,bank_institute,fin,8.8,209,35
19060,1,ma,1,msk,bank_institute,fin,8.4,351,15
19061,2,ma,1,msk,bank_institute,fin,8.2,109,20
19062,2,ma,1,msk,bank_institute,fin,8.2,67,11
19063,2,ma,1,msk,bank_institute,fin,8.2,307,21
19064,1,ma,1,msk,bank_institute,fin,8,186,25
19065,2,ma,1,msk,bank_institute,fin,8,396,55
19066,2,ma,1,msk,bank_institute,fin,7.8,325,41
19067,2,ma,1,msk,bank_institute,fin,7.8,281,34
19068,2,ma,1,msk,bank_institute,fin,7.8,293,62
19069,1,ma,1,msk,bank_institute,fin,7.8,208,30
19070,2,ma,1,msk,bank_institute,fin,7.6,108,24
19071,1,ma,1,msk,bank_institute,fin,7.6,292,31
19072,2,ma,1,msk,bank_institute,fin,7.4,424,72
19073,1,ma,1,msk,bank_institute,fin,7.4,194,28
19074,0,ma,1,msk,bank_institute,fin,7.4,0,0
19075,2,ma,1,msk,bank_institute,fin,7.2,261,74
19076,2,ma,1,msk,bank_institute,fin,7.2,245,33
19077,2,ma,1,msk,bank_institute,fin,7.2,199,48
19078,2,ma,1,msk,bank_institute,fin,7.2,611,86
19079,2,ma,1,msk,bank_institute,fin,7.2,177,20
19080,2,ma,1,msk,bank_institute,fin,7,153,30
19081,2,ma,1,msk,bank_institute,fin,7,169,18
19082,0,ma,1,msk,bank_institute,fin,6.8,0,0
19083,1,ma,1,msk,bank_institute,fin,6.8,117,23
19084,1,ma,1,msk,bank_institute,fin,6.8,117,20
19085,2,ma,1,msk,bank_institute,fin,6.8,329,22
19086,0,ma,1,msk,bank_institute,fin,6.8,0,0
19087,2,ma,1,msk,bank_institute,fin,6.6,147,34
19088,2,ma,1,msk,bank_institute,fin,6.6,108,36
19089,2,ma,1,msk,bank_institute,fin,6.6,631,23
19090,2,ma,1,msk,bank_institute,fin,6.4,189,21
19091,2,ma,1,msk,bank_institute,fin,6.4,39,19
19092,2,ma,1,msk,bank_institute,fin,6.2,19,16
19093,2,ma,1,msk,bank_institute,fin,6.2,230,40
19094,2,ma,1,msk,bank_institute,fin,6,21,20
19095,1,ma,1,msk,bank_institute,fin,5.8,69,8
19096,0,ma,1,msk,bank_institute,fin,5.4,0,0
19097,2,ma,1,msk,bank_institute,fin,5.4,97,11
19098,1,ma,2,msk,bank_institute,fin,9.3,319,67
19099,0,ma,2,msk,bank_institute,fin,9,0,0
19100,0,ma,2,msk,bank_institute,fin,9,0,0
19101,1,ma,2,msk,bank_institute,fin,8.4,390,22
19102,2,ma,2,msk,bank_institute,fin,7.7,178,54
19103,1,ma,2,msk,bank_institute,fin,7.6,58,8
19104,2,ma,2,msk,bank_institute,fin,7.6,171,24
19105,1,ma,2,msk,bank_institute,fin,7.3,201,21
19106,2,ma,2,msk,bank_institute,fin,7.3,134,12
19107,2,ma,2,msk,bank_institute,fin,7.1,120,21
19108,1,ma,2,msk,bank_institute,fin,6.9,280,25
19109,2,ma,2,msk,bank_institute,fin,6.9,286,20
19110,1,ma,2,msk,bank_institute,fin,6.6,132,16
19111,2,ma,2,msk,bank_institute,fin,6.4,44,12
19112,1,ma,2,msk,bank_institute,fin,6.3,331,23
19113,1,ma,2,msk,bank_institute,fin,6.1,65,21
19114,2,ma,2,msk,bank_institute,fin,6.2,527,33
19115,0,ma,2,msk,bank_institute,fin,6,0,0
19116,2,ma,2,msk,bank_institute,fin,6.1,293,22
19117,2,ma,2,msk,bank_institute,fin,6.1,184,19
19118,2,ma,2,msk,bank_institute,fin,6.1,155,34
19119,1,ma,2,msk,bank_institute,fin,6.1,287,14
19120,2,ma,2,msk,bank_institute,fin,5.9,127,21
19121,2,ma,2,msk,bank_institute,fin,5.9,61,14
19122,0,ma,2,msk,bank_institute,fin,5.7,0,0
19123,2,ma,2,msk,bank_institute,fin,5.6,358,85
19124,2,ma,2,msk,bank_institute,fin,5.3,383,24
19125,1,ma,2,msk,bank_institute,fin,5.1,410,21
19126,2,ma,2,msk,bank_institute,fin,3.7,451,31
19127,2,ma,1,msk,ioe,edupolicy,9.6,279,30
19128,1,ma,1,msk,ioe,edupolicy,9.2,141,30
19129,1,ma,1,msk,ioe,edupolicy,9,52,32
19130,1,ma,1,msk,ioe,edupolicy,9.1,229,33
19131,1,ma,1,msk,ioe,edupolicy,8.9,612,67
19132,1,ma,1,msk,ioe,edupolicy,8.7,113,19
19133,1,ma,1,msk,ioe,edupolicy,8.7,306,28
19134,2,ma,1,msk,ioe,edupolicy,8.7,267,82
19135,1,ma,1,msk,ioe,edupolicy,8.3,340,27
19136,1,ma,1,msk,ioe,edupolicy,8.3,260,22
19137,1,ma,1,msk,ioe,edupolicy,8,157,32
19138,1,ma,1,msk,ioe,edupolicy,8.3,113,30
19139,2,ma,1,msk,ioe,edupolicy,8,427,42
19140,0,ma,1,msk,ioe,edupolicy,8,0,0
19141,1,ma,1,msk,ioe,edupolicy,8.1,224,35
19142,2,ma,1,msk,ioe,edupolicy,8,326,65
19143,1,ma,1,msk,ioe,edupolicy,7.8,251,68
19144,1,ma,1,msk,ioe,edupolicy,7.6,212,68
19145,1,ma,1,msk,ioe,edupolicy,7.7,674,50
19146,1,ma,1,msk,ioe,edupolicy,7.3,382,111
19147,2,ma,1,msk,ioe,edupolicy,7.7,224,35
19148,1,ma,1,msk,ioe,edupolicy,7.4,337,86
19149,1,ma,1,msk,ioe,edupolicy,7.8,660,92
19150,1,ma,1,msk,ioe,edupolicy,7.4,220,15
19151,1,ma,1,msk,ioe,edupolicy,6.8,137,31
19152,1,ma,1,msk,ioe,edupolicy,7,195,42
19153,1,ma,1,msk,ioe,edupolicy,7.1,15,15
19154,2,ma,1,msk,ioe,edupolicy,6,279,104
19155,2,ma,1,msk,ioe,edupolicy,5,167,46
19156,2,ma,1,msk,ioe,edupolicy,1,639,39
19157,1,ma,2,msk,ioe,edupolicy,9,570,12
19158,2,ma,2,msk,ioe,edupolicy,8.6,856,20
19159,1,ma,2,msk,ioe,edupolicy,8,204,14
19160,1,ma,2,msk,ioe,edupolicy,8.6,285,26
19161,1,ma,2,msk,ioe,edupolicy,8.6,251,16
19162,2,ma,2,msk,ioe,edupolicy,7,231,15
19163,0,ma,2,msk,ioe,edupolicy,7,0,0
19164,0,ma,2,msk,ioe,edupolicy,7,0,0
19165,1,ma,2,msk,ioe,edupolicy,7,423,38
19166,1,ma,2,msk,ioe,edupolicy,7.5,148,10
19167,0,ma,2,msk,ioe,edupolicy,5,0,0
19168,2,ma,2,msk,ioe,edupolicy,5,242,34
19169,0,ma,2,msk,ioe,edupolicy,0,0,0
19170,1,ma,1,msk,ioe,psyedu,10,753,31
19171,1,ma,1,msk,ioe,psyedu,9,141,67
19172,1,ma,1,msk,ioe,psyedu,8.7,438,6
19173,2,ma,1,msk,ioe,psyedu,8.5,254,75
19174,2,ma,1,msk,ioe,psyedu,8.3,67,3
19175,1,ma,1,msk,ioe,psyedu,8.3,15,13
19176,2,ma,1,msk,ioe,psyedu,8,200,61
19177,1,ma,1,msk,ioe,psyedu,8,195,48
19178,1,ma,1,msk,ioe,psyedu,8,189,70
19179,1,ma,1,msk,ioe,psyedu,8,305,25
19180,1,ma,1,msk,ioe,psyedu,7.3,328,18
19181,1,ma,1,msk,ioe,psyedu,7.3,403,20
19182,1,ma,1,msk,ioe,psyedu,7.3,200,19
19183,1,ma,1,msk,ioe,psyedu,6.7,98,15
19184,1,ma,1,msk,ioe,psyedu,6.3,180,43
19185,2,ma,1,msk,ioe,psyedu,6,78,22
19186,2,ma,1,msk,ioe,psyedu,5,642,35
19187,0,ma,1,msk,ioe,psyedu,5,0,0
19188,0,ma,1,msk,ioe,psyedu,4.5,0,0
19189,1,ma,2,msk,ioe,psyedu,9,162,16
19190,2,ma,2,msk,ioe,psyedu,9,447,56
19191,0,ma,2,msk,ioe,psyedu,8.8,0,0
19192,1,ma,2,msk,ioe,psyedu,8.7,229,23
19193,1,ma,2,msk,ioe,psyedu,8.2,163,30
19194,1,ma,2,msk,ioe,psyedu,8,151,21
19195,1,ma,2,msk,ioe,psyedu,8,21,8
19196,1,ma,2,msk,ioe,psyedu,8,350,29
19197,1,ma,2,msk,ioe,psyedu,7.3,0,0
19198,1,ma,2,msk,ioe,psyedu,7,155,15
19199,1,ma,2,msk,ioe,psyedu,5.2,696,54
19200,1,ma,2,msk,ioe,psyedu,4.2,350,19
19201,2,ma,2,msk,inno_man_institute,rdi,9.4,416,49
19202,2,ma,2,msk,inno_man_institute,rdi,9.2,6,1
19203,2,ma,2,msk,inno_man_institute,rdi,8.5,331,24
19204,2,ma,2,msk,inno_man_institute,rdi,8.4,120,4
19205,1,ma,2,msk,inno_man_institute,rdi,8.2,348,7
19206,1,ma,2,msk,inno_man_institute,rdi,8.4,500,66
19207,0,ma,1,msk,econsci,ae,8.6,0,0
19208,2,ma,1,msk,econsci,ae,8.6,61,50
19209,2,ma,1,msk,econsci,ae,8.6,579,87
19210,1,ma,1,msk,econsci,ae,8.2,139,51
19211,1,ma,1,msk,econsci,ae,8,182,46
19212,2,ma,1,msk,econsci,ae,8,62,25
19213,2,ma,1,msk,econsci,ae,8,283,32
19214,1,ma,1,msk,econsci,ae,7.8,139,26
19215,1,ma,1,msk,econsci,ae,7.8,0,0
19216,2,ma,1,msk,econsci,ae,7.6,525,53
19217,1,ma,1,msk,econsci,ae,7.6,164,33
19218,1,ma,1,msk,econsci,ae,7.6,400,54
19219,1,ma,1,msk,econsci,ae,7,167,18
19220,0,ma,1,msk,econsci,ae,7.6,0,0
19221,0,ma,1,msk,econsci,ae,7.6,0,0
19222,2,ma,1,msk,econsci,ae,7.6,277,137
19223,2,ma,1,msk,econsci,ae,7.6,430,107
19224,2,ma,1,msk,econsci,ae,7.4,305,140
19225,2,ma,1,msk,econsci,ae,7.4,217,37
19226,1,ma,1,msk,econsci,ae,7.4,917,50
19227,1,ma,1,msk,econsci,ae,7.4,143,41
19228,2,ma,1,msk,econsci,ae,7.4,88,21
19229,1,ma,1,msk,econsci,ae,7.4,384,121
19230,2,ma,1,msk,econsci,ae,7.2,505,215
19231,1,ma,1,msk,econsci,ae,7.4,536,165
19232,1,ma,1,msk,econsci,ae,7.2,338,78
19233,2,ma,1,msk,econsci,ae,7,105,15
19234,1,ma,1,msk,econsci,ae,7.2,242,64
19235,2,ma,1,msk,econsci,ae,7.2,307,157
19236,1,ma,1,msk,econsci,ae,7.2,983,176
19237,2,ma,1,msk,econsci,ae,7.2,118,44
19238,1,ma,1,msk,econsci,ae,7,129,28
19239,1,ma,1,msk,econsci,ae,7.2,376,36
19240,1,ma,1,msk,econsci,ae,7,402,62
19241,2,ma,1,msk,econsci,ae,6.6,195,54
19242,1,ma,1,msk,econsci,ae,6.8,135,37
19243,1,ma,1,msk,econsci,ae,7,119,40
19244,1,ma,1,msk,econsci,ae,7,243,58
19245,1,ma,1,msk,econsci,ae,6.8,177,53
19246,1,ma,1,msk,econsci,ae,6.8,84,48
19247,1,ma,1,msk,econsci,ae,6.8,76,35
19248,2,ma,1,msk,econsci,ae,6.8,125,29
19249,1,ma,1,msk,econsci,ae,6.6,215,46
19250,1,ma,1,msk,econsci,ae,6.6,242,79
19251,2,ma,1,msk,econsci,ae,6.4,125,23
19252,1,ma,1,msk,econsci,ae,6.6,384,85
19253,1,ma,1,msk,econsci,ae,6.6,913,217
19254,1,ma,1,msk,econsci,ae,6.6,517,45
19255,1,ma,1,msk,econsci,ae,6.4,56,14
19256,2,ma,1,msk,econsci,ae,6.4,843,305
19257,1,ma,1,msk,econsci,ae,6.4,189,62
19258,2,ma,1,msk,econsci,ae,6.2,108,12
19259,1,ma,1,msk,econsci,ae,6.4,194,54
19260,1,ma,1,msk,econsci,ae,6.4,447,47
19261,2,ma,1,msk,econsci,ae,6.4,165,45
19262,1,ma,1,msk,econsci,ae,6.4,157,49
19263,1,ma,1,msk,econsci,ae,6.4,454,50
19264,1,ma,1,msk,econsci,ae,6.2,424,118
19265,1,ma,1,msk,econsci,ae,6.5,226,23
19266,2,ma,1,msk,econsci,ae,6,314,78
19267,1,ma,1,msk,econsci,ae,6,400,56
19268,2,ma,1,msk,econsci,ae,6,341,86
19269,1,ma,1,msk,econsci,ae,6.2,78,45
19270,1,ma,1,msk,econsci,ae,6,397,74
19271,2,ma,1,msk,econsci,ae,6,434,65
19272,2,ma,1,msk,econsci,ae,6,157,13
19273,2,ma,1,msk,econsci,ae,6.2,51,26
19274,1,ma,1,msk,econsci,ae,6,211,58
19275,1,ma,1,msk,econsci,ae,6,296,48
19276,0,ma,1,msk,econsci,ae,5.6,0,0
19277,2,ma,1,msk,econsci,ae,6,121,20
19278,2,ma,1,msk,econsci,ae,6,25,7
19279,2,ma,1,msk,econsci,ae,5.8,563,156
19280,2,ma,1,msk,econsci,ae,5.4,117,47
19281,1,ma,1,msk,econsci,ae,5.8,293,51
19282,1,ma,1,msk,econsci,ae,6,135,33
19283,2,ma,1,msk,econsci,ae,5.8,110,32
19284,1,ma,1,msk,econsci,ae,6,153,22
19285,2,ma,1,msk,econsci,ae,6,446,58
19286,2,ma,1,msk,econsci,ae,5.8,132,69
19287,0,ma,1,msk,econsci,ae,5.8,0,0
19288,0,ma,1,msk,econsci,ae,5.8,0,0
19289,1,ma,1,msk,econsci,ae,5.6,318,51
19290,1,ma,1,msk,econsci,ae,5.4,183,83
19291,2,ma,1,msk,econsci,ae,5.8,391,124
19292,1,ma,1,msk,econsci,ae,5.6,243,49
19293,1,ma,1,msk,econsci,ae,5.8,301,67
19294,1,ma,1,msk,econsci,ae,5.6,456,80
19295,2,ma,1,msk,econsci,ae,5.8,66,24
19296,0,ma,1,msk,econsci,ae,5,0,0
19297,0,ma,1,msk,econsci,ae,5.6,0,0
19298,2,ma,1,msk,econsci,ae,5.6,676,40
19299,2,ma,1,msk,econsci,ae,5.2,1216,65
19300,1,ma,1,msk,econsci,ae,5.4,263,63
19301,1,ma,1,msk,econsci,ae,5.4,265,78
19302,1,ma,1,msk,econsci,ae,5.4,130,30
19303,1,ma,1,msk,econsci,ae,5.4,198,20
19304,1,ma,1,msk,econsci,ae,5.4,300,49
19305,1,ma,1,msk,econsci,ae,5.4,159,45
19306,2,ma,1,msk,econsci,ae,5.2,222,50
19307,2,ma,1,msk,econsci,ae,5.4,135,10
19308,1,ma,1,msk,econsci,ae,5,1038,85
19309,1,ma,1,msk,econsci,ae,5,362,73
19310,1,ma,1,msk,econsci,ae,5.2,598,267
19311,1,ma,1,msk,econsci,ae,5,141,13
19312,2,ma,1,msk,econsci,ae,4.8,7,2
19313,2,ma,1,msk,econsci,ae,4.6,73,36
19314,1,ma,1,msk,econsci,ae,4.8,216,59
19315,1,ma,1,msk,econsci,ae,4.6,131,17
19316,2,ma,1,msk,econsci,ae,4,590,237
19317,0,ma,1,msk,econsci,ae,4.2,0,0
19318,2,ma,1,msk,econsci,ae,4,208,15
19319,2,ma,2,msk,econsci,ae,9.8,345,65
19320,2,ma,2,msk,econsci,ae,9.2,51,29
19321,2,ma,2,msk,econsci,ae,9.2,459,67
19322,1,ma,2,msk,econsci,ae,9,473,105
19323,2,ma,2,msk,econsci,ae,8.8,88,37
19324,2,ma,2,msk,econsci,ae,8.8,69,24
19325,2,ma,2,msk,econsci,ae,8.8,146,19
19326,1,ma,2,msk,econsci,ae,8.5,219,74
19327,2,ma,2,msk,econsci,ae,8.3,270,67
19328,2,ma,2,msk,econsci,ae,8.2,218,18
19329,1,ma,2,msk,econsci,ae,8.2,272,32
19330,2,ma,2,msk,econsci,ae,8.2,95,39
19331,1,ma,2,msk,econsci,ae,8.2,418,109
19332,2,ma,2,msk,econsci,ae,8,153,50
19333,1,ma,2,msk,econsci,ae,8,198,64
19334,2,ma,2,msk,econsci,ae,8,552,185
19335,2,ma,2,msk,econsci,ae,8,476,60
19336,2,ma,2,msk,econsci,ae,8,80,22
19337,1,ma,2,msk,econsci,ae,7.8,376,53
19338,2,ma,2,msk,econsci,ae,7.7,62,22
19339,2,ma,2,msk,econsci,ae,7.5,104,23
19340,1,ma,2,msk,econsci,ae,7.5,598,61
19341,2,ma,2,msk,econsci,ae,7.5,129,47
19342,1,ma,2,msk,econsci,ae,7.5,360,57
19343,1,ma,2,msk,econsci,ae,7.5,580,107
19344,1,ma,2,msk,econsci,ae,7.3,343,51
19345,2,ma,2,msk,econsci,ae,7.3,190,57
19346,1,ma,2,msk,econsci,ae,7.2,406,48
19347,2,ma,2,msk,econsci,ae,7.2,237,81
19348,1,ma,2,msk,econsci,ae,7.2,426,62
19349,2,ma,2,msk,econsci,ae,7,253,50
19350,2,ma,2,msk,econsci,ae,7,42,22
19351,1,ma,2,msk,econsci,ae,6.8,318,44
19352,1,ma,2,msk,econsci,ae,6.8,451,63
19353,1,ma,2,msk,econsci,ae,6.8,448,79
19354,2,ma,2,msk,econsci,ae,6.5,390,83
19355,1,ma,2,msk,econsci,ae,6.5,142,37
19356,2,ma,2,msk,econsci,ae,6.3,214,64
19357,2,ma,2,msk,econsci,ae,6,157,35
19358,2,ma,2,msk,econsci,ae,6,547,144
19359,2,ma,2,msk,econsci,ae,5.8,380,91
19360,2,ma,2,msk,econsci,ae,5.8,80,25
19361,2,ma,2,msk,econsci,ae,5.8,146,20
19362,2,ma,2,msk,econsci,ae,5.8,603,117
19363,1,ma,2,msk,econsci,ae,5.8,338,47
19364,2,ma,2,msk,econsci,ae,5.8,393,75
19365,2,ma,2,msk,econsci,ae,5.5,0,0
19366,2,ma,2,msk,econsci,ae,5,285,84
19367,2,ma,2,msk,econsci,ae,4.3,221,33
19368,1,ma,2,msk,econsci,ae,0,255,59
19369,1,ma,2,msk,econsci,ae,0,10,5
19370,1,ma,2,msk,econsci,ae,0,168,41
19371,2,ma,2,msk,econsci,ae,0,360,71
19372,1,ma,2,msk,econsci,ae,0,229,40
19373,2,ma,2,msk,econsci,ae,0,327,58
19374,2,ma,2,msk,econsci,ae,0,248,87
19375,1,ma,2,msk,econsci,ae,0,184,62
19376,0,ma,1,msk,econsci,cf,8.7,0,0
19377,1,ma,1,msk,econsci,cf,8.2,229,20
19378,0,ma,1,msk,econsci,cf,8.5,0,0
19379,2,ma,1,msk,econsci,cf,8.2,77,22
19380,1,ma,1,msk,econsci,cf,8.5,198,26
19381,2,ma,1,msk,econsci,cf,7.8,315,31
19382,1,ma,1,msk,econsci,cf,7.4,229,35
19383,1,ma,1,msk,econsci,cf,8,782,54
19384,2,ma,1,msk,econsci,cf,7.4,75,20
19385,2,ma,1,msk,econsci,cf,7.8,244,43
19386,2,ma,1,msk,econsci,cf,7.7,18,11
19387,1,ma,1,msk,econsci,cf,7.5,334,35
19388,1,ma,1,msk,econsci,cf,7.8,117,26
19389,1,ma,1,msk,econsci,cf,7.6,362,26
19390,1,ma,1,msk,econsci,cf,7.4,71,0
19391,2,ma,1,msk,econsci,cf,7.4,420,57
19392,1,ma,1,msk,econsci,cf,7.7,112,18
19393,1,ma,1,msk,econsci,cf,6.8,504,31
19394,0,ma,1,msk,econsci,cf,7.3,0,0
19395,1,ma,1,msk,econsci,cf,7.7,131,23
19396,1,ma,1,msk,econsci,cf,6.7,132,31
19397,1,ma,1,msk,econsci,cf,7.2,370,17
19398,2,ma,1,msk,econsci,cf,7,206,17
19399,2,ma,1,msk,econsci,cf,7.2,255,33
19400,2,ma,1,msk,econsci,cf,6.7,64,19
19401,2,ma,1,msk,econsci,cf,7,365,18
19402,2,ma,1,msk,econsci,cf,6.5,293,53
19403,0,ma,1,msk,econsci,cf,6.5,0,0
19404,1,ma,1,msk,econsci,cf,7,73,6
19405,2,ma,1,msk,econsci,cf,6.8,454,47
19406,2,ma,1,msk,econsci,cf,6.7,245,11
19407,0,ma,1,msk,econsci,cf,6.1,0,0
19408,2,ma,1,msk,econsci,cf,6.2,100,30
19409,2,ma,1,msk,econsci,cf,6,336,17
19410,2,ma,1,msk,econsci,cf,6.2,99,11
19411,2,ma,1,msk,econsci,cf,5.8,124,26
19412,1,ma,2,msk,econsci,cf,8,31,15
19413,2,ma,2,msk,econsci,cf,7.9,281,12
19414,1,ma,2,msk,econsci,cf,7.8,247,41
19415,0,ma,2,msk,econsci,cf,7.8,0,0
19416,1,ma,2,msk,econsci,cf,7.7,341,21
19417,0,ma,2,msk,econsci,cf,7.7,0,0
19418,1,ma,2,msk,econsci,cf,7.6,307,59
19419,0,ma,2,msk,econsci,cf,7.5,0,0
19420,0,ma,2,msk,econsci,cf,7.3,0,0
19421,2,ma,2,msk,econsci,cf,7.3,250,74
19422,2,ma,2,msk,econsci,cf,7,327,35
19423,2,ma,2,msk,econsci,cf,7,176,33
19424,2,ma,2,msk,econsci,cf,6.8,214,22
19425,2,ma,2,msk,econsci,cf,6.7,33,19
19426,2,ma,2,msk,econsci,cf,5.7,63,11
19427,2,ma,2,msk,econsci,cf,5.8,1788,20
19428,2,ma,2,msk,econsci,cf,6.2,255,17
19429,2,ma,2,msk,econsci,cf,5,69,12
19430,2,ma,2,msk,econsci,cf,0,142,9
19431,1,ma,1,msk,econsci,companyfin,9.2,98,44
19432,2,ma,1,msk,econsci,companyfin,9,340,94
19433,2,ma,1,msk,econsci,companyfin,8.5,187,30
19434,1,ma,1,msk,econsci,companyfin,8.2,166,49
19435,1,ma,1,msk,econsci,companyfin,8.3,442,96
19436,2,ma,1,msk,econsci,companyfin,8,522,238
19437,2,ma,1,msk,econsci,companyfin,8.2,103,10
19438,2,ma,1,msk,econsci,companyfin,7.5,211,47
19439,2,ma,1,msk,econsci,companyfin,8.1,759,74
19440,1,ma,1,msk,econsci,companyfin,7.7,144,44
19441,1,ma,1,msk,econsci,companyfin,7.5,219,81
19442,2,ma,1,msk,econsci,companyfin,7.5,215,60
19443,2,ma,1,msk,econsci,companyfin,7.4,181,73
19444,2,ma,1,msk,econsci,companyfin,7.8,464,53
19445,1,ma,1,msk,econsci,companyfin,7.2,276,64
19446,2,ma,1,msk,econsci,companyfin,7.4,257,59
19447,1,ma,1,msk,econsci,companyfin,7.2,223,73
19448,0,ma,1,msk,econsci,companyfin,7.2,0,0
19449,1,ma,1,msk,econsci,companyfin,7.3,946,262
19450,1,ma,1,msk,econsci,companyfin,7,261,78
19451,1,ma,1,msk,econsci,companyfin,7.6,530,106
19452,2,ma,1,msk,econsci,companyfin,6.8,192,51
19453,2,ma,1,msk,econsci,companyfin,6.8,428,93
19454,1,ma,1,msk,econsci,companyfin,7.2,461,138
19455,1,ma,1,msk,econsci,companyfin,6.8,219,106
19456,2,ma,1,msk,econsci,companyfin,7.3,129,35
19457,2,ma,1,msk,econsci,companyfin,7.3,269,55
19458,1,ma,1,msk,econsci,companyfin,7,161,46
19459,1,ma,1,msk,econsci,companyfin,6.5,244,78
19460,2,ma,1,msk,econsci,companyfin,6.6,322,77
19461,1,ma,1,msk,econsci,companyfin,6.7,251,52
19462,1,ma,1,msk,econsci,companyfin,6.4,218,63
19463,0,ma,1,msk,econsci,companyfin,6.4,0,0
19464,2,ma,1,msk,econsci,companyfin,6.3,302,84
19465,2,ma,1,msk,econsci,companyfin,6.2,578,155
19466,2,ma,1,msk,econsci,companyfin,6.2,299,46
19467,1,ma,1,msk,econsci,companyfin,6.3,310,57
19468,2,ma,1,msk,econsci,companyfin,6.5,498,57
19469,0,ma,1,msk,econsci,companyfin,6.6,0,0
19470,1,ma,1,msk,econsci,companyfin,6,296,101
19471,2,ma,1,msk,econsci,companyfin,6,376,116
19472,1,ma,1,msk,econsci,companyfin,5.8,237,52
19473,2,ma,1,msk,econsci,companyfin,6.3,445,47
19474,2,ma,1,msk,econsci,companyfin,6.3,185,83
19475,1,ma,1,msk,econsci,companyfin,5.6,139,49
19476,2,ma,1,msk,econsci,companyfin,5.8,129,30
19477,1,ma,1,msk,econsci,companyfin,5.8,357,109
19478,2,ma,1,msk,econsci,companyfin,5.7,105,37
19479,1,ma,1,msk,econsci,companyfin,5.4,340,47
19480,0,ma,1,msk,econsci,companyfin,5.7,0,0
19481,1,ma,1,msk,econsci,companyfin,5.3,234,71
19482,2,ma,1,msk,econsci,companyfin,4.8,869,272
19483,1,ma,1,msk,econsci,companyfin,5.4,65,36
19484,0,ma,1,msk,econsci,companyfin,6,0,0
19485,2,ma,1,msk,econsci,companyfin,4.8,239,54
19486,1,ma,1,msk,econsci,companyfin,5.6,245,67
19487,2,ma,1,msk,econsci,companyfin,5.7,507,143
19488,0,ma,1,msk,econsci,companyfin,3.5,0,0
19489,2,ma,1,msk,econsci,companyfin,6.7,145,17
19490,1,ma,2,msk,econsci,companyfin,9.2,399,95
19491,1,ma,2,msk,econsci,companyfin,9.2,340,55
19492,1,ma,2,msk,econsci,companyfin,9,266,2
19493,2,ma,2,msk,econsci,companyfin,8.8,274,70
19494,1,ma,2,msk,econsci,companyfin,8.7,206,37
19495,1,ma,2,msk,econsci,companyfin,8.5,510,81
19496,1,ma,2,msk,econsci,companyfin,8.5,234,53
19497,1,ma,2,msk,econsci,companyfin,8.5,271,41
19498,1,ma,2,msk,econsci,companyfin,8.3,429,87
19499,2,ma,2,msk,econsci,companyfin,8.3,702,118
19500,1,ma,2,msk,econsci,companyfin,8.3,184,42
19501,1,ma,2,msk,econsci,companyfin,8.2,437,53
19502,1,ma,2,msk,econsci,companyfin,8,147,43
19503,2,ma,2,msk,econsci,companyfin,8,109,20
19504,1,ma,2,msk,econsci,companyfin,8,538,160
19505,1,ma,2,msk,econsci,companyfin,8,409,91
19506,1,ma,2,msk,econsci,companyfin,8,384,62
19507,1,ma,2,msk,econsci,companyfin,8.2,260,50
19508,1,ma,2,msk,econsci,companyfin,8,230,43
19509,0,ma,2,msk,econsci,companyfin,8,0,0
19510,2,ma,2,msk,econsci,companyfin,8,43,26
19511,2,ma,2,msk,econsci,companyfin,7.8,274,91
19512,1,ma,2,msk,econsci,companyfin,7.8,599,72
19513,2,ma,2,msk,econsci,companyfin,7.8,272,69
19514,1,ma,2,msk,econsci,companyfin,7.8,333,97
19515,0,ma,2,msk,econsci,companyfin,7.8,0,0
19516,2,ma,2,msk,econsci,companyfin,7.7,541,103
19517,1,ma,2,msk,econsci,companyfin,7.7,165,27
19518,1,ma,2,msk,econsci,companyfin,7.7,224,34
19519,0,ma,2,msk,econsci,companyfin,7.5,0,0
19520,2,ma,2,msk,econsci,companyfin,7.5,109,30
19521,2,ma,2,msk,econsci,companyfin,7.5,510,80
19522,2,ma,2,msk,econsci,companyfin,7.6,386,57
19523,0,ma,2,msk,econsci,companyfin,7.4,0,0
19524,1,ma,2,msk,econsci,companyfin,7.4,323,64
19525,2,ma,2,msk,econsci,companyfin,7.5,239,76
19526,1,ma,2,msk,econsci,companyfin,7.3,198,52
19527,2,ma,2,msk,econsci,companyfin,7.5,572,256
19528,1,ma,2,msk,econsci,companyfin,7.3,269,59
19529,2,ma,2,msk,econsci,companyfin,7.2,0,0
19530,2,ma,2,msk,econsci,companyfin,7,68,38
19531,1,ma,2,msk,econsci,companyfin,6.8,359,62
19532,2,ma,2,msk,econsci,companyfin,6.5,507,128
19533,1,ma,2,msk,econsci,companyfin,6.2,1629,264
19534,2,ma,2,msk,econsci,companyfin,6,425,79
19535,2,ma,2,msk,econsci,companyfin,0,400,81
19536,1,ma,1,msk,econsci,erp,9.2,961,199
19537,2,ma,1,msk,econsci,erp,8.6,124,57
19538,2,ma,1,msk,econsci,erp,8.4,321,56
19539,1,ma,1,msk,econsci,erp,7.2,305,23
19540,2,ma,1,msk,econsci,erp,7,894,174
19541,2,ma,1,msk,econsci,erp,6.8,425,27
19542,2,ma,1,msk,econsci,erp,6.4,150,38
19543,1,ma,1,msk,econsci,erp,6.7,584,28
19544,1,ma,1,msk,econsci,erp,6,466,40
19545,1,ma,1,msk,econsci,erp,5.5,1019,178
19546,1,ma,1,msk,econsci,erp,5.8,99,29
19547,2,ma,1,msk,econsci,erp,5.8,452,197
19548,1,ma,1,msk,econsci,erp,5.4,397,18
19549,0,ma,1,msk,econsci,erp,5.2,0,0
19550,1,ma,1,msk,econsci,erp,5,167,15
19551,1,ma,1,msk,econsci,erp,4.8,123,17
19552,2,ma,1,msk,econsci,erp,4.6,670,17
19553,2,ma,1,msk,econsci,erp,4.4,257,92
19554,2,ma,2,msk,econsci,erp,9,374,79
19555,2,ma,2,msk,econsci,erp,9,34,18
19556,2,ma,2,msk,econsci,erp,8.2,224,49
19557,1,ma,2,msk,econsci,erp,8,151,35
19558,0,ma,2,msk,econsci,erp,7.3,0,0
19559,0,ma,2,msk,econsci,erp,7.3,0,0
19560,1,ma,2,msk,econsci,erp,7,436,84
19561,2,ma,2,msk,econsci,erp,5,281,14
19562,2,ma,2,msk,econsci,erp,0,259,48
19563,1,ma,2,msk,econsci,erp,0,364,62
19564,0,ma,2,msk,econsci,erp,0,0,0
19565,2,ma,1,msk,econsci,fineng,8.9,212,18
19566,2,ma,1,msk,econsci,fineng,7.8,124,52
19567,1,ma,1,msk,econsci,fineng,7.3,107,19
19568,1,ma,1,msk,econsci,fineng,7.8,145,39
19569,2,ma,1,msk,econsci,fineng,7.7,141,37
19570,2,ma,1,msk,econsci,fineng,7.7,10,4
19571,2,ma,1,msk,econsci,fineng,7.3,45,7
19572,0,ma,1,msk,econsci,fineng,7.6,0,0
19573,0,ma,1,msk,econsci,fineng,7.2,0,0
19574,2,ma,1,msk,econsci,fineng,7,265,16
19575,2,ma,1,msk,econsci,fineng,7,344,32
19576,2,ma,1,msk,econsci,fineng,6.6,132,13
19577,2,ma,1,msk,econsci,fineng,6.6,810,107
19578,2,ma,1,msk,econsci,fineng,6.5,278,25
19579,2,ma,1,msk,econsci,fineng,6.4,34,7
19580,1,ma,1,msk,econsci,finmarket,9,431,106
19581,1,ma,1,msk,econsci,finmarket,8.8,781,113
19582,2,ma,1,msk,econsci,finmarket,8.2,118,41
19583,2,ma,1,msk,econsci,finmarket,8.2,167,66
19584,1,ma,1,msk,econsci,finmarket,8.2,221,53
19585,1,ma,1,msk,econsci,finmarket,8.2,601,193
19586,2,ma,1,msk,econsci,finmarket,8.2,170,27
19587,1,ma,1,msk,econsci,finmarket,8.2,509,131
19588,1,ma,1,msk,econsci,finmarket,8,233,48
19589,2,ma,1,msk,econsci,finmarket,8,71,31
19590,1,ma,1,msk,econsci,finmarket,7.8,169,47
19591,1,ma,1,msk,econsci,finmarket,8,375,94
19592,2,ma,1,msk,econsci,finmarket,7.8,195,46
19593,1,ma,1,msk,econsci,finmarket,7.7,147,37
19594,2,ma,1,msk,econsci,finmarket,7.8,0,0
19595,1,ma,1,msk,econsci,finmarket,7.6,426,130
19596,1,ma,1,msk,econsci,finmarket,7.5,161,40
19597,1,ma,1,msk,econsci,finmarket,7.6,247,14
19598,2,ma,1,msk,econsci,finmarket,7.5,394,95
19599,1,ma,1,msk,econsci,finmarket,7.6,302,77
19600,0,ma,1,msk,econsci,finmarket,7.3,0,0
19601,1,ma,1,msk,econsci,finmarket,7.5,191,59
19602,1,ma,1,msk,econsci,finmarket,7.4,252,66
19603,2,ma,1,msk,econsci,finmarket,7.5,189,45
19604,1,ma,1,msk,econsci,finmarket,7.3,413,172
19605,2,ma,1,msk,econsci,finmarket,7.2,221,52
19606,1,ma,1,msk,econsci,finmarket,7.2,260,61
19607,2,ma,1,msk,econsci,finmarket,7,26,21
19608,2,ma,1,msk,econsci,finmarket,7,344,105
19609,0,ma,1,msk,econsci,finmarket,7,0,0
19610,2,ma,1,msk,econsci,finmarket,7,23,12
19611,1,ma,1,msk,econsci,finmarket,7,129,45
19612,1,ma,1,msk,econsci,finmarket,7,119,39
19613,1,ma,1,msk,econsci,finmarket,6.8,0,0
19614,2,ma,1,msk,econsci,finmarket,6.8,83,14
19615,0,ma,1,msk,econsci,finmarket,6.8,0,0
19616,2,ma,1,msk,econsci,finmarket,6.5,420,118
19617,2,ma,1,msk,econsci,finmarket,6.4,308,40
19618,1,ma,1,msk,econsci,finmarket,6.6,225,53
19619,2,ma,1,msk,econsci,finmarket,6.5,139,54
19620,1,ma,1,msk,econsci,finmarket,6.5,68,11
19621,1,ma,1,msk,econsci,finmarket,6.5,324,80
19622,1,ma,1,msk,econsci,finmarket,6.5,13,3
19623,1,ma,1,msk,econsci,finmarket,6.5,199,40
19624,2,ma,1,msk,econsci,finmarket,6.5,242,30
19625,2,ma,1,msk,econsci,finmarket,6.3,349,104
19626,1,ma,1,msk,econsci,finmarket,6.3,278,73
19627,1,ma,1,msk,econsci,finmarket,6.2,321,73
19628,2,ma,1,msk,econsci,finmarket,6.2,1196,237
19629,1,ma,1,msk,econsci,finmarket,6.2,385,139
19630,1,ma,1,msk,econsci,finmarket,6.3,251,71
19631,1,ma,1,msk,econsci,finmarket,6.2,533,112
19632,2,ma,1,msk,econsci,finmarket,6,225,35
19633,2,ma,1,msk,econsci,finmarket,6,0,0
19634,1,ma,1,msk,econsci,finmarket,6,228,63
19635,1,ma,1,msk,econsci,finmarket,6,246,91
19636,2,ma,1,msk,econsci,finmarket,5.8,353,68
19637,1,ma,1,msk,econsci,finmarket,6,319,93
19638,1,ma,1,msk,econsci,finmarket,5.8,192,40
19639,2,ma,1,msk,econsci,finmarket,5.6,181,48
19640,2,ma,1,msk,econsci,finmarket,5.6,152,16
19641,2,ma,1,msk,econsci,finmarket,5.8,70,25
19642,1,ma,1,msk,econsci,finmarket,5.5,522,98
19643,2,ma,1,msk,econsci,finmarket,5.5,53,29
19644,1,ma,1,msk,econsci,finmarket,5.5,0,0
19645,1,ma,1,msk,econsci,finmarket,5.6,220,51
19646,2,ma,1,msk,econsci,finmarket,5.5,120,19
19647,1,ma,1,msk,econsci,finmarket,5,436,33
19648,1,ma,1,msk,econsci,finmarket,5,282,44
19649,2,ma,1,msk,econsci,finmarket,4.8,243,56
19650,2,ma,1,msk,econsci,finmarket,4.5,536,44
19651,2,ma,1,msk,econsci,finmarket,3.8,466,91
19652,2,ma,1,msk,econsci,finmarket,6,352,72
19653,2,ma,1,msk,econsci,finmarket,5,107,45
19654,2,ma,1,msk,econsci,finmarket,4.8,67,45
19655,2,ma,1,msk,econsci,finmarket,2.5,18,9
19656,1,ma,2,msk,econsci,finmarket,9.4,174,55
19657,2,ma,2,msk,econsci,finmarket,9.2,5,4
19658,1,ma,2,msk,econsci,finmarket,9.2,220,48
19659,1,ma,2,msk,econsci,finmarket,8.8,103,37
19660,2,ma,2,msk,econsci,finmarket,8.8,256,108
19661,2,ma,2,msk,econsci,finmarket,8.8,934,284
19662,2,ma,2,msk,econsci,finmarket,8.8,432,112
19663,2,ma,2,msk,econsci,finmarket,8.6,120,38
19664,1,ma,2,msk,econsci,finmarket,8.6,180,81
19665,1,ma,2,msk,econsci,finmarket,8.5,93,27
19666,1,ma,2,msk,econsci,finmarket,8.5,617,54
19667,1,ma,2,msk,econsci,finmarket,8.4,465,88
19668,1,ma,2,msk,econsci,finmarket,8.2,226,63
19669,1,ma,2,msk,econsci,finmarket,8.2,283,49
19670,2,ma,2,msk,econsci,finmarket,8.2,160,43
19671,2,ma,2,msk,econsci,finmarket,8,240,70
19672,1,ma,2,msk,econsci,finmarket,8,456,96
19673,1,ma,2,msk,econsci,finmarket,8,238,65
19674,2,ma,2,msk,econsci,finmarket,8,216,78
19675,0,ma,2,msk,econsci,finmarket,8,0,0
19676,2,ma,2,msk,econsci,finmarket,8,221,49
19677,0,ma,2,msk,econsci,finmarket,8,0,0
19678,1,ma,2,msk,econsci,finmarket,7.8,173,33
19679,2,ma,2,msk,econsci,finmarket,7.8,123,28
19680,2,ma,2,msk,econsci,finmarket,7.8,127,86
19681,1,ma,2,msk,econsci,finmarket,7.8,414,85
19682,1,ma,2,msk,econsci,finmarket,7.8,1126,2
19683,1,ma,2,msk,econsci,finmarket,7.7,226,51
19684,0,ma,2,msk,econsci,finmarket,7.6,0,0
19685,2,ma,2,msk,econsci,finmarket,7.6,275,98
19686,1,ma,2,msk,econsci,finmarket,7.6,523,33
19687,0,ma,2,msk,econsci,finmarket,7.5,0,0
19688,2,ma,2,msk,econsci,finmarket,7.5,103,33
19689,1,ma,2,msk,econsci,finmarket,7.4,237,44
19690,1,ma,2,msk,econsci,finmarket,7.4,180,48
19691,1,ma,2,msk,econsci,finmarket,6.6,190,24
19692,2,ma,2,msk,econsci,finmarket,7.2,579,94
19693,1,ma,2,msk,econsci,finmarket,7.2,217,34
19694,2,ma,2,msk,econsci,finmarket,7.2,87,25
19695,2,ma,2,msk,econsci,finmarket,7.2,555,116
19696,1,ma,2,msk,econsci,finmarket,7.2,227,62
19697,2,ma,2,msk,econsci,finmarket,7.2,1175,202
19698,2,ma,2,msk,econsci,finmarket,7.2,80,35
19699,2,ma,2,msk,econsci,finmarket,7,210,21
19700,2,ma,2,msk,econsci,finmarket,7.2,253,29
19701,2,ma,2,msk,econsci,finmarket,6.8,291,32
19702,1,ma,2,msk,econsci,finmarket,6.8,241,32
19703,2,ma,2,msk,econsci,finmarket,6.8,538,89
19704,2,ma,2,msk,econsci,finmarket,6.8,157,24
19705,2,ma,2,msk,econsci,finmarket,6.8,743,91
19706,2,ma,2,msk,econsci,finmarket,6.6,171,41
19707,0,ma,2,msk,econsci,finmarket,6.6,0,0
19708,1,ma,2,msk,econsci,finmarket,6.6,136,28
19709,2,ma,2,msk,econsci,finmarket,6.6,117,44
19710,2,ma,2,msk,econsci,finmarket,6.7,278,48
19711,1,ma,2,msk,econsci,finmarket,6.5,117,20
19712,2,ma,2,msk,econsci,finmarket,6.2,179,48
19713,2,ma,2,msk,econsci,finmarket,6.2,204,20
19714,2,ma,2,msk,econsci,finmarket,6,126,20
19715,2,ma,2,msk,econsci,finmarket,6,314,27
19716,2,ma,2,msk,econsci,finmarket,5.8,114,29
19717,2,ma,2,msk,econsci,finmarket,5.8,384,106
19718,1,ma,2,msk,econsci,finmarket,5.8,696,81
19719,2,ma,2,msk,econsci,finmarket,5.6,118,27
19720,2,ma,2,msk,econsci,finmarket,5.6,232,21
19721,0,ma,2,msk,econsci,finmarket,5,0,0
19722,1,ma,2,msk,econsci,finmarket,0,328,49
19723,1,ma,2,msk,econsci,finmarket,0,327,74
19724,1,ma,2,msk,econsci,finmarket,0,217,45
19725,1,ma,2,msk,econsci,finmarket,0,338,82
19726,1,ma,2,msk,econsci,finmarket,0,632,69
19727,1,ma,1,spb,econman,aemm,9,216,56
19728,2,ma,1,spb,econman,aemm,9,299,72
19729,2,ma,1,spb,econman,aemm,8.5,69,0
19730,1,ma,1,spb,econman,aemm,8.5,155,17
19731,1,ma,1,spb,econman,aemm,8,504,30
19732,1,ma,1,spb,econman,aemm,8,251,29
19733,2,ma,1,spb,econman,aemm,8,85,22
19734,1,ma,1,spb,econman,aemm,8,156,33
19735,1,ma,1,spb,econman,aemm,8,236,31
19736,1,ma,1,spb,econman,aemm,8,392,60
19737,1,ma,1,spb,econman,aemm,8,203,39
19738,0,ma,1,spb,econman,aemm,7,0,0
19739,2,ma,1,spb,econman,aemm,7,112,10
19740,2,ma,1,spb,econman,aemm,7,123,24
19741,2,ma,1,spb,econman,aemm,7,241,24
19742,2,ma,1,spb,econman,aemm,6.5,85,62
19743,1,ma,1,spb,econman,aemm,6.5,204,12
19744,2,ma,1,spb,econman,aemm,6.5,413,27
19745,0,ma,1,spb,econman,aemm,6.3,0,0
19746,1,ma,1,spb,econman,aemm,7,169,29
19747,1,ma,1,spb,econman,aemm,7,1,1
19748,1,ma,1,spb,econman,aemm,6.5,96,39
19749,2,ma,1,spb,econman,aemm,6.5,268,36
19750,2,ma,1,spb,econman,aemm,6.3,391,21
19751,1,ma,1,spb,econman,aemm,6,205,31
19752,2,ma,1,spb,econman,aemm,6,663,24
19753,2,ma,1,spb,econman,aemm,6,106,25
19754,2,ma,1,spb,econman,aemm,6.5,508,12
19755,2,ma,1,spb,econman,aemm,5,241,47
19756,2,ma,1,spb,econman,aemm,4.5,334,49
19757,2,ma,1,spb,econman,aemm,8,0,0
19758,2,ma,1,spb,econman,aemm,5,334,3
19759,2,ma,2,spb,econman,aemm,9.4,90,19
19760,1,ma,2,spb,econman,aemm,8.6,469,50
19761,1,ma,2,spb,econman,aemm,8.6,484,107
19762,1,ma,2,spb,econman,aemm,8.4,242,26
19763,2,ma,2,spb,econman,aemm,6.4,424,50
19764,1,ma,2,spb,econman,aemm,5.6,253,16
19765,1,ma,2,spb,econman,aemm,5.4,138,18
19766,2,ma,2,spb,econman,aemm,4.8,371,30
19767,1,ma,2,spb,econman,aemm,4.6,165,19
19768,1,ma,2,spb,econman,aemm,0,249,28
19769,0,ma,2,spb,econman,aemm,0,0,0
19770,2,ma,1,spb,econman,finance,9,303,20
19771,1,ma,1,spb,econman,finance,8.5,210,56
19772,1,ma,1,spb,econman,finance,8.5,246,39
19773,1,ma,1,spb,econman,finance,8.5,203,40
19774,1,ma,1,spb,econman,finance,8.6,522,25
19775,1,ma,1,spb,econman,finance,8,182,35
19776,1,ma,1,spb,econman,finance,8.6,423,72
19777,1,ma,1,spb,econman,finance,8,166,15
19778,1,ma,1,spb,econman,finance,7.8,298,77
19779,2,ma,1,spb,econman,finance,8.4,129,36
19780,1,ma,1,spb,econman,finance,7.5,282,37
19781,1,ma,1,spb,econman,finance,8.4,358,19
19782,1,ma,1,spb,econman,finance,8,100,20
19783,1,ma,1,spb,econman,finance,7.5,220,35
19784,1,ma,1,spb,econman,finance,7.8,223,12
19785,1,ma,1,spb,econman,finance,7.8,258,16
19786,1,ma,1,spb,econman,finance,7.2,212,30
19787,1,ma,1,spb,econman,finance,7.3,376,57
19788,1,ma,1,spb,econman,finance,7.2,395,69
19789,1,ma,1,spb,econman,finance,7.4,162,28
19790,1,ma,1,spb,econman,finance,7,202,37
19791,1,ma,1,spb,econman,finance,7.2,332,48
19792,1,ma,1,spb,econman,finance,7,170,29
19793,0,ma,1,spb,econman,finance,7,0,0
19794,1,ma,1,spb,econman,finance,6.8,206,60
19795,2,ma,1,spb,econman,finance,5.8,187,75
19796,1,ma,1,spb,econman,finance,6.5,107,21
19797,2,ma,1,spb,econman,finance,6,255,80
19798,1,ma,1,spb,econman,finance,6.2,66,20
19799,1,ma,2,spb,econman,finance,9.2,167,20
19800,1,ma,2,spb,econman,finance,9,460,57
19801,0,ma,2,spb,econman,finance,9,0,0
19802,1,ma,2,spb,econman,finance,9,82,16
19803,1,ma,2,spb,econman,finance,8.8,281,33
19804,1,ma,2,spb,econman,finance,8.8,35,5
19805,1,ma,2,spb,econman,finance,8.5,260,21
19806,1,ma,2,spb,econman,finance,8.2,169,46
19807,1,ma,2,spb,econman,finance,8.2,297,43
19808,1,ma,2,spb,econman,finance,8.2,76,23
19809,0,ma,2,spb,econman,finance,8,0,0
19810,1,ma,2,spb,econman,finance,7.8,303,30
19811,1,ma,2,spb,econman,finance,7.8,145,20
19812,1,ma,2,spb,econman,finance,7.8,639,28
19813,1,ma,2,spb,econman,finance,7.5,206,15
19814,1,ma,2,spb,econman,finance,7.5,159,22
19815,1,ma,2,spb,econman,finance,7.2,158,20
19816,2,ma,2,spb,econman,finance,7.2,306,75
19817,0,ma,2,spb,econman,finance,6.5,0,0
19818,2,ma,2,spb,econman,finance,6.5,506,16
19819,1,ma,2,spb,econman,finance,6.5,143,28
19820,0,ma,2,spb,econman,finance,6.5,0,0
19821,2,ma,2,spb,econman,finance,6.2,148,15
19822,2,ma,2,spb,econman,finance,6,116,30
19823,1,ma,1,spb,econman,log,10,152,11
19824,1,ma,1,spb,econman,log,10,196,25
19825,1,ma,1,spb,econman,log,10,335,18
19826,0,ma,1,spb,econman,log,10,0,0
19827,1,ma,1,spb,econman,log,10,248,15
19828,1,ma,1,spb,econman,log,10,96,38
19829,2,ma,1,spb,econman,log,9.5,91,53
19830,1,ma,1,spb,econman,log,9.5,426,75
19831,1,ma,1,spb,econman,log,9.3,539,0
19832,2,ma,1,spb,econman,log,9.3,73,19
19833,1,ma,1,spb,econman,log,9.3,312,9
19834,0,ma,1,spb,econman,log,9,0,0
19835,1,ma,1,spb,econman,log,9,134,15
19836,1,ma,1,spb,econman,log,9,520,77
19837,0,ma,1,spb,econman,log,9,0,0
19838,1,ma,1,spb,econman,log,9,295,53
19839,1,ma,1,spb,econman,log,9,114,13
19840,0,ma,1,spb,econman,log,8.3,0,0
19841,1,ma,1,spb,econman,log,8.3,207,1
19842,2,ma,1,spb,econman,log,8,528,24
19843,0,ma,1,spb,econman,log,8,0,0
19844,1,ma,1,spb,econman,log,8,281,23
19845,2,ma,1,spb,econman,log,8,68,21
19846,2,ma,1,spb,econman,log,7.7,379,54
19847,1,ma,1,spb,econman,log,9,1264,11
19848,0,ma,1,spb,econman,log,9,0,0
19849,2,ma,1,spb,econman,log,7.3,341,105
19850,1,ma,2,spb,econman,log,9.5,266,24
19851,1,ma,2,spb,econman,log,9.3,412,15
19852,1,ma,2,spb,econman,log,9.3,93,17
19853,1,ma,2,spb,econman,log,9.3,71,16
19854,1,ma,2,spb,econman,log,9.2,200,28
19855,0,ma,2,spb,econman,log,9,0,0
19856,2,ma,2,spb,econman,log,9,143,15
19857,2,ma,2,spb,econman,log,9,215,42
19858,2,ma,2,spb,econman,log,9,182,58
19859,2,ma,2,spb,econman,log,9,106,24
19860,0,ma,2,spb,econman,log,8.8,0,0
19861,1,ma,2,spb,econman,log,8.8,105,17
19862,1,ma,2,spb,econman,log,8.8,97,22
19863,1,ma,2,spb,econman,log,8.8,79,17
19864,2,ma,2,spb,econman,log,8.7,91,26
19865,1,ma,2,spb,econman,log,8.1,223,45
19866,1,ma,2,spb,econman,log,8.5,106,20
19867,2,ma,2,spb,econman,log,8.3,303,43
19868,1,ma,1,spb,econman,mt,9.8,211,18
19869,2,ma,1,spb,econman,mt,9.5,286,17
19870,1,ma,1,spb,econman,mt,9.5,363,21
19871,1,ma,1,spb,econman,mt,9,138,9
19872,1,ma,1,spb,econman,mt,9,817,37
19873,1,ma,1,spb,econman,mt,9,226,28
19874,1,ma,1,spb,econman,mt,9,456,140
19875,2,ma,1,spb,econman,mt,9,240,40
19876,0,ma,1,spb,econman,mt,9,0,0
19877,1,ma,1,spb,econman,mt,9,157,19
19878,2,ma,1,spb,econman,mt,8.8,765,21
19879,1,ma,1,spb,econman,mt,8.8,349,3
19880,1,ma,1,spb,econman,mt,9,76,20
19881,1,ma,1,spb,econman,mt,8.8,140,24
19882,1,ma,1,spb,econman,mt,8.5,752,66
19883,2,ma,1,spb,econman,mt,8.5,328,85
19884,2,ma,1,spb,econman,mt,8.5,59,48
19885,1,ma,1,spb,econman,mt,8.3,386,98
19886,1,ma,1,spb,econman,mt,8.5,204,25
19887,1,ma,1,spb,econman,mt,8.5,190,32
19888,1,ma,1,spb,econman,mt,8.2,323,23
19889,2,ma,1,spb,econman,mt,7.2,233,36
19890,1,ma,1,spb,econman,mt,8.5,189,25
19891,1,ma,1,spb,econman,mt,8.2,303,23
19892,0,ma,1,spb,econman,mt,8,0,0
19893,1,ma,1,spb,econman,mt,8,245,19
19894,2,ma,2,spb,econman,mt,9,278,18
19895,1,ma,2,spb,econman,mt,9,135,31
19896,1,ma,2,spb,econman,mt,9,179,24
19897,1,ma,2,spb,econman,mt,8.6,521,36
19898,1,ma,2,spb,econman,mt,8.4,378,29
19899,1,ma,2,spb,econman,mt,8.2,505,17
19900,1,ma,2,spb,econman,mt,8,224,37
19901,1,ma,2,spb,econman,mt,8,415,19
19902,1,ma,2,spb,econman,mt,7.8,140,25
19903,2,ma,2,spb,econman,mt,7.8,149,50
19904,0,ma,2,spb,econman,mt,7.4,0,0
19905,1,ma,2,spb,econman,mt,7.6,256,17
19906,1,ma,2,spb,econman,mt,7.4,134,28
19907,1,ma,2,spb,econman,mt,7,361,33
19908,1,ma,2,spb,econman,mt,7.2,464,60
19909,1,ma,2,spb,econman,mt,6.6,395,23
19910,0,ma,2,spb,econman,mt,6.2,0,0
19911,2,ma,2,spb,econman,mt,6,599,82
19912,1,ma,2,spb,econman,mt,5.8,0,0
19913,1,ma,2,spb,econman,mt,5.8,269,12
19914,1,ma,2,spb,econman,mt,5.6,593,26
19915,0,ma,2,spb,econman,mt,7,0,0
19916,1,ma,2,spb,econman,mt,0,91,29
19917,1,ma,1,spb,econman,tourism,9,285,27
19918,1,ma,1,spb,econman,tourism,8.8,238,21
19919,1,ma,1,spb,econman,tourism,9,252,25
19920,0,ma,1,spb,econman,tourism,8.5,0,0
19921,1,ma,1,spb,econman,tourism,8.5,242,41
19922,1,ma,1,spb,econman,tourism,8.3,158,27
19923,1,ma,1,spb,econman,tourism,8.3,642,21
19924,1,ma,1,spb,econman,tourism,8.2,516,19
19925,0,ma,1,spb,econman,tourism,8.2,0,0
19926,2,ma,1,spb,econman,tourism,8,139,47
19927,1,ma,1,spb,econman,tourism,8.5,395,50
19928,1,ma,1,spb,econman,tourism,7.8,353,20
19929,1,ma,1,spb,econman,tourism,8.3,204,32
19930,1,ma,1,spb,econman,tourism,7.8,648,12
19931,1,ma,1,spb,econman,tourism,7.7,148,53
19932,1,ma,1,spb,econman,tourism,7.8,238,41
19933,1,ma,1,spb,econman,tourism,8.3,463,74
19934,1,ma,1,spb,econman,tourism,7.7,241,31
19935,2,ma,1,spb,econman,tourism,8,265,28
19936,1,ma,1,spb,econman,tourism,7.5,89,16
19937,0,ma,1,spb,econman,tourism,7.8,0,0
19938,1,ma,1,spb,econman,tourism,7.2,366,55
19939,1,ma,2,spb,econman,tourism,9.2,490,35
19940,1,ma,2,spb,econman,tourism,9,167,13
19941,1,ma,2,spb,econman,tourism,8.6,188,12
19942,2,ma,2,spb,econman,tourism,8.6,146,23
19943,1,ma,2,spb,econman,tourism,8.4,137,21
19944,1,ma,2,spb,econman,tourism,8.2,219,22
19945,1,ma,2,spb,econman,tourism,8.2,144,16
19946,1,ma,2,spb,econman,tourism,7.8,188,11
19947,0,ma,2,spb,econman,tourism,7.6,0,0
19948,1,ma,2,spb,econman,tourism,7.4,214,13
19949,1,ma,2,spb,econman,tourism,7.2,353,11
19950,2,ma,1,spb,socialhum,apphist,10,178,11
19951,0,ma,1,spb,socialhum,apphist,9.8,0,0
19952,2,ma,1,spb,socialhum,apphist,9.8,97,47
19953,0,ma,1,spb,socialhum,apphist,9.7,0,0
19954,2,ma,1,spb,socialhum,apphist,9.6,162,42
19955,1,ma,1,spb,socialhum,apphist,9.5,645,26
19956,0,ma,1,spb,socialhum,apphist,9.4,0,0
19957,0,ma,1,spb,socialhum,apphist,9.2,0,0
19958,1,ma,1,spb,socialhum,apphist,9.2,110,49
19959,1,ma,1,spb,socialhum,apphist,9.2,315,41
19960,2,ma,1,spb,socialhum,apphist,9,51,31
19961,1,ma,1,spb,socialhum,apphist,8.8,427,21
19962,1,ma,1,spb,socialhum,apphist,8.8,148,16
19963,0,ma,1,spb,socialhum,apphist,8.8,0,0
19964,1,ma,1,spb,socialhum,apphist,8.2,234,15
19965,0,ma,1,spb,socialhum,apphist,8,0,0
19966,1,ma,1,spb,socialhum,apphist,7.2,157,13
19967,2,ma,1,spb,socialhum,apphist,7.2,136,32
19968,2,ma,1,spb,socialhum,apphist,7,139,7
19969,0,ma,1,spb,socialhum,apphist,7,0,0
19970,1,ma,1,spb,socialhum,apphist,6.4,478,28
19971,2,ma,1,spb,socialhum,apphist,6.4,253,16
19972,0,ma,1,spb,socialhum,apphist,0,0,0
19973,1,ma,1,spb,socialhum,gmu,9.7,110,23
19974,1,ma,1,spb,socialhum,gmu,9.3,455,33
19975,1,ma,1,spb,socialhum,gmu,9,149,25
19976,2,ma,1,spb,socialhum,gmu,9,168,19
19977,1,ma,1,spb,socialhum,gmu,9,184,26
19978,2,ma,1,spb,socialhum,gmu,8.7,242,28
19979,1,ma,1,spb,socialhum,gmu,8.7,95,29
19980,2,ma,1,spb,socialhum,gmu,8.7,91,8
19981,1,ma,1,spb,socialhum,gmu,8.7,303,44
19982,1,ma,1,spb,socialhum,gmu,8.3,3002,61
19983,0,ma,1,spb,socialhum,gmu,8.3,0,0
19984,2,ma,1,spb,socialhum,gmu,8.3,69,16
19985,2,ma,1,spb,socialhum,gmu,8.3,188,25
19986,2,ma,1,spb,socialhum,gmu,8.3,412,21
19987,1,ma,1,spb,socialhum,gmu,8.3,293,26
19988,1,ma,1,spb,socialhum,gmu,8,462,29
19989,2,ma,1,spb,socialhum,gmu,8,232,40
19990,1,ma,1,spb,socialhum,gmu,8,135,15
19991,1,ma,1,spb,socialhum,gmu,8,122,17
19992,1,ma,1,spb,socialhum,gmu,8,219,69
19993,0,ma,1,spb,socialhum,gmu,7.7,0,0
19994,1,ma,1,spb,socialhum,gmu,7.7,329,62
19995,1,ma,1,spb,socialhum,gmu,7.3,173,16
19996,0,ma,1,spb,socialhum,gmu,7.3,0,0
19997,2,ma,1,spb,socialhum,gmu,5.7,974,20
19998,1,ma,2,spb,socialhum,gmu,9.5,942,77
19999,1,ma,2,spb,socialhum,gmu,9,310,25
20000,0,ma,2,spb,socialhum,gmu,8.7,0,0
20001,1,ma,2,spb,socialhum,gmu,8.8,145,16
20002,1,ma,2,spb,socialhum,gmu,8.7,111,0
20003,2,ma,2,spb,socialhum,gmu,8.5,67,17
20004,1,ma,2,spb,socialhum,gmu,8,204,13
20005,2,ma,2,spb,socialhum,gmu,7.8,196,14
20006,1,ma,2,spb,socialhum,gmu,7.8,91,8
20007,1,ma,2,spb,socialhum,gmu,7.7,112,12
20008,1,ma,2,spb,socialhum,gmu,7.2,444,13
20009,1,ma,2,spb,socialhum,gmu,6.8,459,33
20010,1,ma,2,spb,socialhum,gmu,6.3,161,21
20011,1,ma,2,spb,socialhum,gmu,6,383,10
20012,2,ma,2,spb,socialhum,gmu,5.7,331,56
20013,1,ma,2,spb,socialhum,gmu,5.5,230,23
20014,2,ma,1,spb,socialhum,msa,9.3,264,41
20015,2,ma,1,spb,socialhum,msa,9.2,55,29
20016,1,ma,1,spb,socialhum,msa,9.2,127,63
20017,2,ma,1,spb,socialhum,msa,8.8,210,62
20018,1,ma,1,spb,socialhum,msa,8.5,563,34
20019,1,ma,1,spb,socialhum,msa,8.2,290,23
20020,2,ma,1,spb,socialhum,msa,7.8,201,32
20021,1,ma,1,spb,socialhum,msa,8,283,15
20022,2,ma,1,spb,socialhum,msa,8,163,70
20023,1,ma,1,spb,socialhum,msa,8,456,49
20024,2,ma,1,spb,socialhum,msa,7.8,650,55
20025,1,ma,1,spb,socialhum,msa,7.8,110,22
20026,1,ma,1,spb,socialhum,msa,7.7,295,44
20027,1,ma,1,spb,socialhum,msa,7.8,298,19
20028,1,ma,1,spb,socialhum,msa,7.8,239,28
20029,1,ma,1,spb,socialhum,msa,7.4,97,41
20030,1,ma,1,spb,socialhum,msa,7.4,375,26
20031,2,ma,1,spb,socialhum,msa,7.5,105,19
20032,1,ma,1,spb,socialhum,msa,7,358,15
20033,1,ma,1,spb,socialhum,msa,7.2,308,28
20034,1,ma,1,spb,socialhum,msa,7.3,287,26
20035,1,ma,1,spb,socialhum,msa,7,327,55
20036,1,ma,1,spb,socialhum,msa,7,0,0
20037,2,ma,1,spb,socialhum,msa,6.8,279,23
20038,1,ma,1,spb,socialhum,msa,7,347,59
20039,1,ma,1,spb,socialhum,msa,6.5,502,41
20040,1,ma,1,spb,socialhum,msa,6.6,79,26
20041,1,ma,1,spb,socialhum,msa,6.7,344,32
20042,1,ma,1,spb,socialhum,msa,6.2,525,54
20043,2,ma,1,spb,socialhum,msa,6.2,36,15
20044,1,ma,1,spb,socialhum,msa,6.2,220,32
20045,0,ma,1,spb,socialhum,msa,4,0,0
20046,1,ma,2,spb,socialhum,msa,9.5,245,24
20047,2,ma,2,spb,socialhum,msa,9.2,374,74
20048,2,ma,2,spb,socialhum,msa,9.2,475,33
20049,1,ma,2,spb,socialhum,msa,9.2,349,22
20050,0,ma,2,spb,socialhum,msa,9,0,0
20051,1,ma,2,spb,socialhum,msa,9,125,35
20052,1,ma,2,spb,socialhum,msa,8.8,171,32
20053,1,ma,2,spb,socialhum,msa,8.5,327,32
20054,2,ma,2,spb,socialhum,msa,8.5,468,38
20055,1,ma,2,spb,socialhum,msa,8.5,277,28
20056,1,ma,2,spb,socialhum,msa,8.4,275,21
20057,1,ma,2,spb,socialhum,msa,8.2,189,23
20058,0,ma,2,spb,socialhum,msa,8,0,0
20059,1,ma,2,spb,socialhum,msa,7.8,204,21
20060,2,ma,2,spb,socialhum,msa,7.2,225,32
20061,1,ma,2,spb,socialhum,msa,5.4,389,27
20062,1,ma,2,spb,socialhum,msa,5.5,309,31
20063,1,ma,1,spb,socialhum,pm,9.4,106,33
20064,2,ma,1,spb,socialhum,pm,8.6,123,22
20065,1,ma,1,spb,socialhum,pm,8.2,228,27
20066,1,ma,1,spb,socialhum,pm,8,122,23
20067,1,ma,1,spb,socialhum,pm,8,239,29
20068,1,ma,1,spb,socialhum,pm,7.8,445,24
20069,1,ma,1,spb,socialhum,pm,7.8,228,17
20070,2,ma,1,spb,socialhum,pm,7.8,361,24
20071,1,ma,1,spb,socialhum,pm,7.4,287,34
20072,2,ma,1,spb,socialhum,pm,7.2,119,27
20073,1,ma,1,spb,socialhum,pm,7.2,333,17
20074,1,ma,1,spb,socialhum,pm,7.2,226,34
20075,0,ma,1,spb,socialhum,pm,7.2,0,0
20076,1,ma,1,spb,socialhum,pm,7,421,16
20077,1,ma,1,spb,socialhum,pm,7,130,17
20078,1,ma,1,spb,socialhum,pm,7,255,16
20079,1,ma,1,spb,socialhum,pm,6.8,297,24
20080,2,ma,1,spb,socialhum,pm,6.4,119,16
20081,2,ma,1,spb,socialhum,pm,6,320,6
20082,1,ma,1,spb,socialhum,pm,5.4,361,13
20083,2,ma,2,spb,socialhum,pm,9.5,125,17
20084,1,ma,2,spb,socialhum,pm,9.1,293,46
20085,1,ma,2,spb,socialhum,pm,9,1281,33
20086,1,ma,2,spb,socialhum,pm,8.8,94,20
20087,1,ma,2,spb,socialhum,pm,8.5,242,16
20088,0,ma,2,spb,socialhum,pm,8.7,0,0
20089,1,ma,2,spb,socialhum,pm,8.2,801,28
20090,1,ma,2,spb,socialhum,pm,8.2,59,16
20091,2,ma,2,spb,socialhum,pm,8.2,767,56
20092,1,ma,2,spb,socialhum,pm,8,163,23
20093,1,ma,2,spb,socialhum,pm,8,150,20
20094,1,ma,2,spb,socialhum,pm,8,142,20
20095,1,ma,2,spb,socialhum,pm,7.8,181,25
20096,1,ma,2,spb,socialhum,pm,7.8,359,23
20097,2,ma,2,spb,socialhum,pm,7.8,283,23
20098,1,ma,2,spb,socialhum,pm,7.8,313,26
20099,1,ma,2,spb,socialhum,pm,7.7,71,12
20100,2,ma,2,spb,socialhum,pm,7,1586,144
20101,2,ma,2,spb,socialhum,pm,7,283,21
20102,2,ma,2,spb,socialhum,pm,6.8,98,8
20103,0,ma,1,spb,socialhum,eduman,9.5,0,0
20104,1,ma,1,spb,socialhum,eduman,9,174,3
20105,1,ma,1,spb,socialhum,eduman,9,363,8
20106,1,ma,1,spb,socialhum,eduman,9,53,7
20107,0,ma,1,spb,socialhum,eduman,9,0,0
20108,1,ma,1,spb,socialhum,eduman,9,380,10
20109,0,ma,1,spb,socialhum,eduman,9,0,0
20110,2,ma,1,spb,socialhum,eduman,8.5,381,9
20111,1,ma,1,spb,socialhum,eduman,8.5,429,1
20112,1,ma,1,spb,socialhum,eduman,8.5,85,7
20113,1,ma,1,spb,socialhum,eduman,8.5,5,2
20114,1,ma,1,spb,socialhum,eduman,8.5,225,28
20115,2,ma,1,spb,socialhum,eduman,8.5,261,4
20116,1,ma,1,spb,socialhum,eduman,8.5,472,8
20117,1,ma,1,spb,socialhum,eduman,8,153,2
20118,0,ma,1,spb,socialhum,eduman,8,0,0
20119,1,ma,1,spb,socialhum,eduman,8,102,5
20120,1,ma,1,spb,socialhum,eduman,8,185,4
20121,1,ma,1,spb,socialhum,eduman,7.5,226,10
20122,1,ma,1,spb,socialhum,eduman,7.5,382,10
20123,0,ma,1,spb,socialhum,eduman,7,0,0
20124,0,ma,1,spb,socialhum,eduman,7,0,0
20125,0,ma,1,spb,socialhum,eduman,7,0,0
20126,2,ma,1,spb,socialhum,eduman,0,262,4
20127,1,ma,2,spb,socialhum,eduman,9.3,447,17
20128,2,ma,2,spb,socialhum,eduman,9.3,195,15
20129,1,ma,2,spb,socialhum,eduman,9,398,18
20130,1,ma,2,spb,socialhum,eduman,8.7,659,14
20131,1,ma,2,spb,socialhum,eduman,8.7,19,9
20132,1,ma,2,spb,socialhum,eduman,8.7,452,15
20133,1,ma,2,spb,socialhum,eduman,8.3,310,17
20134,1,ma,2,spb,socialhum,eduman,8.3,115,12
20135,0,ma,2,spb,socialhum,eduman,8.3,0,0
20136,1,ma,2,spb,socialhum,eduman,7.7,426,13
20137,1,ma,2,spb,socialhum,eduman,7.7,74,8
20138,1,ma,2,spb,socialhum,eduman,7.7,213,9
20139,1,ma,2,spb,socialhum,eduman,6.7,136,16
20140,2,ma,2,spb,socialhum,eduman,6.7,500,11
20141,0,ma,2,spb,socialhum,eduman,6.3,0,0
20142,1,ma,2,spb,socialhum,eduman,6.3,472,13
20143,2,ma,2,spb,socialhum,eduman,6.3,583,17
20144,1,ma,2,spb,socialhum,eduman,6,823,16
20145,1,ma,2,spb,socialhum,eduman,5.7,356,16
20146,1,ma,2,spb,socialhum,eduman,4.5,174,9
20147,1,ma,2,spb,socialhum,eduman,4,524,15
20148,1,ma,1,spb,law,advokat,9.4,80,19
20149,1,ma,1,spb,law,advokat,9.1,264,37
20150,1,ma,1,spb,law,advokat,8.9,196,41
20151,2,ma,1,spb,law,advokat,8.4,235,29
20152,1,ma,1,spb,law,advokat,8.4,109,15
20153,1,ma,1,spb,law,advokat,8.3,239,35
20154,2,ma,1,spb,law,advokat,8,78,20
20155,1,ma,1,spb,law,advokat,8.1,232,44
20156,1,ma,1,spb,law,advokat,8.4,70,12
20157,1,ma,1,spb,law,advokat,7.9,175,29
20158,0,ma,1,spb,law,advokat,8.1,0,0
20159,2,ma,1,spb,law,advokat,8.3,135,19
20160,1,ma,1,spb,law,advokat,8.1,220,26
20161,1,ma,1,spb,law,advokat,7.6,212,20
20162,1,ma,1,spb,law,advokat,8.1,101,29
20163,2,ma,1,spb,law,advokat,7.9,298,11
20164,2,ma,1,spb,law,advokat,7.3,563,67
20165,1,ma,1,spb,law,advokat,7.3,66,21
20166,1,ma,1,spb,law,advokat,7.3,172,30
20167,1,ma,1,spb,law,advokat,7.3,464,15
20168,2,ma,1,spb,law,advokat,7.1,303,13
20169,1,ma,1,spb,law,advokat,7.4,34,17
20170,1,ma,1,spb,law,advokat,7.3,192,17
20171,1,ma,1,spb,law,advokat,7.1,346,50
20172,1,ma,1,spb,law,advokat,6.7,165,6
20173,0,ma,1,spb,law,advokat,7.1,0,0
20174,1,ma,1,spb,law,advokat,7.3,383,70
20175,1,ma,1,spb,law,advokat,7.1,446,12
20176,2,ma,1,spb,law,advokat,6.7,161,20
20177,1,ma,1,spb,law,advokat,6.7,175,5
20178,1,ma,1,spb,law,advokat,7,428,70
20179,0,ma,1,spb,law,advokat,6.7,0,0
20180,0,ma,1,spb,law,advokat,6.9,0,0
20181,1,ma,1,spb,law,advokat,6.6,368,56
20182,1,ma,1,spb,law,advokat,6.4,164,17
20183,1,ma,1,spb,law,advokat,6.6,203,38
20184,2,ma,1,spb,law,advokat,6.6,177,20
20185,1,ma,1,spb,law,advokat,6.4,80,10
20186,1,ma,1,spb,law,advokat,6.6,80,14
20187,1,ma,1,spb,law,advokat,6.3,94,31
20188,2,ma,1,spb,law,advokat,6.3,58,7
20189,0,ma,1,spb,law,advokat,6,0,0
20190,1,ma,1,spb,law,advokat,6.3,99,10
20191,2,ma,1,spb,law,advokat,6.1,163,28
20192,0,ma,1,spb,law,advokat,6.1,0,0
20193,1,ma,1,spb,law,advokat,6,167,16
20194,1,ma,1,spb,law,advokat,6,99,7
20195,1,ma,1,spb,law,advokat,6.3,152,36
20196,1,ma,1,spb,law,advokat,5.9,113,4
20197,2,ma,1,spb,law,advokat,6.1,294,26
20198,1,ma,1,spb,law,advokat,5.4,69,12
20199,1,ma,2,spb,law,advokat,8.7,178,6
20200,1,ma,2,spb,law,advokat,8,197,14
20201,1,ma,2,spb,law,advokat,8.3,91,6
20202,0,ma,2,spb,law,advokat,8.3,0,0
20203,2,ma,2,spb,law,advokat,8,52,7
20204,1,ma,2,spb,law,advokat,7.3,134,10
20205,0,ma,2,spb,law,advokat,7.3,0,0
20206,2,ma,2,spb,law,advokat,7,63,13
20207,1,ma,2,spb,law,advokat,7.3,307,7
20208,0,ma,2,spb,law,advokat,6.3,0,0
20209,1,ma,2,spb,law,advokat,6.7,1,0
20210,1,ma,2,spb,law,advokat,5.7,250,10
20211,2,ma,2,spb,law,advokat,5.7,252,51
20212,0,ma,2,spb,law,advokat,5.3,0,0
20213,1,ma,2,spb,law,advokat,4.7,223,6
20214,1,ma,2,spb,law,advokat,5.5,354,6
20215,2,ma,1,nn,math_and_cs,data,9.3,92,45
20216,2,ma,1,nn,math_and_cs,bi,9,342,33
20217,1,ma,1,nn,math_and_cs,data,9,250,72
20218,2,ma,1,nn,math_and_cs,bi,8.7,144,40
20219,2,ma,1,nn,math_and_cs,data,8.7,556,81
20220,2,ma,1,nn,math_and_cs,data,8.7,183,28
20221,1,ma,1,nn,math_and_cs,data,8.7,285,40
20222,2,ma,1,nn,math_and_cs,data,8.6,160,37
20223,1,ma,1,nn,math_and_cs,data,8.4,143,28
20224,0,ma,1,nn,math_and_cs,data,8.4,0,0
20225,1,ma,1,nn,math_and_cs,bi,8.3,113,32
20226,2,ma,1,nn,math_and_cs,data,8.3,327,71
20227,0,ma,1,nn,math_and_cs,data,8.3,0,0
20228,0,ma,1,nn,math_and_cs,data,8.3,0,0
20229,2,ma,1,nn,math_and_cs,data,8.3,176,26
20230,1,ma,1,nn,math_and_cs,data,8.2,482,27
20231,1,ma,1,nn,math_and_cs,bi,8,80,26
20232,2,ma,1,nn,math_and_cs,data,8.1,259,25
20233,1,ma,1,nn,math_and_cs,bi,8,250,41
20234,1,ma,1,nn,math_and_cs,bi,8,154,15
20235,2,ma,1,nn,math_and_cs,data,7.9,308,5
20236,2,ma,1,nn,math_and_cs,data,7.8,153,27
20237,1,ma,1,nn,math_and_cs,bi,7.7,317,40
20238,1,ma,1,nn,math_and_cs,bi,7.7,378,58
20239,2,ma,1,nn,math_and_cs,data,7.6,120,21
20240,1,ma,1,nn,math_and_cs,data,7.7,87,26
20241,0,ma,1,nn,math_and_cs,data,7.7,0,0
20242,1,ma,1,nn,math_and_cs,data,7.4,103,40
20243,1,ma,1,nn,math_and_cs,bi,7.3,234,16
20244,2,ma,1,nn,math_and_cs,data,7.4,284,114
20245,2,ma,1,nn,math_and_cs,data,7.4,131,28
20246,1,ma,1,nn,math_and_cs,bi,7.3,396,45
20247,1,ma,1,nn,math_and_cs,bi,7.3,761,45
20248,1,ma,1,nn,math_and_cs,bi,7.3,126,38
20249,2,ma,1,nn,math_and_cs,bi,7.3,188,43
20250,1,ma,1,nn,math_and_cs,data,7.3,273,30
20251,1,ma,1,nn,math_and_cs,bi,7,134,19
20252,2,ma,1,nn,math_and_cs,bi,7,176,79
20253,2,ma,1,nn,math_and_cs,data,7,4,3
20254,2,ma,1,nn,math_and_cs,bi,6.7,101,10
20255,2,ma,1,nn,math_and_cs,bi,6.7,26,13
20256,1,ma,1,nn,math_and_cs,bi,6.7,198,15
20257,0,ma,1,nn,math_and_cs,bi,6.7,0,0
20258,2,ma,1,nn,math_and_cs,data,6.3,1173,167
20259,2,ma,1,nn,math_and_cs,data,6.3,90,26
20260,2,ma,1,nn,math_and_cs,data,6,205,13
20261,1,ma,1,nn,math_and_cs,bi,5.7,236,44
20262,2,ma,1,nn,math_and_cs,data,5.2,375,58
20263,2,ma,2,nn,math_and_cs,bi,9.4,271,70
20264,1,ma,2,nn,math_and_cs,bi,9.2,455,72
20265,0,ma,2,nn,math_and_cs,bi,9.2,0,0
20266,1,ma,2,nn,math_and_cs,data,9,97,12
20267,2,ma,2,nn,math_and_cs,data,9,118,59
20268,1,ma,2,nn,math_and_cs,data,9,177,64
20269,1,ma,2,nn,math_and_cs,data,8.8,273,35
20270,1,ma,2,nn,math_and_cs,bi,9,141,50
20271,2,ma,2,nn,math_and_cs,data,8.8,372,63
20272,2,ma,2,nn,math_and_cs,data,8.8,174,23
20273,2,ma,2,nn,math_and_cs,data,8.6,178,38
20274,1,ma,2,nn,math_and_cs,data,8.6,310,56
20275,1,ma,2,nn,math_and_cs,data,8.6,148,10
20276,1,ma,2,nn,math_and_cs,bi,8.4,325,54
20277,2,ma,2,nn,math_and_cs,data,8.4,196,43
20278,2,ma,2,nn,math_and_cs,data,8,193,36
20279,2,ma,2,nn,math_and_cs,data,8.2,255,29
20280,2,ma,2,nn,math_and_cs,bi,8,60,20
20281,1,ma,2,nn,math_and_cs,bi,7.8,106,27
20282,1,ma,2,nn,math_and_cs,bi,7.8,259,25
20283,2,ma,2,nn,math_and_cs,bi,7.6,75,24
20284,1,ma,2,nn,math_and_cs,bi,7.6,267,12
20285,0,ma,2,nn,math_and_cs,data,7.2,0,0
20286,2,ma,2,nn,math_and_cs,bi,7.2,522,59
20287,2,ma,2,nn,math_and_cs,data,6.6,106,27
20288,2,ma,2,nn,math_and_cs,bi,6.6,68,32
20289,2,ma,2,nn,math_and_cs,bi,6,90,33
20290,1,ma,2,nn,math_and_cs,data,5.8,413,46
20291,1,ma,2,nn,math_and_cs,data,5.8,498,95
20292,1,ma,2,nn,math_and_cs,data,5.2,236,16
20293,1,ma,1,nn,economics,economics,10,391,50
20294,1,ma,1,nn,economics,economics,10,325,73
20295,1,ma,1,nn,economics,economics,9.7,306,84
20296,1,ma,1,nn,economics,economics,9.3,119,43
20297,1,ma,1,nn,economics,economics,9.4,205,37
20298,1,ma,1,nn,economics,economics,8.3,437,123
20299,0,ma,1,nn,economics,economics,8.6,0,0
20300,1,ma,1,nn,economics,economics,7.6,211,18
20301,1,ma,1,nn,economics,economics,7.7,186,50
20302,2,ma,1,nn,economics,economics,7.7,107,27
20303,0,ma,1,nn,economics,economics,8.4,0,0
20304,1,ma,1,nn,economics,economics,7.3,264,63
20305,1,ma,1,nn,economics,economics,7.3,270,40
20306,1,ma,1,nn,economics,economics,7.3,146,43
20307,0,ma,1,nn,economics,economics,7.6,0,0
20308,0,ma,1,nn,economics,economics,7.2,0,0
20309,1,ma,1,nn,economics,economics,7,429,99
20310,1,ma,1,nn,economics,economics,7,211,13
20311,0,ma,1,nn,economics,economics,7.6,0,0
20312,2,ma,1,nn,economics,economics,6.2,67,10
20313,0,ma,1,nn,economics,economics,6.4,0,0
20314,1,ma,1,nn,economics,economics,6.3,91,27
20315,1,ma,1,nn,economics,economics,6.3,402,51
20316,2,ma,1,nn,economics,economics,6,183,39
20317,2,ma,1,nn,economics,economics,6.2,636,157
20318,2,ma,1,nn,economics,economics,5.8,1140,35
20319,2,ma,1,nn,economics,economics,5.7,305,43
20320,2,ma,1,nn,economics,economics,5,270,40
20321,1,ma,2,nn,economics,economics,10,314,61
20322,1,ma,2,nn,economics,economics,9.8,218,70
20323,1,ma,2,nn,economics,economics,9.8,130,48
20324,1,ma,2,nn,economics,economics,9.6,151,28
20325,1,ma,2,nn,economics,economics,9.4,438,67
20326,2,ma,2,nn,economics,economics,7.6,571,77
20327,2,ma,2,nn,economics,economics,7,62,18
20328,2,ma,2,nn,economics,economics,7,247,67
20329,1,ma,2,nn,economics,economics,6.4,91,23
20330,2,ma,2,nn,economics,economics,6,454,53
20331,1,ma,2,nn,economics,economics,5.6,361,43
20332,2,ma,2,nn,economics,economics,5.6,306,22
20333,1,ma,2,nn,economics,economics,5.4,251,14
20334,1,ma,2,nn,economics,economics,5.4,484,46
20335,2,ma,2,nn,economics,economics,5.2,373,63
20336,0,ma,2,nn,economics,economics,5,0,0
20337,0,ma,2,nn,economics,economics,4.8,0,0
20338,0,ma,1,nn,economics,finance,9.7,0,0
20339,1,ma,1,nn,economics,finance,9.7,246,75
20340,0,ma,1,nn,economics,finance,9.3,0,0
20341,1,ma,1,nn,economics,finance,9.3,379,86
20342,1,ma,1,nn,economics,finance,9.4,445,18
20343,0,ma,1,nn,economics,finance,8.7,0,0
20344,1,ma,1,nn,economics,finance,8.7,394,135
20345,1,ma,1,nn,economics,finance,8.7,473,93
20346,1,ma,1,nn,economics,finance,8.7,105,39
20347,1,ma,1,nn,economics,finance,8.7,147,39
20348,1,ma,1,nn,economics,finance,8.6,324,42
20349,1,ma,1,nn,economics,finance,8.2,222,58
20350,1,ma,1,nn,economics,finance,8.3,132,53
20351,1,ma,1,nn,economics,finance,8.2,80,22
20352,1,ma,1,nn,economics,finance,8.3,404,50
20353,2,ma,1,nn,economics,finance,8.4,605,40
20354,2,ma,1,nn,economics,finance,8,182,71
20355,1,ma,1,nn,economics,finance,8,132,34
20356,1,ma,1,nn,economics,finance,8.2,210,0
20357,0,ma,1,nn,economics,finance,7.8,0,0
20358,1,ma,1,nn,economics,finance,7.5,582,266
20359,1,ma,1,nn,economics,finance,7.7,402,57
20360,1,ma,1,nn,economics,finance,7.6,130,21
20361,1,ma,1,nn,economics,finance,7.3,93,32
20362,1,ma,1,nn,economics,finance,7.6,465,119
20363,2,ma,1,nn,economics,finance,7,198,45
20364,1,ma,1,nn,economics,finance,7.6,250,44
20365,1,ma,1,nn,economics,finance,7,165,49
20366,2,ma,1,nn,economics,finance,7,744,90
20367,1,ma,1,nn,economics,finance,7,447,67
20368,2,ma,1,nn,economics,finance,7.4,202,31
20369,2,ma,1,nn,economics,finance,6.7,107,37
20370,1,ma,1,nn,economics,finance,6.7,191,36
20371,1,ma,1,nn,economics,finance,6.4,454,12
20372,1,ma,1,nn,economics,finance,6.3,402,74
20373,2,ma,1,nn,economics,finance,6.3,212,85
20374,2,ma,1,nn,economics,finance,6,218,90
20375,2,ma,1,nn,economics,finance,6,223,51
20376,2,ma,1,nn,economics,finance,5.7,370,71
20377,1,ma,1,nn,economics,finance,6,139,18
20378,1,ma,1,nn,economics,finance,5.7,134,33
20379,1,ma,1,nn,economics,finance,5.8,596,16
20380,1,ma,1,nn,economics,finance,5.6,273,21
20381,2,ma,1,nn,economics,finance,5.2,390,97
20382,2,ma,1,nn,economics,finance,5,155,46
20383,1,ma,2,nn,economics,finance,9.8,88,46
20384,1,ma,2,nn,economics,finance,9.2,175,43
20385,1,ma,2,nn,economics,finance,9.2,77,23
20386,1,ma,2,nn,economics,finance,9.4,100,29
20387,1,ma,2,nn,economics,finance,9.2,369,101
20388,0,ma,2,nn,economics,finance,9.2,0,0
20389,1,ma,2,nn,economics,finance,9,217,38
20390,1,ma,2,nn,economics,finance,8.6,99,33
20391,0,ma,2,nn,economics,finance,8.6,0,0
20392,0,ma,2,nn,economics,finance,8.2,0,0
20393,1,ma,2,nn,economics,finance,8.2,181,47
20394,1,ma,2,nn,economics,finance,8.2,499,11
20395,1,ma,2,nn,economics,finance,8,368,43
20396,1,ma,2,nn,economics,finance,8,90,30
20397,1,ma,2,nn,economics,finance,8.2,353,63
20398,1,ma,2,nn,economics,finance,7.8,417,49
20399,2,ma,2,nn,economics,finance,8,245,11
20400,1,ma,2,nn,economics,finance,8,139,27
20401,1,ma,2,nn,economics,finance,7.4,350,14
20402,1,ma,2,nn,economics,finance,7.6,218,43
20403,2,ma,2,nn,economics,finance,7.6,182,26
20404,1,ma,2,nn,economics,finance,7.4,234,33
20405,2,ma,2,nn,economics,finance,6.8,528,54
20406,0,ma,2,nn,economics,finance,6.8,0,0
20407,1,ma,2,nn,economics,finance,6.6,48,18
20408,1,ma,2,nn,economics,finance,6.4,459,32
20409,2,ma,2,nn,economics,finance,6.6,204,41
20410,1,ma,2,nn,economics,finance,6.2,331,5
20411,0,ma,2,nn,economics,finance,6,0,0
20412,2,ma,2,nn,economics,finance,6.4,190,38
20413,2,ma,2,nn,economics,finance,6,262,29
20414,2,ma,2,nn,economics,finance,5.8,261,48
20415,2,ma,2,nn,economics,finance,5.2,273,46
20416,2,ma,2,nn,economics,finance,5.2,760,59
20417,2,ma,2,nn,economics,finance,4.8,296,43
20418,1,ma,2,nn,economics,finance,7.5,277,39
20419,1,ma,2,nn,economics,finance,7.5,125,33
20420,2,ma,2,nn,economics,finance,4.4,310,6
20421,2,ma,1,nn,law,law,8.8,225,87
20422,2,ma,1,nn,law,law,8.8,71,23
20423,1,ma,1,nn,law,law,8.8,442,82
20424,2,ma,1,nn,law,law,8.6,174,53
20425,1,ma,1,nn,law,law,8.6,326,12
20426,1,ma,1,nn,law,law,8.6,134,30
20427,1,ma,1,nn,law,law,8.6,215,16
20428,2,ma,1,nn,law,law,8.4,164,28
20429,2,ma,1,nn,law,law,8.4,88,33
20430,0,ma,1,nn,law,law,8.4,0,0
20431,1,ma,1,nn,law,law,8.4,266,29
20432,1,ma,1,nn,law,law,8.2,134,36
20433,1,ma,1,nn,law,law,8.2,164,26
20434,1,ma,1,nn,law,law,8,214,27
20435,1,ma,1,nn,law,law,8,60,30
20436,0,ma,1,nn,law,law,8,0,0
20437,1,ma,1,nn,law,law,8,227,54
20438,1,ma,1,nn,law,law,8,203,25
20439,1,ma,1,nn,law,law,8,437,30
20440,1,ma,1,nn,law,law,7.8,1002,104
20441,2,ma,1,nn,law,law,7.8,308,23
20442,2,ma,1,nn,law,law,7.8,366,43
20443,1,ma,1,nn,law,law,7.8,104,31
20444,2,ma,1,nn,law,law,7.8,123,7
20445,1,ma,1,nn,law,law,7.8,1666,4
20446,1,ma,1,nn,law,law,7.6,105,30
20447,1,ma,1,nn,law,law,7.6,394,45
20448,1,ma,1,nn,law,law,7.6,125,24
20449,1,ma,1,nn,law,law,7.6,758,108
20450,1,ma,1,nn,law,law,7.6,103,24
20451,2,ma,1,nn,law,law,7.4,0,0
20452,1,ma,1,nn,law,law,7,406,5
20453,0,ma,1,nn,law,law,6.8,0,0
20454,1,ma,1,nn,law,law,6.8,502,36
20455,1,ma,1,nn,law,law,6.2,566,34
20456,0,ma,1,nn,law,law,5.8,0,0
20457,1,ma,2,nn,law,law,9.5,209,30
20458,1,ma,2,nn,law,law,9,179,25
20459,0,ma,2,nn,law,law,9,0,0
20460,1,ma,2,nn,law,law,9,507,110
20461,1,ma,2,nn,law,law,8.8,54,30
20462,1,ma,2,nn,law,law,8.8,186,16
20463,0,ma,2,nn,law,law,8.8,0,0
20464,1,ma,2,nn,law,law,8.8,419,33
20465,1,ma,2,nn,law,law,8.8,494,40
20466,1,ma,2,nn,law,law,8.8,207,17
20467,1,ma,2,nn,law,law,8.5,312,33
20468,1,ma,2,nn,law,law,8.5,247,6
20469,1,ma,2,nn,law,law,8.5,506,45
20470,1,ma,2,nn,law,law,8.2,234,20
20471,1,ma,2,nn,law,law,8.2,284,9
20472,2,ma,2,nn,law,law,8,475,13
20473,2,ma,2,nn,law,law,7,41,6
20474,2,ma,1,nn,humanities,pl,9.2,201,15
20475,1,ma,1,nn,humanities,pl,9,298,22
20476,0,ma,1,nn,humanities,pl,9,0,0
20477,1,ma,1,nn,humanities,pl,8.8,126,13
20478,1,ma,1,nn,humanities,pl,8.8,558,37
20479,1,ma,1,nn,humanities,pl,8.2,87,9
20480,1,ma,1,nn,humanities,pl,8.2,608,32
20481,1,ma,1,nn,humanities,pl,8.5,144,9
20482,1,ma,1,nn,humanities,pl,8.2,353,9
20483,0,ma,1,nn,humanities,pl,7.8,0,0
20484,1,ma,1,nn,humanities,pl,7.8,283,24
20485,2,ma,1,nn,humanities,pl,7.5,128,7
20486,1,ma,2,nn,humanities,pl,9.5,113,18
20487,1,ma,2,nn,humanities,pl,9.3,569,31
20488,1,ma,2,nn,humanities,pl,9.2,86,13
20489,1,ma,2,nn,humanities,pl,8.8,392,21
20490,1,ma,2,nn,humanities,pl,8.8,207,40
20491,1,ma,2,nn,humanities,pl,8.7,159,14
20492,1,ma,2,nn,humanities,pl,8.5,129,15
20493,1,ma,2,nn,humanities,pl,8.3,336,42
20494,1,ma,2,nn,humanities,pl,8.2,651,28
20495,1,ma,2,nn,humanities,pl,8.2,171,23
20496,1,ma,2,nn,humanities,pl,7.2,371,55
20497,0,ma,2,nn,humanities,pl,7.2,0,0
20498,1,ma,2,nn,humanities,pl,7.2,204,19
20499,1,ma,1,nn,management,marketing,9.5,452,0
20500,1,ma,1,nn,management,marketing,9,293,36
20501,1,ma,1,nn,management,man,9.3,347,74
20502,1,ma,1,nn,management,man,9,409,57
20503,1,ma,1,nn,management,marketing,9,308,45
20504,1,ma,1,nn,management,man,9,61,19
20505,1,ma,1,nn,management,man,9,796,265
20506,1,ma,1,nn,management,man,9,517,34
20507,1,ma,1,nn,management,man,9,183,31
20508,2,ma,1,nn,management,man,9,277,56
20509,1,ma,1,nn,management,man,8.9,0,0
20510,0,ma,1,nn,management,man,8.9,0,0
20511,2,ma,1,nn,management,man,8.7,362,82
20512,1,ma,1,nn,management,man,8.7,422,69
20513,1,ma,1,nn,management,man,8.7,513,158
20514,0,ma,1,nn,management,man,8.7,0,0
20515,2,ma,1,nn,management,man,8.2,200,2
20516,1,ma,1,nn,management,man,8.2,162,33
20517,2,ma,1,nn,management,marketing,9,391,76
20518,1,ma,1,nn,management,marketing,8.5,201,46
20519,1,ma,1,nn,management,marketing,8.7,346,51
20520,1,ma,1,nn,management,man,8.3,121,28
20521,0,ma,1,nn,management,man,8.3,0,0
20522,2,ma,1,nn,management,man,8.3,253,62
20523,0,ma,1,nn,management,man,8.2,0,0
20524,1,ma,1,nn,management,man,8,236,7
20525,2,ma,1,nn,management,man,7.8,1414,65
20526,2,ma,1,nn,management,marketing,8,0,0
20527,2,ma,1,nn,management,man,8,126,15
20528,0,ma,1,nn,management,man,8,0,0
20529,1,ma,1,nn,management,man,8,841,80
20530,2,ma,1,nn,management,man,7.8,305,40
20531,2,ma,1,nn,management,man,7.5,528,34
20532,0,ma,1,nn,management,man,7.5,0,0
20533,1,ma,1,nn,management,marketing,7.5,231,18
20534,0,ma,1,nn,management,man,7.7,0,0
20535,1,ma,1,nn,management,man,7.7,204,44
20536,2,ma,1,nn,management,man,7.7,405,159
20537,1,ma,1,nn,management,man,7.7,883,189
20538,2,ma,1,nn,management,man,7.7,136,6
20539,1,ma,1,nn,management,man,7.7,267,62
20540,1,ma,1,nn,management,man,7.7,313,32
20541,0,ma,1,nn,management,man,7.7,0,0
20542,1,ma,1,nn,management,man,7.7,242,32
20543,1,ma,1,nn,management,man,7.5,102,20
20544,2,ma,1,nn,management,man,7.2,303,59
20545,1,ma,1,nn,management,marketing,8.3,273,19
20546,1,ma,1,nn,management,marketing,7.5,1220,154
20547,1,ma,1,nn,management,marketing,7.5,150,30
20548,0,ma,1,nn,management,marketing,7.5,0,0
20549,0,ma,1,nn,management,man,7.5,0,0
20550,1,ma,1,nn,management,man,7.3,476,60
20551,1,ma,1,nn,management,man,7.3,164,8
20552,1,ma,1,nn,management,man,7.2,724,20
20553,1,ma,1,nn,management,man,7.2,183,10
20554,1,ma,1,nn,management,man,7,555,16
20555,1,ma,1,nn,management,marketing,7.3,376,29
20556,1,ma,1,nn,management,marketing,7.3,1144,38
20557,1,ma,1,nn,management,marketing,7.3,1083,20
20558,0,ma,1,nn,management,man,7.5,0,0
20559,0,ma,1,nn,management,man,7,0,0
20560,2,ma,1,nn,management,man,7,55,38
20561,1,ma,1,nn,management,man,7,276,43
20562,1,ma,1,nn,management,marketing,7,497,75
20563,1,ma,1,nn,management,man,7,473,3
20564,2,ma,1,nn,management,man,7,142,30
20565,1,ma,1,nn,management,marketing,7,238,22
20566,1,ma,1,nn,management,man,6.7,2042,352
20567,0,ma,1,nn,management,man,6.7,0,0
20568,1,ma,1,nn,management,man,6.7,148,16
20569,1,ma,1,nn,management,man,6.7,544,3
20570,0,ma,1,nn,management,man,6.7,0,0
20571,1,ma,1,nn,management,man,6.7,157,16
20572,1,ma,1,nn,management,man,6.7,566,49
20573,1,ma,1,nn,management,marketing,7,575,35
20574,2,ma,1,nn,management,marketing,6.7,278,37
20575,2,ma,1,nn,management,man,6.5,128,28
20576,2,ma,1,nn,management,man,6.3,189,62
20577,1,ma,1,nn,management,man,6.3,135,7
20578,0,ma,1,nn,management,man,6.2,0,0
20579,2,ma,1,nn,management,man,6.2,626,67
20580,1,ma,1,nn,management,marketing,6.7,662,27
20581,2,ma,1,nn,management,man,6.2,50,15
20582,2,ma,1,nn,management,man,5.3,1231,306
20583,0,ma,1,nn,management,man,5.3,0,0
20584,2,ma,1,nn,management,marketing,6,63,15
20585,1,ma,1,nn,management,man,5,326,34
20586,2,ma,1,nn,management,man,4.7,608,80
20587,2,ma,2,nn,management,man,9.8,277,25
20588,1,ma,2,nn,management,man,9.8,97,13
20589,1,ma,2,nn,management,man,9.2,177,60
20590,2,ma,2,nn,management,man,9.2,86,14
20591,1,ma,2,nn,management,man,9.2,1008,24
20592,1,ma,2,nn,management,man,9.2,211,47
20593,1,ma,2,nn,management,man,9,558,60
20594,1,ma,2,nn,management,man,9,312,52
20595,1,ma,2,nn,management,man,9,362,39
20596,1,ma,2,nn,management,man,9,521,58
20597,2,ma,2,nn,management,man,9,218,27
20598,1,ma,2,nn,management,man,9,186,32
20599,1,ma,2,nn,management,man,9,223,50
20600,1,ma,2,nn,management,man,8.8,655,38
20601,1,ma,2,nn,management,man,8.8,599,24
20602,2,ma,2,nn,management,man,8.8,107,24
20603,0,ma,2,nn,management,man,8.8,0,0
20604,1,ma,2,nn,management,man,8.8,275,32
20605,1,ma,2,nn,management,man,8.8,778,23
20606,0,ma,2,nn,management,man,8.8,0,0
20607,1,ma,2,nn,management,man,8.5,123,19
20608,1,ma,2,nn,management,man,8.5,270,35
20609,2,ma,2,nn,management,man,8.5,327,41
20610,2,ma,2,nn,management,man,8.5,195,58
20611,2,ma,2,nn,management,man,8.5,115,34
20612,1,ma,2,nn,management,marketing,8.5,344,46
20613,1,ma,2,nn,management,marketing,8.5,787,113
20614,0,ma,2,nn,management,marketing,8.5,0,0
20615,1,ma,2,nn,management,man,8.5,514,65
20616,0,ma,2,nn,management,man,8.5,0,0
20617,1,ma,2,nn,management,man,8.5,209,36
20618,0,ma,2,nn,management,man,8.5,0,0
20619,0,ma,2,nn,management,man,8.2,0,0
20620,2,ma,2,nn,management,man,8.2,107,31
20621,2,ma,2,nn,management,man,8.2,284,84
20622,1,ma,2,nn,management,man,8.2,375,12
20623,1,ma,2,nn,management,man,8,117,11
20624,1,ma,2,nn,management,man,8,415,86
20625,1,ma,2,nn,management,man,8,277,25
20626,1,ma,2,nn,management,man,8,588,16
20627,1,ma,2,nn,management,man,7.8,213,29
20628,2,ma,2,nn,management,man,7.8,548,89
20629,1,ma,2,nn,management,man,7.8,266,54
20630,2,ma,2,nn,management,man,7.8,10,7
20631,2,ma,2,nn,management,man,7.8,230,19
20632,1,ma,2,nn,management,marketing,7.8,529,48
20633,1,ma,2,nn,management,marketing,7.8,422,8
20634,1,ma,2,nn,management,marketing,7.8,261,47
20635,2,ma,2,nn,management,man,7.8,98,23
20636,2,ma,2,nn,management,man,7.8,188,16
20637,2,ma,2,nn,management,man,7.5,170,44
20638,1,ma,2,nn,management,man,7.5,108,18
20639,1,ma,2,nn,management,man,7.5,697,17
20640,2,ma,2,nn,management,man,7.5,534,56
20641,1,ma,2,nn,management,marketing,7.5,738,41
20642,1,ma,2,nn,management,marketing,7.5,533,49
20643,1,ma,2,nn,management,marketing,7.5,123,22
20644,2,ma,2,nn,management,marketing,7.5,178,52
20645,1,ma,2,nn,management,man,7.5,642,25
20646,2,ma,2,nn,management,man,7.2,206,32
20647,1,ma,2,nn,management,man,7.2,75,10
20648,0,ma,2,nn,management,man,7.2,0,0
20649,2,ma,2,nn,management,man,7.2,0,0
20650,2,ma,2,nn,management,man,7.2,391,71
20651,2,ma,2,nn,management,man,7.2,144,25
20652,1,ma,2,nn,management,marketing,7.2,176,26
20653,1,ma,2,nn,management,marketing,7.2,752,94
20654,1,ma,2,nn,management,man,7.2,288,29
20655,1,ma,2,nn,management,man,7,933,39
20656,2,ma,2,nn,management,man,7,0,0
20657,1,ma,2,nn,management,marketing,7,327,28
20658,1,ma,2,nn,management,man,7,62,17
20659,1,ma,2,nn,management,marketing,7,302,50
20660,1,ma,2,nn,management,man,7,485,24
20661,2,ma,2,nn,management,man,7,599,86
20662,2,ma,2,nn,management,man,6.8,188,49
20663,2,ma,2,nn,management,man,6.8,188,27
20664,2,ma,2,nn,management,man,6.8,253,57
20665,2,ma,2,nn,management,man,6.8,263,53
20666,1,ma,2,nn,management,marketing,6.8,466,26
20667,2,ma,2,nn,management,marketing,6.8,493,86
20668,2,ma,2,nn,management,man,6.5,712,36
20669,2,ma,2,nn,management,man,6.5,215,38
20670,1,ma,2,nn,management,marketing,6.5,580,86
20671,1,ma,2,nn,management,marketing,6.5,156,18
20672,2,ma,2,nn,management,marketing,6.2,369,41
20673,1,ma,2,nn,management,marketing,6.2,477,42
20674,2,ma,2,nn,management,man,6.2,72,14
20675,2,ma,2,nn,management,marketing,6,331,57
20676,2,ma,2,nn,management,man,6,3856,432
20677,1,ma,2,nn,management,man,5.8,394,24
20678,2,ma,2,nn,management,marketing,5.8,149,30
20679,1,ma,2,nn,management,man,5.8,109,9
20680,2,ma,2,nn,management,man,5.5,320,16
20681,1,ma,2,nn,management,man,5.2,664,59
20682,2,ma,2,nn,management,marketing,5,506,69
20683,2,ma,2,nn,management,man,4.8,3395,19
20684,1,ma,2,nn,management,marketing,0,292,63
